split,video,source_obj,model_folder
train,model00000.mp4,D:\scj\down_load\三七\建筑物模型\1.obj,model00000
train,model00001.mp4,D:\scj\down_load\三七\建筑物模型\2.obj,model00001
train,model00004.mp4,D:\scj\down_load\三七\建筑物模型\5.obj,model00004
train,model00005.mp4,D:\scj\down_load\三七\建筑物模型\6.obj,model00005
train,model00007.mp4,D:\scj\down_load\三七\建筑物模型\8.obj,model00007
train,model00008.mp4,D:\scj\down_load\三七\建筑物模型\9.obj,model00008
train,model00009.mp4,D:\scj\down_load\三七\建筑物模型\10.obj,model00009
train,model00011.mp4,D:\scj\down_load\三七\建筑物模型\12.obj,model00011
train,model00014.mp4,D:\scj\down_load\三七\建筑物模型\15.obj,model00014
train,model00016.mp4,D:\scj\down_load\三七\建筑物模型\17.obj,model00016
train,model00017.mp4,D:\scj\down_load\三七\建筑物模型\18.obj,model00017
train,model00018.mp4,D:\scj\down_load\三七\建筑物模型\19.obj,model00018
train,model00019.mp4,D:\scj\down_load\三七\建筑物模型\20.obj,model00019
train,model00020.mp4,D:\scj\down_load\三七\建筑物模型\21.obj,model00020
train,model00021.mp4,D:\scj\down_load\三七\建筑物模型\22.obj,model00021
train,model00022.mp4,D:\scj\down_load\三七\建筑物模型\23.obj,model00022
train,model00024.mp4,D:\scj\down_load\三七\建筑物模型\25.obj,model00024
train,model00026.mp4,D:\scj\down_load\三七\建筑物模型\27.obj,model00026
train,model00028.mp4,D:\scj\down_load\三七\建筑物模型\29.obj,model00028
train,model00029.mp4,D:\scj\down_load\三七\建筑物模型\30.obj,model00029
train,model00031.mp4,D:\scj\down_load\三七\建筑物模型\32.obj,model00031
train,model00032.mp4,D:\scj\down_load\三七\建筑物模型\33.obj,model00032
train,model00033.mp4,D:\scj\down_load\三七\建筑物模型\34.obj,model00033
train,model00035.mp4,D:\scj\down_load\三七\建筑物模型\36.obj,model00035
train,model00036.mp4,D:\scj\down_load\三七\建筑物模型\37.obj,model00036
train,model00037.mp4,D:\scj\down_load\三七\建筑物模型\38.obj,model00037
train,model00038.mp4,D:\scj\down_load\三七\建筑物模型\39.obj,model00038
train,model00039.mp4,D:\scj\down_load\三七\建筑物模型\40.obj,model00039
train,model00042.mp4,D:\scj\down_load\三七\建筑物模型\43.obj,model00042
train,model00043.mp4,D:\scj\down_load\三七\建筑物模型\44.obj,model00043
train,model00044.mp4,D:\scj\down_load\三七\建筑物模型\45.obj,model00044
train,model00045.mp4,D:\scj\down_load\三七\建筑物模型\46.obj,model00045
train,model00046.mp4,D:\scj\down_load\三七\建筑物模型\47.obj,model00046
train,model00047.mp4,D:\scj\down_load\三七\建筑物模型\48.obj,model00047
train,model00048.mp4,D:\scj\down_load\三七\建筑物模型\49.obj,model00048
train,model00049.mp4,D:\scj\down_load\三七\建筑物模型\50.obj,model00049
train,model00050.mp4,D:\scj\down_load\三七\建筑物模型\51.obj,model00050
train,model00051.mp4,D:\scj\down_load\三七\建筑物模型\52.obj,model00051
train,model00053.mp4,D:\scj\down_load\三七\建筑物模型\54.obj,model00053
train,model00054.mp4,D:\scj\down_load\三七\建筑物模型\55.obj,model00054
train,model00055.mp4,D:\scj\down_load\三七\建筑物模型\56.obj,model00055
train,model00056.mp4,D:\scj\down_load\三七\建筑物模型\57.obj,model00056
train,model00058.mp4,D:\scj\down_load\三七\建筑物模型\59.obj,model00058
train,model00059.mp4,D:\scj\down_load\三七\建筑物模型\60.obj,model00059
train,model00060.mp4,D:\scj\down_load\三七\建筑物模型\61.obj,model00060
train,model00061.mp4,D:\scj\down_load\三七\建筑物模型\62.obj,model00061
train,model00064.mp4,D:\scj\down_load\三七\建筑物模型\65.obj,model00064
train,model00065.mp4,D:\scj\down_load\三七\建筑物模型\66.obj,model00065
train,model00067.mp4,D:\scj\down_load\三七\建筑物模型\68.obj,model00067
train,model00068.mp4,D:\scj\down_load\三七\建筑物模型\69.obj,model00068
train,model00069.mp4,D:\scj\down_load\三七\建筑物模型\70.obj,model00069
train,model00070.mp4,D:\scj\down_load\三七\建筑物模型\71.obj,model00070
train,model00071.mp4,D:\scj\down_load\三七\建筑物模型\72.obj,model00071
train,model00072.mp4,D:\scj\down_load\三七\建筑物模型\73.obj,model00072
train,model00073.mp4,D:\scj\down_load\三七\建筑物模型\74.obj,model00073
train,model00074.mp4,D:\scj\down_load\三七\建筑物模型\75.obj,model00074
train,model00075.mp4,D:\scj\down_load\三七\建筑物模型\76.obj,model00075
train,model00076.mp4,D:\scj\down_load\三七\建筑物模型\77.obj,model00076
train,model00077.mp4,D:\scj\down_load\三七\建筑物模型\78.obj,model00077
train,model00078.mp4,D:\scj\down_load\三七\建筑物模型\79.obj,model00078
train,model00079.mp4,D:\scj\down_load\三七\建筑物模型\80.obj,model00079
train,model00080.mp4,D:\scj\down_load\三七\建筑物模型\81.obj,model00080
train,model00081.mp4,D:\scj\down_load\三七\建筑物模型\82.obj,model00081
train,model00082.mp4,D:\scj\down_load\三七\建筑物模型\83.obj,model00082
train,model00084.mp4,D:\scj\down_load\三七\建筑物模型\85.obj,model00084
train,model00085.mp4,D:\scj\down_load\三七\建筑物模型\86.obj,model00085
train,model00087.mp4,D:\scj\down_load\三七\建筑物模型\88.obj,model00087
train,model00089.mp4,D:\scj\down_load\三七\建筑物模型\90.obj,model00089
train,model00091.mp4,D:\scj\down_load\三七\建筑物模型\92.obj,model00091
train,model00092.mp4,D:\scj\down_load\三七\建筑物模型\93.obj,model00092
train,model00094.mp4,D:\scj\down_load\三七\建筑物模型\95.obj,model00094
train,model00096.mp4,D:\scj\down_load\三七\建筑物模型\97.obj,model00096
train,model00097.mp4,D:\scj\down_load\三七\建筑物模型\98.obj,model00097
train,model00098.mp4,D:\scj\down_load\三七\建筑物模型\99.obj,model00098
train,model00100.mp4,D:\scj\down_load\三七\建筑物模型\101.obj,model00100
train,model00101.mp4,D:\scj\down_load\三七\建筑物模型\102.obj,model00101
train,model00102.mp4,D:\scj\down_load\三七\建筑物模型\103.obj,model00102
train,model00103.mp4,D:\scj\down_load\三七\建筑物模型\104.obj,model00103
train,model00104.mp4,D:\scj\down_load\三七\建筑物模型\105.obj,model00104
train,model00106.mp4,D:\scj\down_load\三七\建筑物模型\107.obj,model00106
train,model00109.mp4,D:\scj\down_load\三七\建筑物模型\110.obj,model00109
train,model00110.mp4,D:\scj\down_load\三七\建筑物模型\111.obj,model00110
train,model00113.mp4,D:\scj\down_load\三七\建筑物模型\114.obj,model00113
train,model00115.mp4,D:\scj\down_load\三七\建筑物模型\116.obj,model00115
train,model00116.mp4,D:\scj\down_load\三七\建筑物模型\117.obj,model00116
train,model00117.mp4,D:\scj\down_load\三七\建筑物模型\118.obj,model00117
train,model00120.mp4,D:\scj\down_load\三七\建筑物模型\121.obj,model00120
train,model00121.mp4,D:\scj\down_load\三七\建筑物模型\122.obj,model00121
train,model00122.mp4,D:\scj\down_load\三七\建筑物模型\123.obj,model00122
train,model00123.mp4,D:\scj\down_load\三七\建筑物模型\124.obj,model00123
train,model00124.mp4,D:\scj\down_load\三七\建筑物模型\125.obj,model00124
train,model00125.mp4,D:\scj\down_load\三七\建筑物模型\126.obj,model00125
train,model00126.mp4,D:\scj\down_load\三七\建筑物模型\127.obj,model00126
train,model00127.mp4,D:\scj\down_load\三七\建筑物模型\128.obj,model00127
train,model00129.mp4,D:\scj\down_load\三七\建筑物模型\130.obj,model00129
train,model00131.mp4,D:\scj\down_load\三七\建筑物模型\132.obj,model00131
train,model00133.mp4,D:\scj\down_load\三七\建筑物模型\134.obj,model00133
train,model00134.mp4,D:\scj\down_load\三七\建筑物模型\135.obj,model00134
train,model00135.mp4,D:\scj\down_load\三七\建筑物模型\136.obj,model00135
train,model00136.mp4,D:\scj\down_load\三七\建筑物模型\137.obj,model00136
train,model00137.mp4,D:\scj\down_load\三七\建筑物模型\138.obj,model00137
train,model00138.mp4,D:\scj\down_load\三七\建筑物模型\139.obj,model00138
train,model00139.mp4,D:\scj\down_load\三七\建筑物模型\140.obj,model00139
train,model00140.mp4,D:\scj\down_load\三七\建筑物模型\141.obj,model00140
train,model00141.mp4,D:\scj\down_load\三七\建筑物模型\142.obj,model00141
train,model00142.mp4,D:\scj\down_load\三七\建筑物模型\143.obj,model00142
train,model00143.mp4,D:\scj\down_load\三七\建筑物模型\144.obj,model00143
train,model00144.mp4,D:\scj\down_load\三七\建筑物模型\145.obj,model00144
train,model00145.mp4,D:\scj\down_load\三七\建筑物模型\146.obj,model00145
train,model00147.mp4,D:\scj\down_load\三七\建筑物模型\148.obj,model00147
train,model00148.mp4,D:\scj\down_load\三七\建筑物模型\149.obj,model00148
train,model00149.mp4,D:\scj\down_load\三七\建筑物模型\150.obj,model00149
train,model00150.mp4,D:\scj\down_load\三七\建筑物模型\151.obj,model00150
train,model00151.mp4,D:\scj\down_load\三七\建筑物模型\152.obj,model00151
train,model00152.mp4,D:\scj\down_load\三七\建筑物模型\153.obj,model00152
train,model00153.mp4,D:\scj\down_load\三七\建筑物模型\154.obj,model00153
train,model00154.mp4,D:\scj\down_load\三七\建筑物模型\155.obj,model00154
train,model00155.mp4,D:\scj\down_load\三七\建筑物模型\156.obj,model00155
train,model00157.mp4,D:\scj\down_load\三七\建筑物模型\158.obj,model00157
train,model00158.mp4,D:\scj\down_load\三七\建筑物模型\159.obj,model00158
train,model00159.mp4,D:\scj\down_load\三七\建筑物模型\160.obj,model00159
train,model00160.mp4,D:\scj\down_load\三七\建筑物模型\161.obj,model00160
train,model00161.mp4,D:\scj\down_load\三七\建筑物模型\162.obj,model00161
train,model00163.mp4,D:\scj\down_load\三七\建筑物模型\164.obj,model00163
train,model00164.mp4,D:\scj\down_load\三七\建筑物模型\165.obj,model00164
train,model00165.mp4,D:\scj\down_load\三七\建筑物模型\166.obj,model00165
train,model00166.mp4,D:\scj\down_load\三七\建筑物模型\167.obj,model00166
train,model00168.mp4,D:\scj\down_load\三七\建筑物模型\169.obj,model00168
train,model00169.mp4,D:\scj\down_load\三七\建筑物模型\170.obj,model00169
train,model00170.mp4,D:\scj\down_load\三七\建筑物模型\171.obj,model00170
train,model00172.mp4,D:\scj\down_load\三七\建筑物模型\173.obj,model00172
train,model00175.mp4,D:\scj\down_load\三七\建筑物模型\176.obj,model00175
train,model00177.mp4,D:\scj\down_load\三七\建筑物模型\178.obj,model00177
train,model00178.mp4,D:\scj\down_load\三七\建筑物模型\179.obj,model00178
train,model00181.mp4,D:\scj\down_load\三七\建筑物模型\182.obj,model00181
train,model00182.mp4,D:\scj\down_load\三七\建筑物模型\183.obj,model00182
train,model00183.mp4,D:\scj\down_load\三七\建筑物模型\184.obj,model00183
train,model00184.mp4,D:\scj\down_load\三七\建筑物模型\185.obj,model00184
train,model00186.mp4,D:\scj\down_load\三七\建筑物模型\187.obj,model00186
train,model00189.mp4,D:\scj\down_load\三七\建筑物模型\190.obj,model00189
train,model00190.mp4,D:\scj\down_load\三七\建筑物模型\191.obj,model00190
train,model00191.mp4,D:\scj\down_load\三七\建筑物模型\192.obj,model00191
train,model00192.mp4,D:\scj\down_load\三七\建筑物模型\193.obj,model00192
train,model00194.mp4,D:\scj\down_load\三七\建筑物模型\195.obj,model00194
train,model00195.mp4,D:\scj\down_load\三七\建筑物模型\196.obj,model00195
train,model00197.mp4,D:\scj\down_load\三七\建筑物模型\198.obj,model00197
train,model00198.mp4,D:\scj\down_load\三七\建筑物模型\199.obj,model00198
train,model00199.mp4,D:\scj\down_load\三七\建筑物模型\200.obj,model00199
train,model00200.mp4,D:\scj\down_load\三七\建筑物模型\201.obj,model00200
train,model00201.mp4,D:\scj\down_load\三七\建筑物模型\202.obj,model00201
train,model00202.mp4,D:\scj\down_load\三七\建筑物模型\203.obj,model00202
train,model00204.mp4,D:\scj\down_load\三七\建筑物模型\205.obj,model00204
train,model00205.mp4,D:\scj\down_load\三七\建筑物模型\206.obj,model00205
train,model00206.mp4,D:\scj\down_load\三七\建筑物模型\207.obj,model00206
train,model00207.mp4,D:\scj\down_load\三七\建筑物模型\208.obj,model00207
train,model00208.mp4,D:\scj\down_load\三七\建筑物模型\209.obj,model00208
train,model00209.mp4,D:\scj\down_load\三七\建筑物模型\210.obj,model00209
train,model00211.mp4,D:\scj\down_load\三七\建筑物模型\212.obj,model00211
train,model00212.mp4,D:\scj\down_load\三七\建筑物模型\213.obj,model00212
train,model00213.mp4,D:\scj\down_load\三七\建筑物模型\214.obj,model00213
train,model00219.mp4,D:\scj\down_load\三七\建筑物模型\220.obj,model00219
train,model00220.mp4,D:\scj\down_load\三七\建筑物模型\221.obj,model00220
train,model00221.mp4,D:\scj\down_load\三七\建筑物模型\222.obj,model00221
train,model00222.mp4,D:\scj\down_load\三七\建筑物模型\223.obj,model00222
train,model00223.mp4,D:\scj\down_load\三七\建筑物模型\224.obj,model00223
train,model00224.mp4,D:\scj\down_load\三七\建筑物模型\225.obj,model00224
train,model00225.mp4,D:\scj\down_load\三七\建筑物模型\226.obj,model00225
train,model00226.mp4,D:\scj\down_load\三七\建筑物模型\227.obj,model00226
train,model00227.mp4,D:\scj\down_load\三七\建筑物模型\228.obj,model00227
train,model00228.mp4,D:\scj\down_load\三七\建筑物模型\229.obj,model00228
train,model00229.mp4,D:\scj\down_load\三七\建筑物模型\230.obj,model00229
train,model00231.mp4,D:\scj\down_load\三七\建筑物模型\232.obj,model00231
train,model00233.mp4,D:\scj\down_load\三七\建筑物模型\234.obj,model00233
train,model00235.mp4,D:\scj\down_load\三七\建筑物模型\236.obj,model00235
train,model00236.mp4,D:\scj\down_load\三七\建筑物模型\237.obj,model00236
train,model00239.mp4,D:\scj\down_load\三七\建筑物模型\240.obj,model00239
train,model00240.mp4,D:\scj\down_load\三七\建筑物模型\241.obj,model00240
train,model00241.mp4,D:\scj\down_load\三七\建筑物模型\242.obj,model00241
train,model00242.mp4,D:\scj\down_load\三七\建筑物模型\243.obj,model00242
train,model00243.mp4,D:\scj\down_load\三七\建筑物模型\244.obj,model00243
train,model00244.mp4,D:\scj\down_load\三七\建筑物模型\245.obj,model00244
train,model00245.mp4,D:\scj\down_load\三七\建筑物模型\246.obj,model00245
train,model00246.mp4,D:\scj\down_load\三七\建筑物模型\247.obj,model00246
train,model00247.mp4,D:\scj\down_load\三七\建筑物模型\248.obj,model00247
train,model00248.mp4,D:\scj\down_load\三七\建筑物模型\249.obj,model00248
train,model00249.mp4,D:\scj\down_load\三七\建筑物模型\250.obj,model00249
train,model00250.mp4,D:\scj\down_load\三七\建筑物模型\251.obj,model00250
train,model00251.mp4,D:\scj\down_load\三七\建筑物模型\252.obj,model00251
train,model00252.mp4,D:\scj\down_load\三七\建筑物模型\253.obj,model00252
train,model00254.mp4,D:\scj\down_load\三七\建筑物模型\255.obj,model00254
train,model00255.mp4,D:\scj\down_load\三七\建筑物模型\256.obj,model00255
train,model00257.mp4,D:\scj\down_load\三七\建筑物模型\258.obj,model00257
train,model00260.mp4,D:\scj\down_load\三七\建筑物模型\261.obj,model00260
train,model00261.mp4,D:\scj\down_load\三七\建筑物模型\262.obj,model00261
train,model00265.mp4,D:\scj\down_load\三七\建筑物模型\266.obj,model00265
train,model00266.mp4,D:\scj\down_load\三七\建筑物模型\267.obj,model00266
train,model00267.mp4,D:\scj\down_load\三七\建筑物模型\268.obj,model00267
train,model00269.mp4,D:\scj\down_load\三七\建筑物模型\270.obj,model00269
train,model00270.mp4,D:\scj\down_load\三七\建筑物模型\271.obj,model00270
train,model00272.mp4,D:\scj\down_load\三七\建筑物模型\273.obj,model00272
train,model00273.mp4,D:\scj\down_load\三七\建筑物模型\274.obj,model00273
train,model00274.mp4,D:\scj\down_load\三七\建筑物模型\275.obj,model00274
train,model00275.mp4,D:\scj\down_load\三七\建筑物模型\276.obj,model00275
train,model00276.mp4,D:\scj\down_load\三七\建筑物模型\277.obj,model00276
train,model00277.mp4,D:\scj\down_load\三七\建筑物模型\278.obj,model00277
train,model00278.mp4,D:\scj\down_load\三七\建筑物模型\279.obj,model00278
train,model00279.mp4,D:\scj\down_load\三七\建筑物模型\280.obj,model00279
train,model00280.mp4,D:\scj\down_load\三七\建筑物模型\281.obj,model00280
train,model00281.mp4,D:\scj\down_load\三七\建筑物模型\282.obj,model00281
train,model00282.mp4,D:\scj\down_load\三七\建筑物模型\283.obj,model00282
train,model00284.mp4,D:\scj\down_load\三七\建筑物模型\285.obj,model00284
train,model00285.mp4,D:\scj\down_load\三七\建筑物模型\286.obj,model00285
train,model00287.mp4,D:\scj\down_load\三七\建筑物模型\288.obj,model00287
train,model00288.mp4,D:\scj\down_load\三七\建筑物模型\289.obj,model00288
train,model00289.mp4,D:\scj\down_load\三七\建筑物模型\290.obj,model00289
train,model00290.mp4,D:\scj\down_load\三七\建筑物模型\291.obj,model00290
train,model00291.mp4,D:\scj\down_load\三七\建筑物模型\292.obj,model00291
train,model00292.mp4,D:\scj\down_load\三七\建筑物模型\293.obj,model00292
train,model00293.mp4,D:\scj\down_load\三七\建筑物模型\294.obj,model00293
train,model00295.mp4,D:\scj\down_load\三七\建筑物模型\296.obj,model00295
train,model00297.mp4,D:\scj\down_load\三七\建筑物模型\298.obj,model00297
train,model00298.mp4,D:\scj\down_load\三七\建筑物模型\299.obj,model00298
train,model00299.mp4,D:\scj\down_load\三七\建筑物模型\300.obj,model00299
train,model00300.mp4,D:\scj\down_load\三七\建筑物模型\301.obj,model00300
train,model00302.mp4,D:\scj\down_load\三七\建筑物模型\303.obj,model00302
train,model00303.mp4,D:\scj\down_load\三七\建筑物模型\304.obj,model00303
train,model00304.mp4,D:\scj\down_load\三七\建筑物模型\305.obj,model00304
train,model00306.mp4,D:\scj\down_load\三七\建筑物模型\307.obj,model00306
train,model00307.mp4,D:\scj\down_load\三七\建筑物模型\308.obj,model00307
train,model00309.mp4,D:\scj\down_load\三七\建筑物模型\310.obj,model00309
train,model00310.mp4,D:\scj\down_load\三七\建筑物模型\311.obj,model00310
train,model00312.mp4,D:\scj\down_load\三七\建筑物模型\313.obj,model00312
train,model00313.mp4,D:\scj\down_load\三七\建筑物模型\314.obj,model00313
train,model00314.mp4,D:\scj\down_load\三七\建筑物模型\315.obj,model00314
train,model00315.mp4,D:\scj\down_load\三七\建筑物模型\316.obj,model00315
train,model00316.mp4,D:\scj\down_load\三七\建筑物模型\317.obj,model00316
train,model00317.mp4,D:\scj\down_load\三七\建筑物模型\318.obj,model00317
train,model00319.mp4,D:\scj\down_load\三七\建筑物模型\320.obj,model00319
train,model00320.mp4,D:\scj\down_load\三七\建筑物模型\321.obj,model00320
train,model00321.mp4,D:\scj\down_load\三七\建筑物模型\322.obj,model00321
train,model00322.mp4,D:\scj\down_load\三七\建筑物模型\323.obj,model00322
train,model00323.mp4,D:\scj\down_load\三七\建筑物模型\324.obj,model00323
train,model00324.mp4,D:\scj\down_load\三七\建筑物模型\325.obj,model00324
train,model00325.mp4,D:\scj\down_load\三七\建筑物模型\326.obj,model00325
train,model00326.mp4,D:\scj\down_load\三七\建筑物模型\327.obj,model00326
train,model00327.mp4,D:\scj\down_load\三七\建筑物模型\328.obj,model00327
train,model00328.mp4,D:\scj\down_load\三七\建筑物模型\329.obj,model00328
train,model00329.mp4,D:\scj\down_load\三七\建筑物模型\330.obj,model00329
train,model00331.mp4,D:\scj\down_load\三七\建筑物模型\332.obj,model00331
train,model00332.mp4,D:\scj\down_load\三七\建筑物模型\333.obj,model00332
train,model00333.mp4,D:\scj\down_load\三七\建筑物模型\334.obj,model00333
train,model00334.mp4,D:\scj\down_load\三七\建筑物模型\335.obj,model00334
train,model00335.mp4,D:\scj\down_load\三七\建筑物模型\336.obj,model00335
train,model00336.mp4,D:\scj\down_load\三七\建筑物模型\337.obj,model00336
train,model00337.mp4,D:\scj\down_load\三七\建筑物模型\338.obj,model00337
train,model00338.mp4,D:\scj\down_load\三七\建筑物模型\339.obj,model00338
train,model00339.mp4,D:\scj\down_load\三七\建筑物模型\340.obj,model00339
train,model00340.mp4,D:\scj\down_load\三七\建筑物模型\341.obj,model00340
train,model00341.mp4,D:\scj\down_load\三七\建筑物模型\342.obj,model00341
train,model00342.mp4,D:\scj\down_load\三七\建筑物模型\343.obj,model00342
train,model00343.mp4,D:\scj\down_load\三七\建筑物模型\344.obj,model00343
train,model00344.mp4,D:\scj\down_load\三七\建筑物模型\345.obj,model00344
train,model00346.mp4,D:\scj\down_load\三七\建筑物模型\347.obj,model00346
train,model00347.mp4,D:\scj\down_load\三七\建筑物模型\348.obj,model00347
train,model00349.mp4,D:\scj\down_load\三七\建筑物模型\350.obj,model00349
train,model00350.mp4,D:\scj\down_load\三七\建筑物模型\351.obj,model00350
train,model00351.mp4,D:\scj\down_load\三七\建筑物模型\352.obj,model00351
train,model00354.mp4,D:\scj\down_load\三七\建筑物模型\355.obj,model00354
train,model00355.mp4,D:\scj\down_load\三七\建筑物模型\356.obj,model00355
train,model00356.mp4,D:\scj\down_load\三七\建筑物模型\357.obj,model00356
train,model00357.mp4,D:\scj\down_load\三七\建筑物模型\358.obj,model00357
train,model00358.mp4,D:\scj\down_load\三七\建筑物模型\359.obj,model00358
train,model00359.mp4,D:\scj\down_load\三七\建筑物模型\360.obj,model00359
train,model00361.mp4,D:\scj\down_load\三七\建筑物模型\362.obj,model00361
train,model00362.mp4,D:\scj\down_load\三七\建筑物模型\363.obj,model00362
train,model00363.mp4,D:\scj\down_load\三七\建筑物模型\364.obj,model00363
train,model00364.mp4,D:\scj\down_load\三七\建筑物模型\365.obj,model00364
train,model00367.mp4,D:\scj\down_load\三七\建筑物模型\368.obj,model00367
train,model00368.mp4,D:\scj\down_load\三七\建筑物模型\369.obj,model00368
train,model00369.mp4,D:\scj\down_load\三七\建筑物模型\370.obj,model00369
train,model00370.mp4,D:\scj\down_load\三七\建筑物模型\371.obj,model00370
train,model00371.mp4,D:\scj\down_load\三七\建筑物模型\372.obj,model00371
train,model00372.mp4,D:\scj\down_load\三七\建筑物模型\373.obj,model00372
train,model00373.mp4,D:\scj\down_load\三七\建筑物模型\374.obj,model00373
train,model00374.mp4,D:\scj\down_load\三七\建筑物模型\375.obj,model00374
train,model00375.mp4,D:\scj\down_load\三七\建筑物模型\376.obj,model00375
train,model00376.mp4,D:\scj\down_load\三七\建筑物模型\377.obj,model00376
train,model00377.mp4,D:\scj\down_load\三七\建筑物模型\378.obj,model00377
train,model00378.mp4,D:\scj\down_load\三七\建筑物模型\379.obj,model00378
train,model00379.mp4,D:\scj\down_load\三七\建筑物模型\380.obj,model00379
train,model00380.mp4,D:\scj\down_load\三七\建筑物模型\381.obj,model00380
train,model00381.mp4,D:\scj\down_load\三七\建筑物模型\382.obj,model00381
train,model00382.mp4,D:\scj\down_load\三七\建筑物模型\383.obj,model00382
train,model00383.mp4,D:\scj\down_load\三七\建筑物模型\384.obj,model00383
train,model00384.mp4,D:\scj\down_load\三七\建筑物模型\385.obj,model00384
train,model00385.mp4,D:\scj\down_load\三七\建筑物模型\386.obj,model00385
train,model00386.mp4,D:\scj\down_load\三七\建筑物模型\387.obj,model00386
train,model00387.mp4,D:\scj\down_load\三七\建筑物模型\388.obj,model00387
train,model00388.mp4,D:\scj\down_load\三七\建筑物模型\389.obj,model00388
train,model00389.mp4,D:\scj\down_load\三七\建筑物模型\390.obj,model00389
train,model00390.mp4,D:\scj\down_load\三七\建筑物模型\391.obj,model00390
train,model00391.mp4,D:\scj\down_load\三七\建筑物模型\392.obj,model00391
train,model00392.mp4,D:\scj\down_load\三七\建筑物模型\393.obj,model00392
train,model00393.mp4,D:\scj\down_load\三七\建筑物模型\394.obj,model00393
train,model00394.mp4,D:\scj\down_load\三七\建筑物模型\395.obj,model00394
train,model00395.mp4,D:\scj\down_load\三七\建筑物模型\396.obj,model00395
train,model00397.mp4,D:\scj\down_load\三七\建筑物模型\398.obj,model00397
train,model00398.mp4,D:\scj\down_load\三七\建筑物模型\399.obj,model00398
train,model00400.mp4,D:\scj\down_load\三七\建筑物模型\401.obj,model00400
train,model00401.mp4,D:\scj\down_load\三七\建筑物模型\402.obj,model00401
train,model00403.mp4,D:\scj\down_load\三七\建筑物模型\404.obj,model00403
train,model00404.mp4,D:\scj\down_load\三七\建筑物模型\405.obj,model00404
train,model00405.mp4,D:\scj\down_load\三七\建筑物模型\406.obj,model00405
train,model00406.mp4,D:\scj\down_load\三七\建筑物模型\407.obj,model00406
train,model00407.mp4,D:\scj\down_load\三七\建筑物模型\408.obj,model00407
train,model00408.mp4,D:\scj\down_load\三七\建筑物模型\409.obj,model00408
train,model00410.mp4,D:\scj\down_load\三七\建筑物模型\411.obj,model00410
train,model00411.mp4,D:\scj\down_load\三七\建筑物模型\412.obj,model00411
train,model00412.mp4,D:\scj\down_load\三七\建筑物模型\413.obj,model00412
train,model00414.mp4,D:\scj\down_load\三七\建筑物模型\415.obj,model00414
train,model00415.mp4,D:\scj\down_load\三七\建筑物模型\416.obj,model00415
train,model00416.mp4,D:\scj\down_load\三七\建筑物模型\417.obj,model00416
train,model00417.mp4,D:\scj\down_load\三七\建筑物模型\418.obj,model00417
train,model00419.mp4,D:\scj\down_load\三七\建筑物模型\420.obj,model00419
train,model00420.mp4,D:\scj\down_load\三七\建筑物模型\421.obj,model00420
train,model00421.mp4,D:\scj\down_load\三七\建筑物模型\422.obj,model00421
train,model00422.mp4,D:\scj\down_load\三七\建筑物模型\423.obj,model00422
train,model00423.mp4,D:\scj\down_load\三七\建筑物模型\424.obj,model00423
train,model00424.mp4,D:\scj\down_load\三七\建筑物模型\425.obj,model00424
train,model00425.mp4,D:\scj\down_load\三七\建筑物模型\426.obj,model00425
train,model00426.mp4,D:\scj\down_load\三七\建筑物模型\427.obj,model00426
train,model00427.mp4,D:\scj\down_load\三七\建筑物模型\428.obj,model00427
train,model00430.mp4,D:\scj\down_load\三七\建筑物模型\431.obj,model00430
train,model00431.mp4,D:\scj\down_load\三七\建筑物模型\432.obj,model00431
train,model00432.mp4,D:\scj\down_load\三七\建筑物模型\433.obj,model00432
train,model00433.mp4,D:\scj\down_load\三七\建筑物模型\434.obj,model00433
train,model00434.mp4,D:\scj\down_load\三七\建筑物模型\435.obj,model00434
train,model00435.mp4,D:\scj\down_load\三七\建筑物模型\436.obj,model00435
train,model00437.mp4,D:\scj\down_load\三七\建筑物模型\438.obj,model00437
train,model00438.mp4,D:\scj\down_load\三七\建筑物模型\439.obj,model00438
train,model00439.mp4,D:\scj\down_load\三七\建筑物模型\440.obj,model00439
train,model00441.mp4,D:\scj\down_load\三七\建筑物模型\442.obj,model00441
train,model00442.mp4,D:\scj\down_load\三七\建筑物模型\443.obj,model00442
train,model00444.mp4,D:\scj\down_load\三七\建筑物模型\445.obj,model00444
train,model00445.mp4,D:\scj\down_load\三七\建筑物模型\446.obj,model00445
train,model00446.mp4,D:\scj\down_load\三七\建筑物模型\447.obj,model00446
train,model00448.mp4,D:\scj\down_load\三七\建筑物模型\449.obj,model00448
train,model00449.mp4,D:\scj\down_load\三七\建筑物模型\450.obj,model00449
train,model00450.mp4,D:\scj\down_load\三七\建筑物模型\451.obj,model00450
train,model00451.mp4,D:\scj\down_load\三七\建筑物模型\452.obj,model00451
train,model00452.mp4,D:\scj\down_load\三七\建筑物模型\453.obj,model00452
train,model00453.mp4,D:\scj\down_load\三七\建筑物模型\454.obj,model00453
train,model00454.mp4,D:\scj\down_load\三七\建筑物模型\455.obj,model00454
train,model00455.mp4,D:\scj\down_load\三七\建筑物模型\456.obj,model00455
train,model00457.mp4,D:\scj\down_load\三七\建筑物模型\458.obj,model00457
train,model00458.mp4,D:\scj\down_load\三七\建筑物模型\459.obj,model00458
train,model00459.mp4,D:\scj\down_load\三七\建筑物模型\460.obj,model00459
train,model00460.mp4,D:\scj\down_load\三七\建筑物模型\461.obj,model00460
train,model00461.mp4,D:\scj\down_load\三七\建筑物模型\462.obj,model00461
train,model00462.mp4,D:\scj\down_load\三七\建筑物模型\463.obj,model00462
train,model00463.mp4,D:\scj\down_load\三七\建筑物模型\464.obj,model00463
train,model00464.mp4,D:\scj\down_load\三七\建筑物模型\465.obj,model00464
train,model00465.mp4,D:\scj\down_load\三七\建筑物模型\466.obj,model00465
train,model00466.mp4,D:\scj\down_load\三七\建筑物模型\467.obj,model00466
train,model00467.mp4,D:\scj\down_load\三七\建筑物模型\468.obj,model00467
train,model00468.mp4,D:\scj\down_load\三七\建筑物模型\469.obj,model00468
train,model00469.mp4,D:\scj\down_load\三七\建筑物模型\470.obj,model00469
train,model00470.mp4,D:\scj\down_load\三七\建筑物模型\471.obj,model00470
train,model00471.mp4,D:\scj\down_load\三七\建筑物模型\472.obj,model00471
train,model00472.mp4,D:\scj\down_load\三七\建筑物模型\473.obj,model00472
train,model00473.mp4,D:\scj\down_load\三七\建筑物模型\474.obj,model00473
train,model00474.mp4,D:\scj\down_load\三七\建筑物模型\475.obj,model00474
train,model00475.mp4,D:\scj\down_load\三七\建筑物模型\476.obj,model00475
train,model00476.mp4,D:\scj\down_load\三七\建筑物模型\477.obj,model00476
train,model00477.mp4,D:\scj\down_load\三七\建筑物模型\478.obj,model00477
train,model00478.mp4,D:\scj\down_load\三七\建筑物模型\479.obj,model00478
train,model00479.mp4,D:\scj\down_load\三七\建筑物模型\480.obj,model00479
train,model00482.mp4,D:\scj\down_load\三七\建筑物模型\483.obj,model00482
train,model00483.mp4,D:\scj\down_load\三七\建筑物模型\484.obj,model00483
train,model00484.mp4,D:\scj\down_load\三七\建筑物模型\485.obj,model00484
train,model00485.mp4,D:\scj\down_load\三七\建筑物模型\486.obj,model00485
train,model00486.mp4,D:\scj\down_load\三七\建筑物模型\487.obj,model00486
train,model00487.mp4,D:\scj\down_load\三七\建筑物模型\488.obj,model00487
train,model00488.mp4,D:\scj\down_load\三七\建筑物模型\489.obj,model00488
train,model00489.mp4,D:\scj\down_load\三七\建筑物模型\490.obj,model00489
train,model00491.mp4,D:\scj\down_load\三七\建筑物模型\492.obj,model00491
train,model00492.mp4,D:\scj\down_load\三七\建筑物模型\493.obj,model00492
train,model00493.mp4,D:\scj\down_load\三七\建筑物模型\494.obj,model00493
train,model00494.mp4,D:\scj\down_load\三七\建筑物模型\495.obj,model00494
train,model00495.mp4,D:\scj\down_load\三七\建筑物模型\496.obj,model00495
train,model00496.mp4,D:\scj\down_load\三七\建筑物模型\497.obj,model00496
train,model00498.mp4,D:\scj\down_load\三七\建筑物模型\499.obj,model00498
train,model00499.mp4,D:\scj\down_load\三七\建筑物模型\500.obj,model00499
train,model00501.mp4,D:\scj\down_load\三七\建筑物模型\502.obj,model00501
train,model00502.mp4,D:\scj\down_load\三七\建筑物模型\503.obj,model00502
train,model00504.mp4,D:\scj\down_load\三七\建筑物模型\505.obj,model00504
train,model00505.mp4,D:\scj\down_load\三七\建筑物模型\506.obj,model00505
train,model00509.mp4,D:\scj\down_load\三七\建筑物模型\510.obj,model00509
train,model00510.mp4,D:\scj\down_load\三七\建筑物模型\511.obj,model00510
train,model00511.mp4,D:\scj\down_load\三七\建筑物模型\512.obj,model00511
train,model00512.mp4,D:\scj\down_load\三七\建筑物模型\513.obj,model00512
train,model00513.mp4,D:\scj\down_load\三七\建筑物模型\514.obj,model00513
train,model00514.mp4,D:\scj\down_load\三七\建筑物模型\515.obj,model00514
train,model00515.mp4,D:\scj\down_load\三七\建筑物模型\516.obj,model00515
train,model00516.mp4,D:\scj\down_load\三七\建筑物模型\517.obj,model00516
train,model00517.mp4,D:\scj\down_load\三七\建筑物模型\518.obj,model00517
train,model00518.mp4,D:\scj\down_load\三七\建筑物模型\519.obj,model00518
train,model00519.mp4,D:\scj\down_load\三七\建筑物模型\520.obj,model00519
train,model00521.mp4,D:\scj\down_load\三七\建筑物模型\522.obj,model00521
train,model00522.mp4,D:\scj\down_load\三七\建筑物模型\523.obj,model00522
train,model00523.mp4,D:\scj\down_load\三七\建筑物模型\524.obj,model00523
train,model00524.mp4,D:\scj\down_load\三七\建筑物模型\525.obj,model00524
train,model00525.mp4,D:\scj\down_load\三七\建筑物模型\526.obj,model00525
train,model00526.mp4,D:\scj\down_load\三七\建筑物模型\527.obj,model00526
train,model00528.mp4,D:\scj\down_load\三七\建筑物模型\529.obj,model00528
train,model00529.mp4,D:\scj\down_load\三七\建筑物模型\530.obj,model00529
train,model00530.mp4,D:\scj\down_load\三七\建筑物模型\531.obj,model00530
train,model00532.mp4,D:\scj\down_load\三七\建筑物模型\533.obj,model00532
train,model00533.mp4,D:\scj\down_load\三七\建筑物模型\534.obj,model00533
train,model00534.mp4,D:\scj\down_load\三七\建筑物模型\535.obj,model00534
train,model00535.mp4,D:\scj\down_load\三七\建筑物模型\536.obj,model00535
train,model00537.mp4,D:\scj\down_load\三七\建筑物模型\538.obj,model00537
train,model00538.mp4,D:\scj\down_load\三七\建筑物模型\539.obj,model00538
train,model00539.mp4,D:\scj\down_load\三七\建筑物模型\540.obj,model00539
train,model00540.mp4,D:\scj\down_load\三七\建筑物模型\541.obj,model00540
train,model00541.mp4,D:\scj\down_load\三七\建筑物模型\542.obj,model00541
train,model00542.mp4,D:\scj\down_load\三七\建筑物模型\543.obj,model00542
train,model00543.mp4,D:\scj\down_load\三七\建筑物模型\544.obj,model00543
train,model00544.mp4,D:\scj\down_load\三七\建筑物模型\545.obj,model00544
train,model00546.mp4,D:\scj\down_load\三七\建筑物模型\547.obj,model00546
train,model00547.mp4,D:\scj\down_load\三七\建筑物模型\548.obj,model00547
train,model00548.mp4,D:\scj\down_load\三七\建筑物模型\549.obj,model00548
train,model00549.mp4,D:\scj\down_load\三七\建筑物模型\550.obj,model00549
train,model00550.mp4,D:\scj\down_load\三七\建筑物模型\551.obj,model00550
train,model00553.mp4,D:\scj\down_load\三七\建筑物模型\554.obj,model00553
train,model00554.mp4,D:\scj\down_load\三七\建筑物模型\555.obj,model00554
train,model00555.mp4,D:\scj\down_load\三七\建筑物模型\556.obj,model00555
train,model00556.mp4,D:\scj\down_load\三七\建筑物模型\557.obj,model00556
train,model00557.mp4,D:\scj\down_load\三七\建筑物模型\558.obj,model00557
train,model00558.mp4,D:\scj\down_load\三七\建筑物模型\559.obj,model00558
train,model00559.mp4,D:\scj\down_load\三七\建筑物模型\560.obj,model00559
train,model00560.mp4,D:\scj\down_load\三七\建筑物模型\561.obj,model00560
train,model00561.mp4,D:\scj\down_load\三七\建筑物模型\562.obj,model00561
train,model00562.mp4,D:\scj\down_load\三七\建筑物模型\563.obj,model00562
train,model00563.mp4,D:\scj\down_load\三七\建筑物模型\564.obj,model00563
train,model00564.mp4,D:\scj\down_load\三七\建筑物模型\565.obj,model00564
train,model00567.mp4,D:\scj\down_load\三七\建筑物模型\568.obj,model00567
train,model00570.mp4,D:\scj\down_load\三七\建筑物模型\571.obj,model00570
train,model00571.mp4,D:\scj\down_load\三七\建筑物模型\572.obj,model00571
train,model00572.mp4,D:\scj\down_load\三七\建筑物模型\573.obj,model00572
train,model00573.mp4,D:\scj\down_load\三七\建筑物模型\574.obj,model00573
train,model00575.mp4,D:\scj\down_load\三七\建筑物模型\576.obj,model00575
train,model00576.mp4,D:\scj\down_load\三七\建筑物模型\577.obj,model00576
train,model00577.mp4,D:\scj\down_load\三七\建筑物模型\578.obj,model00577
train,model00580.mp4,D:\scj\down_load\三七\建筑物模型\581.obj,model00580
train,model00581.mp4,D:\scj\down_load\三七\建筑物模型\582.obj,model00581
train,model00582.mp4,D:\scj\down_load\三七\建筑物模型\583.obj,model00582
train,model00583.mp4,D:\scj\down_load\三七\建筑物模型\584.obj,model00583
train,model00584.mp4,D:\scj\down_load\三七\建筑物模型\585.obj,model00584
train,model00585.mp4,D:\scj\down_load\三七\建筑物模型\586.obj,model00585
train,model00586.mp4,D:\scj\down_load\三七\建筑物模型\587.obj,model00586
train,model00592.mp4,D:\scj\down_load\三七\建筑物模型\593.obj,model00592
train,model00593.mp4,D:\scj\down_load\三七\建筑物模型\594.obj,model00593
train,model00596.mp4,D:\scj\down_load\三七\建筑物模型\597.obj,model00596
train,model00597.mp4,D:\scj\down_load\三七\建筑物模型\598.obj,model00597
train,model00598.mp4,D:\scj\down_load\三七\建筑物模型\599.obj,model00598
train,model00600.mp4,D:\scj\down_load\三七\建筑物模型\601.obj,model00600
train,model00601.mp4,D:\scj\down_load\三七\建筑物模型\602.obj,model00601
train,model00603.mp4,D:\scj\down_load\三七\建筑物模型\604.obj,model00603
train,model00605.mp4,D:\scj\down_load\三七\建筑物模型\606.obj,model00605
train,model00606.mp4,D:\scj\down_load\三七\建筑物模型\607.obj,model00606
train,model00607.mp4,D:\scj\down_load\三七\建筑物模型\608.obj,model00607
train,model00608.mp4,D:\scj\down_load\三七\建筑物模型\609.obj,model00608
train,model00610.mp4,D:\scj\down_load\三七\建筑物模型\611.obj,model00610
train,model00612.mp4,D:\scj\down_load\三七\建筑物模型\613.obj,model00612
train,model00613.mp4,D:\scj\down_load\三七\建筑物模型\614.obj,model00613
train,model00615.mp4,D:\scj\down_load\三七\建筑物模型\616.obj,model00615
train,model00616.mp4,D:\scj\down_load\三七\建筑物模型\617.obj,model00616
train,model00617.mp4,D:\scj\down_load\三七\建筑物模型\618.obj,model00617
train,model00618.mp4,D:\scj\down_load\三七\建筑物模型\619.obj,model00618
train,model00620.mp4,D:\scj\down_load\三七\建筑物模型\621.obj,model00620
train,model00621.mp4,D:\scj\down_load\三七\建筑物模型\622.obj,model00621
train,model00622.mp4,D:\scj\down_load\三七\建筑物模型\623.obj,model00622
train,model00623.mp4,D:\scj\down_load\三七\建筑物模型\624.obj,model00623
train,model00624.mp4,D:\scj\down_load\三七\建筑物模型\625.obj,model00624
train,model00625.mp4,D:\scj\down_load\三七\建筑物模型\626.obj,model00625
train,model00626.mp4,D:\scj\down_load\三七\建筑物模型\627.obj,model00626
train,model00627.mp4,D:\scj\down_load\三七\建筑物模型\628.obj,model00627
train,model00628.mp4,D:\scj\down_load\三七\建筑物模型\629.obj,model00628
train,model00630.mp4,D:\scj\down_load\三七\建筑物模型\631.obj,model00630
train,model00631.mp4,D:\scj\down_load\三七\建筑物模型\632.obj,model00631
train,model00633.mp4,D:\scj\down_load\三七\建筑物模型\634.obj,model00633
train,model00634.mp4,D:\scj\down_load\三七\建筑物模型\635.obj,model00634
train,model00635.mp4,D:\scj\down_load\三七\建筑物模型\636.obj,model00635
train,model00636.mp4,D:\scj\down_load\三七\建筑物模型\637.obj,model00636
train,model00637.mp4,D:\scj\down_load\三七\建筑物模型\638.obj,model00637
train,model00638.mp4,D:\scj\down_load\三七\建筑物模型\639.obj,model00638
train,model00639.mp4,D:\scj\down_load\三七\建筑物模型\640.obj,model00639
train,model00640.mp4,D:\scj\down_load\三七\建筑物模型\641.obj,model00640
train,model00641.mp4,D:\scj\down_load\三七\建筑物模型\642.obj,model00641
train,model00642.mp4,D:\scj\down_load\三七\建筑物模型\643.obj,model00642
train,model00643.mp4,D:\scj\down_load\三七\建筑物模型\644.obj,model00643
train,model00644.mp4,D:\scj\down_load\三七\建筑物模型\645.obj,model00644
train,model00645.mp4,D:\scj\down_load\三七\建筑物模型\646.obj,model00645
train,model00646.mp4,D:\scj\down_load\三七\建筑物模型\647.obj,model00646
train,model00647.mp4,D:\scj\down_load\三七\建筑物模型\648.obj,model00647
train,model00648.mp4,D:\scj\down_load\三七\建筑物模型\649.obj,model00648
train,model00649.mp4,D:\scj\down_load\三七\建筑物模型\650.obj,model00649
train,model00650.mp4,D:\scj\down_load\三七\建筑物模型\651.obj,model00650
train,model00651.mp4,D:\scj\down_load\三七\建筑物模型\652.obj,model00651
train,model00652.mp4,D:\scj\down_load\三七\建筑物模型\653.obj,model00652
train,model00653.mp4,D:\scj\down_load\三七\建筑物模型\654.obj,model00653
train,model00654.mp4,D:\scj\down_load\三七\建筑物模型\655.obj,model00654
train,model00655.mp4,D:\scj\down_load\三七\建筑物模型\656.obj,model00655
train,model00656.mp4,D:\scj\down_load\三七\建筑物模型\657.obj,model00656
train,model00657.mp4,D:\scj\down_load\三七\建筑物模型\658.obj,model00657
train,model00659.mp4,D:\scj\down_load\三七\建筑物模型\660.obj,model00659
train,model00660.mp4,D:\scj\down_load\三七\建筑物模型\661.obj,model00660
train,model00661.mp4,D:\scj\down_load\三七\建筑物模型\662.obj,model00661
train,model00662.mp4,D:\scj\down_load\三七\建筑物模型\663.obj,model00662
train,model00663.mp4,D:\scj\down_load\三七\建筑物模型\664.obj,model00663
train,model00668.mp4,D:\scj\down_load\三七\建筑物模型\669.obj,model00668
train,model00669.mp4,D:\scj\down_load\三七\建筑物模型\670.obj,model00669
train,model00670.mp4,D:\scj\down_load\三七\建筑物模型\671.obj,model00670
train,model00671.mp4,D:\scj\down_load\三七\建筑物模型\672.obj,model00671
train,model00672.mp4,D:\scj\down_load\三七\建筑物模型\673.obj,model00672
train,model00674.mp4,D:\scj\down_load\三七\建筑物模型\675.obj,model00674
train,model00676.mp4,D:\scj\down_load\三七\建筑物模型\677.obj,model00676
train,model00677.mp4,D:\scj\down_load\三七\建筑物模型\678.obj,model00677
train,model00680.mp4,D:\scj\down_load\三七\建筑物模型\681.obj,model00680
train,model00681.mp4,D:\scj\down_load\三七\建筑物模型\682.obj,model00681
train,model00683.mp4,D:\scj\down_load\三七\建筑物模型\684.obj,model00683
train,model00684.mp4,D:\scj\down_load\三七\建筑物模型\685.obj,model00684
train,model00685.mp4,D:\scj\down_load\三七\建筑物模型\686.obj,model00685
train,model00687.mp4,D:\scj\down_load\三七\建筑物模型\688.obj,model00687
train,model00688.mp4,D:\scj\down_load\三七\建筑物模型\689.obj,model00688
train,model00689.mp4,D:\scj\down_load\三七\建筑物模型\690.obj,model00689
train,model00692.mp4,D:\scj\down_load\三七\建筑物模型\693.obj,model00692
train,model00693.mp4,D:\scj\down_load\三七\建筑物模型\694.obj,model00693
train,model00695.mp4,D:\scj\down_load\三七\建筑物模型\696.obj,model00695
train,model00696.mp4,D:\scj\down_load\三七\建筑物模型\697.obj,model00696
train,model00697.mp4,D:\scj\down_load\三七\建筑物模型\698.obj,model00697
train,model00698.mp4,D:\scj\down_load\三七\建筑物模型\699.obj,model00698
train,model00699.mp4,D:\scj\down_load\三七\建筑物模型\700.obj,model00699
train,model00701.mp4,D:\scj\down_load\三七\建筑物模型\702.obj,model00701
train,model00702.mp4,D:\scj\down_load\三七\建筑物模型\703.obj,model00702
train,model00703.mp4,D:\scj\down_load\三七\建筑物模型\704.obj,model00703
train,model00705.mp4,D:\scj\down_load\三七\建筑物模型\706.obj,model00705
train,model00706.mp4,D:\scj\down_load\三七\建筑物模型\707.obj,model00706
train,model00707.mp4,D:\scj\down_load\三七\建筑物模型\708.obj,model00707
train,model00708.mp4,D:\scj\down_load\三七\建筑物模型\709.obj,model00708
train,model00710.mp4,D:\scj\down_load\三七\建筑物模型\711.obj,model00710
train,model00711.mp4,D:\scj\down_load\三七\建筑物模型\712.obj,model00711
train,model00712.mp4,D:\scj\down_load\三七\建筑物模型\713.obj,model00712
train,model00715.mp4,D:\scj\down_load\三七\建筑物模型\716.obj,model00715
train,model00717.mp4,D:\scj\down_load\三七\建筑物模型\718.obj,model00717
train,model00718.mp4,D:\scj\down_load\三七\建筑物模型\719.obj,model00718
train,model00719.mp4,D:\scj\down_load\三七\建筑物模型\720.obj,model00719
train,model00720.mp4,D:\scj\down_load\三七\建筑物模型\721.obj,model00720
train,model00723.mp4,D:\scj\down_load\三七\建筑物模型\724.obj,model00723
train,model00724.mp4,D:\scj\down_load\三七\建筑物模型\725.obj,model00724
train,model00725.mp4,D:\scj\down_load\三七\建筑物模型\726.obj,model00725
train,model00726.mp4,D:\scj\down_load\三七\建筑物模型\727.obj,model00726
train,model00727.mp4,D:\scj\down_load\三七\建筑物模型\728.obj,model00727
train,model00728.mp4,D:\scj\down_load\三七\建筑物模型\729.obj,model00728
train,model00729.mp4,D:\scj\down_load\三七\建筑物模型\730.obj,model00729
train,model00730.mp4,D:\scj\down_load\三七\建筑物模型\731.obj,model00730
train,model00731.mp4,D:\scj\down_load\三七\建筑物模型\732.obj,model00731
train,model00732.mp4,D:\scj\down_load\三七\建筑物模型\733.obj,model00732
train,model00733.mp4,D:\scj\down_load\三七\建筑物模型\734.obj,model00733
train,model00734.mp4,D:\scj\down_load\三七\建筑物模型\735.obj,model00734
train,model00735.mp4,D:\scj\down_load\三七\建筑物模型\736.obj,model00735
train,model00736.mp4,D:\scj\down_load\三七\建筑物模型\737.obj,model00736
train,model00737.mp4,D:\scj\down_load\三七\建筑物模型\738.obj,model00737
train,model00738.mp4,D:\scj\down_load\三七\建筑物模型\739.obj,model00738
train,model00739.mp4,D:\scj\down_load\三七\建筑物模型\740.obj,model00739
train,model00740.mp4,D:\scj\down_load\三七\建筑物模型\741.obj,model00740
train,model00741.mp4,D:\scj\down_load\三七\建筑物模型\742.obj,model00741
train,model00742.mp4,D:\scj\down_load\三七\建筑物模型\743.obj,model00742
train,model00743.mp4,D:\scj\down_load\三七\建筑物模型\744.obj,model00743
train,model00744.mp4,D:\scj\down_load\三七\建筑物模型\745.obj,model00744
train,model00746.mp4,D:\scj\down_load\三七\建筑物模型\747.obj,model00746
train,model00747.mp4,D:\scj\down_load\三七\建筑物模型\748.obj,model00747
train,model00749.mp4,D:\scj\down_load\三七\建筑物模型\750.obj,model00749
train,model00750.mp4,D:\scj\down_load\三七\建筑物模型\751.obj,model00750
train,model00751.mp4,D:\scj\down_load\三七\建筑物模型\752.obj,model00751
train,model00752.mp4,D:\scj\down_load\三七\建筑物模型\753.obj,model00752
train,model00753.mp4,D:\scj\down_load\三七\建筑物模型\754.obj,model00753
train,model00754.mp4,D:\scj\down_load\三七\建筑物模型\755.obj,model00754
train,model00755.mp4,D:\scj\down_load\三七\建筑物模型\756.obj,model00755
train,model00756.mp4,D:\scj\down_load\三七\建筑物模型\757.obj,model00756
train,model00758.mp4,D:\scj\down_load\三七\建筑物模型\759.obj,model00758
train,model00759.mp4,D:\scj\down_load\三七\建筑物模型\760.obj,model00759
train,model00760.mp4,D:\scj\down_load\三七\建筑物模型\761.obj,model00760
train,model00761.mp4,D:\scj\down_load\三七\建筑物模型\762.obj,model00761
train,model00762.mp4,D:\scj\down_load\三七\建筑物模型\763.obj,model00762
train,model00763.mp4,D:\scj\down_load\三七\建筑物模型\764.obj,model00763
train,model00765.mp4,D:\scj\down_load\三七\建筑物模型\766.obj,model00765
train,model00766.mp4,D:\scj\down_load\三七\建筑物模型\767.obj,model00766
train,model00767.mp4,D:\scj\down_load\三七\建筑物模型\768.obj,model00767
train,model00769.mp4,D:\scj\down_load\三七\建筑物模型\770.obj,model00769
train,model00770.mp4,D:\scj\down_load\三七\建筑物模型\771.obj,model00770
train,model00771.mp4,D:\scj\down_load\三七\建筑物模型\772.obj,model00771
train,model00772.mp4,D:\scj\down_load\三七\建筑物模型\773.obj,model00772
train,model00773.mp4,D:\scj\down_load\三七\建筑物模型\774.obj,model00773
train,model00774.mp4,D:\scj\down_load\三七\建筑物模型\775.obj,model00774
train,model00775.mp4,D:\scj\down_load\三七\建筑物模型\776.obj,model00775
train,model00776.mp4,D:\scj\down_load\三七\建筑物模型\777.obj,model00776
train,model00778.mp4,D:\scj\down_load\三七\建筑物模型\779.obj,model00778
train,model00780.mp4,D:\scj\down_load\三七\建筑物模型\781.obj,model00780
train,model00781.mp4,D:\scj\down_load\三七\建筑物模型\782.obj,model00781
train,model00782.mp4,D:\scj\down_load\三七\建筑物模型\783.obj,model00782
train,model00783.mp4,D:\scj\down_load\三七\建筑物模型\784.obj,model00783
train,model00784.mp4,D:\scj\down_load\三七\建筑物模型\785.obj,model00784
train,model00785.mp4,D:\scj\down_load\三七\建筑物模型\786.obj,model00785
train,model00789.mp4,D:\scj\down_load\三七\建筑物模型\790.obj,model00789
train,model00790.mp4,D:\scj\down_load\三七\建筑物模型\791.obj,model00790
train,model00792.mp4,D:\scj\down_load\三七\建筑物模型\793.obj,model00792
train,model00793.mp4,D:\scj\down_load\三七\建筑物模型\794.obj,model00793
train,model00794.mp4,D:\scj\down_load\三七\建筑物模型\795.obj,model00794
train,model00795.mp4,D:\scj\down_load\三七\建筑物模型\796.obj,model00795
train,model00796.mp4,D:\scj\down_load\三七\建筑物模型\797.obj,model00796
train,model00800.mp4,D:\scj\down_load\三七\建筑物模型\801.obj,model00800
train,model00801.mp4,D:\scj\down_load\三七\建筑物模型\802.obj,model00801
train,model00805.mp4,D:\scj\down_load\三七\建筑物模型\806.obj,model00805
train,model00807.mp4,D:\scj\down_load\三七\建筑物模型\808.obj,model00807
train,model00808.mp4,D:\scj\down_load\三七\建筑物模型\809.obj,model00808
train,model00809.mp4,D:\scj\down_load\三七\建筑物模型\810.obj,model00809
train,model00810.mp4,D:\scj\down_load\三七\建筑物模型\811.obj,model00810
train,model00811.mp4,D:\scj\down_load\三七\建筑物模型\812.obj,model00811
train,model00812.mp4,D:\scj\down_load\三七\建筑物模型\813.obj,model00812
train,model00813.mp4,D:\scj\down_load\三七\建筑物模型\814.obj,model00813
train,model00814.mp4,D:\scj\down_load\三七\建筑物模型\815.obj,model00814
train,model00815.mp4,D:\scj\down_load\三七\建筑物模型\816.obj,model00815
train,model00816.mp4,D:\scj\down_load\三七\建筑物模型\817.obj,model00816
train,model00817.mp4,D:\scj\down_load\三七\建筑物模型\818.obj,model00817
train,model00819.mp4,D:\scj\down_load\三七\建筑物模型\820.obj,model00819
train,model00820.mp4,D:\scj\down_load\三七\建筑物模型\821.obj,model00820
train,model00821.mp4,D:\scj\down_load\三七\建筑物模型\822.obj,model00821
train,model00823.mp4,D:\scj\down_load\三七\建筑物模型\824.obj,model00823
train,model00824.mp4,D:\scj\down_load\三七\建筑物模型\825.obj,model00824
train,model00825.mp4,D:\scj\down_load\三七\建筑物模型\826.obj,model00825
train,model00826.mp4,D:\scj\down_load\三七\建筑物模型\827.obj,model00826
train,model00827.mp4,D:\scj\down_load\三七\建筑物模型\828.obj,model00827
train,model00828.mp4,D:\scj\down_load\三七\建筑物模型\829.obj,model00828
train,model00830.mp4,D:\scj\down_load\三七\建筑物模型\831.obj,model00830
train,model00832.mp4,D:\scj\down_load\三七\建筑物模型\833.obj,model00832
train,model00833.mp4,D:\scj\down_load\三七\建筑物模型\834.obj,model00833
train,model00834.mp4,D:\scj\down_load\三七\建筑物模型\835.obj,model00834
train,model00835.mp4,D:\scj\down_load\三七\建筑物模型\836.obj,model00835
train,model00836.mp4,D:\scj\down_load\三七\建筑物模型\837.obj,model00836
train,model00837.mp4,D:\scj\down_load\三七\建筑物模型\838.obj,model00837
train,model00838.mp4,D:\scj\down_load\三七\建筑物模型\839.obj,model00838
train,model00839.mp4,D:\scj\down_load\三七\建筑物模型\840.obj,model00839
train,model00840.mp4,D:\scj\down_load\三七\建筑物模型\841.obj,model00840
train,model00841.mp4,D:\scj\down_load\三七\建筑物模型\842.obj,model00841
train,model00842.mp4,D:\scj\down_load\三七\建筑物模型\843.obj,model00842
train,model00843.mp4,D:\scj\down_load\三七\建筑物模型\844.obj,model00843
train,model00844.mp4,D:\scj\down_load\三七\建筑物模型\845.obj,model00844
train,model00846.mp4,D:\scj\down_load\三七\建筑物模型\847.obj,model00846
train,model00847.mp4,D:\scj\down_load\三七\建筑物模型\848.obj,model00847
train,model00848.mp4,D:\scj\down_load\三七\建筑物模型\849.obj,model00848
train,model00849.mp4,D:\scj\down_load\三七\建筑物模型\850.obj,model00849
train,model00850.mp4,D:\scj\down_load\三七\建筑物模型\851.obj,model00850
train,model00851.mp4,D:\scj\down_load\三七\建筑物模型\852.obj,model00851
train,model00852.mp4,D:\scj\down_load\三七\建筑物模型\853.obj,model00852
train,model00853.mp4,D:\scj\down_load\三七\建筑物模型\854.obj,model00853
train,model00854.mp4,D:\scj\down_load\三七\建筑物模型\855.obj,model00854
train,model00855.mp4,D:\scj\down_load\三七\建筑物模型\856.obj,model00855
train,model00856.mp4,D:\scj\down_load\三七\建筑物模型\857.obj,model00856
train,model00857.mp4,D:\scj\down_load\三七\建筑物模型\858.obj,model00857
train,model00858.mp4,D:\scj\down_load\三七\建筑物模型\859.obj,model00858
train,model00859.mp4,D:\scj\down_load\三七\建筑物模型\860.obj,model00859
train,model00860.mp4,D:\scj\down_load\三七\建筑物模型\861.obj,model00860
train,model00861.mp4,D:\scj\down_load\三七\建筑物模型\862.obj,model00861
train,model00863.mp4,D:\scj\down_load\三七\建筑物模型\864.obj,model00863
train,model00864.mp4,D:\scj\down_load\三七\建筑物模型\865.obj,model00864
train,model00865.mp4,D:\scj\down_load\三七\建筑物模型\866.obj,model00865
train,model00867.mp4,D:\scj\down_load\三七\建筑物模型\868.obj,model00867
train,model00869.mp4,D:\scj\down_load\三七\建筑物模型\870.obj,model00869
train,model00870.mp4,D:\scj\down_load\三七\建筑物模型\871.obj,model00870
train,model00872.mp4,D:\scj\down_load\三七\建筑物模型\873.obj,model00872
train,model00873.mp4,D:\scj\down_load\三七\建筑物模型\874.obj,model00873
train,model00874.mp4,D:\scj\down_load\三七\建筑物模型\875.obj,model00874
train,model00875.mp4,D:\scj\down_load\三七\建筑物模型\876.obj,model00875
train,model00876.mp4,D:\scj\down_load\三七\建筑物模型\877.obj,model00876
train,model00877.mp4,D:\scj\down_load\三七\建筑物模型\878.obj,model00877
train,model00881.mp4,D:\scj\down_load\三七\建筑物模型\882.obj,model00881
train,model00884.mp4,D:\scj\down_load\三七\建筑物模型\885.obj,model00884
train,model00885.mp4,D:\scj\down_load\三七\建筑物模型\886.obj,model00885
train,model00886.mp4,D:\scj\down_load\三七\建筑物模型\887.obj,model00886
train,model00887.mp4,D:\scj\down_load\三七\建筑物模型\888.obj,model00887
train,model00888.mp4,D:\scj\down_load\三七\建筑物模型\889.obj,model00888
train,model00889.mp4,D:\scj\down_load\三七\建筑物模型\890.obj,model00889
train,model00891.mp4,D:\scj\down_load\三七\建筑物模型\892.obj,model00891
train,model00892.mp4,D:\scj\down_load\三七\建筑物模型\893.obj,model00892
train,model00894.mp4,D:\scj\down_load\三七\建筑物模型\895.obj,model00894
train,model00895.mp4,D:\scj\down_load\三七\建筑物模型\896.obj,model00895
train,model00896.mp4,D:\scj\down_load\三七\建筑物模型\897.obj,model00896
train,model00897.mp4,D:\scj\down_load\三七\建筑物模型\898.obj,model00897
train,model00898.mp4,D:\scj\down_load\三七\建筑物模型\899.obj,model00898
train,model00899.mp4,D:\scj\down_load\三七\建筑物模型\900.obj,model00899
train,model00900.mp4,D:\scj\down_load\三七\建筑物模型\901.obj,model00900
train,model00901.mp4,D:\scj\down_load\三七\建筑物模型\902.obj,model00901
train,model00902.mp4,D:\scj\down_load\三七\建筑物模型\903.obj,model00902
train,model00903.mp4,D:\scj\down_load\三七\建筑物模型\904.obj,model00903
train,model00905.mp4,D:\scj\down_load\三七\建筑物模型\906.obj,model00905
train,model00906.mp4,D:\scj\down_load\三七\建筑物模型\907.obj,model00906
train,model00907.mp4,D:\scj\down_load\三七\建筑物模型\908.obj,model00907
train,model00908.mp4,D:\scj\down_load\三七\建筑物模型\909.obj,model00908
train,model00909.mp4,D:\scj\down_load\三七\建筑物模型\910.obj,model00909
train,model00910.mp4,D:\scj\down_load\三七\建筑物模型\911.obj,model00910
train,model00912.mp4,D:\scj\down_load\三七\建筑物模型\913.obj,model00912
train,model00913.mp4,D:\scj\down_load\三七\建筑物模型\914.obj,model00913
train,model00915.mp4,D:\scj\down_load\三七\建筑物模型\916.obj,model00915
train,model00916.mp4,D:\scj\down_load\三七\建筑物模型\917.obj,model00916
train,model00918.mp4,D:\scj\down_load\三七\建筑物模型\919.obj,model00918
train,model00921.mp4,D:\scj\down_load\三七\建筑物模型\922.obj,model00921
train,model00922.mp4,D:\scj\down_load\三七\建筑物模型\923.obj,model00922
train,model00924.mp4,D:\scj\down_load\三七\建筑物模型\925.obj,model00924
train,model00925.mp4,D:\scj\down_load\三七\建筑物模型\926.obj,model00925
train,model00926.mp4,D:\scj\down_load\三七\建筑物模型\927.obj,model00926
train,model00928.mp4,D:\scj\down_load\三七\建筑物模型\929.obj,model00928
train,model00929.mp4,D:\scj\down_load\三七\建筑物模型\930.obj,model00929
train,model00930.mp4,D:\scj\down_load\三七\建筑物模型\931.obj,model00930
train,model00931.mp4,D:\scj\down_load\三七\建筑物模型\932.obj,model00931
train,model00932.mp4,D:\scj\down_load\三七\建筑物模型\933.obj,model00932
train,model00933.mp4,D:\scj\down_load\三七\建筑物模型\934.obj,model00933
train,model00934.mp4,D:\scj\down_load\三七\建筑物模型\935.obj,model00934
train,model00936.mp4,D:\scj\down_load\三七\建筑物模型\937.obj,model00936
train,model00937.mp4,D:\scj\down_load\三七\建筑物模型\938.obj,model00937
train,model00938.mp4,D:\scj\down_load\三七\建筑物模型\939.obj,model00938
train,model00939.mp4,D:\scj\down_load\三七\建筑物模型\940.obj,model00939
train,model00940.mp4,D:\scj\down_load\三七\建筑物模型\941.obj,model00940
train,model00941.mp4,D:\scj\down_load\三七\建筑物模型\942.obj,model00941
train,model00942.mp4,D:\scj\down_load\三七\建筑物模型\943.obj,model00942
train,model00944.mp4,D:\scj\down_load\三七\建筑物模型\945.obj,model00944
train,model00945.mp4,D:\scj\down_load\三七\建筑物模型\946.obj,model00945
train,model00946.mp4,D:\scj\down_load\三七\建筑物模型\947.obj,model00946
train,model00947.mp4,D:\scj\down_load\三七\建筑物模型\948.obj,model00947
train,model00948.mp4,D:\scj\down_load\三七\建筑物模型\949.obj,model00948
train,model00950.mp4,D:\scj\down_load\三七\建筑物模型\951.obj,model00950
train,model00951.mp4,D:\scj\down_load\三七\建筑物模型\952.obj,model00951
train,model00952.mp4,D:\scj\down_load\三七\建筑物模型\953.obj,model00952
train,model00953.mp4,D:\scj\down_load\三七\建筑物模型\954.obj,model00953
train,model00954.mp4,D:\scj\down_load\三七\建筑物模型\955.obj,model00954
train,model00955.mp4,D:\scj\down_load\三七\建筑物模型\956.obj,model00955
train,model00956.mp4,D:\scj\down_load\三七\建筑物模型\957.obj,model00956
train,model00957.mp4,D:\scj\down_load\三七\建筑物模型\958.obj,model00957
train,model00958.mp4,D:\scj\down_load\三七\建筑物模型\959.obj,model00958
train,model00959.mp4,D:\scj\down_load\三七\建筑物模型\960.obj,model00959
train,model00961.mp4,D:\scj\down_load\三七\建筑物模型\962.obj,model00961
train,model00962.mp4,D:\scj\down_load\三七\建筑物模型\963.obj,model00962
train,model00963.mp4,D:\scj\down_load\三七\建筑物模型\964.obj,model00963
train,model00965.mp4,D:\scj\down_load\三七\建筑物模型\966.obj,model00965
train,model00966.mp4,D:\scj\down_load\三七\建筑物模型\967.obj,model00966
train,model00967.mp4,D:\scj\down_load\三七\建筑物模型\968.obj,model00967
train,model00968.mp4,D:\scj\down_load\三七\建筑物模型\969.obj,model00968
train,model00969.mp4,D:\scj\down_load\三七\建筑物模型\970.obj,model00969
train,model00970.mp4,D:\scj\down_load\三七\建筑物模型\971.obj,model00970
train,model00971.mp4,D:\scj\down_load\三七\建筑物模型\972.obj,model00971
train,model00972.mp4,D:\scj\down_load\三七\建筑物模型\973.obj,model00972
train,model00973.mp4,D:\scj\down_load\三七\建筑物模型\974.obj,model00973
train,model00974.mp4,D:\scj\down_load\三七\建筑物模型\975.obj,model00974
train,model00975.mp4,D:\scj\down_load\三七\建筑物模型\976.obj,model00975
train,model00976.mp4,D:\scj\down_load\三七\建筑物模型\977.obj,model00976
train,model00978.mp4,D:\scj\down_load\三七\建筑物模型\979.obj,model00978
train,model00979.mp4,D:\scj\down_load\三七\建筑物模型\980.obj,model00979
train,model00980.mp4,D:\scj\down_load\三七\建筑物模型\981.obj,model00980
train,model00981.mp4,D:\scj\down_load\三七\建筑物模型\982.obj,model00981
train,model00982.mp4,D:\scj\down_load\三七\建筑物模型\983.obj,model00982
train,model00983.mp4,D:\scj\down_load\三七\建筑物模型\984.obj,model00983
train,model00984.mp4,D:\scj\down_load\三七\建筑物模型\985.obj,model00984
train,model00986.mp4,D:\scj\down_load\三七\建筑物模型\987.obj,model00986
train,model00987.mp4,D:\scj\down_load\三七\建筑物模型\988.obj,model00987
train,model00988.mp4,D:\scj\down_load\三七\建筑物模型\989.obj,model00988
train,model00989.mp4,D:\scj\down_load\三七\建筑物模型\990.obj,model00989
train,model00990.mp4,D:\scj\down_load\三七\建筑物模型\991.obj,model00990
train,model00991.mp4,D:\scj\down_load\三七\建筑物模型\992.obj,model00991
train,model00992.mp4,D:\scj\down_load\三七\建筑物模型\993.obj,model00992
train,model00993.mp4,D:\scj\down_load\三七\建筑物模型\994.obj,model00993
train,model00994.mp4,D:\scj\down_load\三七\建筑物模型\995.obj,model00994
train,model00995.mp4,D:\scj\down_load\三七\建筑物模型\996.obj,model00995
train,model00996.mp4,D:\scj\down_load\三七\建筑物模型\997.obj,model00996
train,model00998.mp4,D:\scj\down_load\三七\建筑物模型\999.obj,model00998
train,model00999.mp4,D:\scj\down_load\三七\建筑物模型\1000.obj,model00999
train,model01000.mp4,D:\scj\down_load\三七\建筑物模型\1001.obj,model01000
train,model01001.mp4,D:\scj\down_load\三七\建筑物模型\1002.obj,model01001
train,model01002.mp4,D:\scj\down_load\三七\建筑物模型\1003.obj,model01002
train,model01004.mp4,D:\scj\down_load\三七\建筑物模型\1005.obj,model01004
train,model01005.mp4,D:\scj\down_load\三七\建筑物模型\1006.obj,model01005
train,model01006.mp4,D:\scj\down_load\三七\建筑物模型\1007.obj,model01006
train,model01007.mp4,D:\scj\down_load\三七\建筑物模型\1008.obj,model01007
train,model01008.mp4,D:\scj\down_load\三七\建筑物模型\1009.obj,model01008
train,model01010.mp4,D:\scj\down_load\三七\建筑物模型\1011.obj,model01010
train,model01012.mp4,D:\scj\down_load\三七\建筑物模型\1013.obj,model01012
train,model01013.mp4,D:\scj\down_load\三七\建筑物模型\1014.obj,model01013
train,model01014.mp4,D:\scj\down_load\三七\建筑物模型\1015.obj,model01014
train,model01016.mp4,D:\scj\down_load\三七\建筑物模型\1017.obj,model01016
train,model01017.mp4,D:\scj\down_load\三七\建筑物模型\1018.obj,model01017
train,model01019.mp4,D:\scj\down_load\三七\建筑物模型\1020.obj,model01019
train,model01020.mp4,D:\scj\down_load\三七\建筑物模型\1021.obj,model01020
train,model01021.mp4,D:\scj\down_load\三七\建筑物模型\1022.obj,model01021
train,model01022.mp4,D:\scj\down_load\三七\建筑物模型\1023.obj,model01022
train,model01023.mp4,D:\scj\down_load\三七\建筑物模型\1024.obj,model01023
train,model01025.mp4,D:\scj\down_load\三七\建筑物模型\1026.obj,model01025
train,model01026.mp4,D:\scj\down_load\三七\建筑物模型\1027.obj,model01026
train,model01027.mp4,D:\scj\down_load\三七\建筑物模型\1028.obj,model01027
train,model01028.mp4,D:\scj\down_load\三七\建筑物模型\1029.obj,model01028
train,model01029.mp4,D:\scj\down_load\三七\建筑物模型\1030.obj,model01029
train,model01031.mp4,D:\scj\down_load\三七\建筑物模型\1032.obj,model01031
train,model01032.mp4,D:\scj\down_load\三七\建筑物模型\1033.obj,model01032
train,model01033.mp4,D:\scj\down_load\三七\建筑物模型\1034.obj,model01033
train,model01034.mp4,D:\scj\down_load\三七\建筑物模型\1035.obj,model01034
train,model01035.mp4,D:\scj\down_load\三七\建筑物模型\1036.obj,model01035
train,model01036.mp4,D:\scj\down_load\三七\建筑物模型\1037.obj,model01036
train,model01037.mp4,D:\scj\down_load\三七\建筑物模型\1038.obj,model01037
train,model01038.mp4,D:\scj\down_load\三七\建筑物模型\1039.obj,model01038
train,model01039.mp4,D:\scj\down_load\三七\建筑物模型\1040.obj,model01039
train,model01040.mp4,D:\scj\down_load\三七\建筑物模型\1041.obj,model01040
train,model01041.mp4,D:\scj\down_load\三七\建筑物模型\1042.obj,model01041
train,model01042.mp4,D:\scj\down_load\三七\建筑物模型\1043.obj,model01042
train,model01044.mp4,D:\scj\down_load\三七\建筑物模型\1045.obj,model01044
train,model01045.mp4,D:\scj\down_load\三七\建筑物模型\1046.obj,model01045
train,model01047.mp4,D:\scj\down_load\三七\建筑物模型\1048.obj,model01047
train,model01048.mp4,D:\scj\down_load\三七\建筑物模型\1049.obj,model01048
train,model01049.mp4,D:\scj\down_load\三七\建筑物模型\1050.obj,model01049
train,model01050.mp4,D:\scj\down_load\三七\建筑物模型\1051.obj,model01050
train,model01051.mp4,D:\scj\down_load\三七\建筑物模型\1052.obj,model01051
train,model01052.mp4,D:\scj\down_load\三七\建筑物模型\1053.obj,model01052
train,model01055.mp4,D:\scj\down_load\三七\建筑物模型\1056.obj,model01055
train,model01056.mp4,D:\scj\down_load\三七\建筑物模型\1057.obj,model01056
train,model01057.mp4,D:\scj\down_load\三七\建筑物模型\1058.obj,model01057
train,model01058.mp4,D:\scj\down_load\三七\建筑物模型\1059.obj,model01058
train,model01059.mp4,D:\scj\down_load\三七\建筑物模型\1060.obj,model01059
train,model01060.mp4,D:\scj\down_load\三七\建筑物模型\1061.obj,model01060
train,model01061.mp4,D:\scj\down_load\三七\建筑物模型\1062.obj,model01061
train,model01062.mp4,D:\scj\down_load\三七\建筑物模型\1063.obj,model01062
train,model01064.mp4,D:\scj\down_load\三七\建筑物模型\1065.obj,model01064
train,model01065.mp4,D:\scj\down_load\三七\建筑物模型\1066.obj,model01065
train,model01066.mp4,D:\scj\down_load\三七\建筑物模型\1067.obj,model01066
train,model01068.mp4,D:\scj\down_load\三七\建筑物模型\1069.obj,model01068
train,model01069.mp4,D:\scj\down_load\三七\建筑物模型\1070.obj,model01069
train,model01070.mp4,D:\scj\down_load\三七\建筑物模型\1071.obj,model01070
train,model01071.mp4,D:\scj\down_load\三七\建筑物模型\1072.obj,model01071
train,model01073.mp4,D:\scj\down_load\三七\建筑物模型\1074.obj,model01073
train,model01074.mp4,D:\scj\down_load\三七\建筑物模型\1075.obj,model01074
train,model01075.mp4,D:\scj\down_load\三七\建筑物模型\1076.obj,model01075
train,model01076.mp4,D:\scj\down_load\三七\建筑物模型\1077.obj,model01076
train,model01077.mp4,D:\scj\down_load\三七\建筑物模型\1078.obj,model01077
train,model01078.mp4,D:\scj\down_load\三七\建筑物模型\1079.obj,model01078
train,model01081.mp4,D:\scj\down_load\三七\建筑物模型\1082.obj,model01081
train,model01083.mp4,D:\scj\down_load\三七\建筑物模型\1084.obj,model01083
train,model01084.mp4,D:\scj\down_load\三七\建筑物模型\1085.obj,model01084
train,model01086.mp4,D:\scj\down_load\三七\建筑物模型\1087.obj,model01086
train,model01087.mp4,D:\scj\down_load\三七\建筑物模型\1088.obj,model01087
train,model01088.mp4,D:\scj\down_load\三七\建筑物模型\1089.obj,model01088
train,model01089.mp4,D:\scj\down_load\三七\建筑物模型\1090.obj,model01089
train,model01090.mp4,D:\scj\down_load\三七\建筑物模型\1091.obj,model01090
train,model01091.mp4,D:\scj\down_load\三七\建筑物模型\1092.obj,model01091
train,model01092.mp4,D:\scj\down_load\三七\建筑物模型\1093.obj,model01092
train,model01093.mp4,D:\scj\down_load\三七\建筑物模型\1094.obj,model01093
train,model01094.mp4,D:\scj\down_load\三七\建筑物模型\1095.obj,model01094
train,model01095.mp4,D:\scj\down_load\三七\建筑物模型\1096.obj,model01095
train,model01096.mp4,D:\scj\down_load\三七\建筑物模型\1097.obj,model01096
train,model01097.mp4,D:\scj\down_load\三七\建筑物模型\1098.obj,model01097
train,model01098.mp4,D:\scj\down_load\三七\建筑物模型\1099.obj,model01098
train,model01100.mp4,D:\scj\down_load\三七\建筑物模型\1101.obj,model01100
train,model01103.mp4,D:\scj\down_load\三七\建筑物模型\1104.obj,model01103
train,model01104.mp4,D:\scj\down_load\三七\建筑物模型\1105.obj,model01104
train,model01105.mp4,D:\scj\down_load\三七\建筑物模型\1106.obj,model01105
train,model01106.mp4,D:\scj\down_load\三七\建筑物模型\1107.obj,model01106
train,model01107.mp4,D:\scj\down_load\三七\建筑物模型\1108.obj,model01107
train,model01108.mp4,D:\scj\down_load\三七\建筑物模型\1109.obj,model01108
train,model01109.mp4,D:\scj\down_load\三七\建筑物模型\1110.obj,model01109
train,model01110.mp4,D:\scj\down_load\三七\建筑物模型\1111.obj,model01110
train,model01111.mp4,D:\scj\down_load\三七\建筑物模型\1112.obj,model01111
train,model01112.mp4,D:\scj\down_load\三七\建筑物模型\1113.obj,model01112
train,model01113.mp4,D:\scj\down_load\三七\建筑物模型\1114.obj,model01113
train,model01114.mp4,D:\scj\down_load\三七\建筑物模型\1115.obj,model01114
train,model01115.mp4,D:\scj\down_load\三七\建筑物模型\1116.obj,model01115
train,model01117.mp4,D:\scj\down_load\三七\建筑物模型\1118.obj,model01117
train,model01119.mp4,D:\scj\down_load\三七\建筑物模型\1120.obj,model01119
train,model01120.mp4,D:\scj\down_load\三七\建筑物模型\1121.obj,model01120
train,model01121.mp4,D:\scj\down_load\三七\建筑物模型\1122.obj,model01121
train,model01122.mp4,D:\scj\down_load\三七\建筑物模型\1123.obj,model01122
train,model01123.mp4,D:\scj\down_load\三七\建筑物模型\1124.obj,model01123
train,model01124.mp4,D:\scj\down_load\三七\建筑物模型\1125.obj,model01124
train,model01125.mp4,D:\scj\down_load\三七\建筑物模型\1126.obj,model01125
train,model01128.mp4,D:\scj\down_load\三七\建筑物模型\1129.obj,model01128
train,model01129.mp4,D:\scj\down_load\三七\建筑物模型\1130.obj,model01129
train,model01130.mp4,D:\scj\down_load\三七\建筑物模型\1131.obj,model01130
train,model01131.mp4,D:\scj\down_load\三七\建筑物模型\1132.obj,model01131
train,model01132.mp4,D:\scj\down_load\三七\建筑物模型\1133.obj,model01132
train,model01133.mp4,D:\scj\down_load\三七\建筑物模型\1134.obj,model01133
train,model01134.mp4,D:\scj\down_load\三七\建筑物模型\1135.obj,model01134
train,model01137.mp4,D:\scj\down_load\三七\建筑物模型\1138.obj,model01137
train,model01138.mp4,D:\scj\down_load\三七\建筑物模型\1139.obj,model01138
train,model01139.mp4,D:\scj\down_load\三七\建筑物模型\1140.obj,model01139
train,model01140.mp4,D:\scj\down_load\三七\建筑物模型\1141.obj,model01140
train,model01141.mp4,D:\scj\down_load\三七\建筑物模型\1142.obj,model01141
train,model01142.mp4,D:\scj\down_load\三七\建筑物模型\1143.obj,model01142
train,model01143.mp4,D:\scj\down_load\三七\建筑物模型\1144.obj,model01143
train,model01144.mp4,D:\scj\down_load\三七\建筑物模型\1145.obj,model01144
train,model01145.mp4,D:\scj\down_load\三七\建筑物模型\1146.obj,model01145
train,model01146.mp4,D:\scj\down_load\三七\建筑物模型\1147.obj,model01146
train,model01147.mp4,D:\scj\down_load\三七\建筑物模型\1148.obj,model01147
train,model01148.mp4,D:\scj\down_load\三七\建筑物模型\1149.obj,model01148
train,model01149.mp4,D:\scj\down_load\三七\建筑物模型\1150.obj,model01149
train,model01150.mp4,D:\scj\down_load\三七\建筑物模型\1151.obj,model01150
train,model01151.mp4,D:\scj\down_load\三七\建筑物模型\1152.obj,model01151
train,model01152.mp4,D:\scj\down_load\三七\建筑物模型\1153.obj,model01152
train,model01155.mp4,D:\scj\down_load\三七\建筑物模型\1156.obj,model01155
train,model01157.mp4,D:\scj\down_load\三七\建筑物模型\1158.obj,model01157
train,model01158.mp4,D:\scj\down_load\三七\建筑物模型\1159.obj,model01158
train,model01159.mp4,D:\scj\down_load\三七\建筑物模型\1160.obj,model01159
train,model01160.mp4,D:\scj\down_load\三七\建筑物模型\1161.obj,model01160
train,model01161.mp4,D:\scj\down_load\三七\建筑物模型\1162.obj,model01161
train,model01162.mp4,D:\scj\down_load\三七\建筑物模型\1163.obj,model01162
train,model01163.mp4,D:\scj\down_load\三七\建筑物模型\1164.obj,model01163
train,model01165.mp4,D:\scj\down_load\三七\建筑物模型\1166.obj,model01165
train,model01167.mp4,D:\scj\down_load\三七\建筑物模型\1168.obj,model01167
train,model01168.mp4,D:\scj\down_load\三七\建筑物模型\1169.obj,model01168
train,model01170.mp4,D:\scj\down_load\三七\建筑物模型\1171.obj,model01170
train,model01171.mp4,D:\scj\down_load\三七\建筑物模型\1172.obj,model01171
train,model01173.mp4,D:\scj\down_load\三七\建筑物模型\1174.obj,model01173
train,model01174.mp4,D:\scj\down_load\三七\建筑物模型\1175.obj,model01174
train,model01175.mp4,D:\scj\down_load\三七\建筑物模型\1176.obj,model01175
train,model01176.mp4,D:\scj\down_load\三七\建筑物模型\1177.obj,model01176
train,model01177.mp4,D:\scj\down_load\三七\建筑物模型\1178.obj,model01177
train,model01178.mp4,D:\scj\down_load\三七\建筑物模型\1179.obj,model01178
train,model01179.mp4,D:\scj\down_load\三七\建筑物模型\1180.obj,model01179
train,model01181.mp4,D:\scj\down_load\三七\建筑物模型\1182.obj,model01181
train,model01183.mp4,D:\scj\down_load\三七\建筑物模型\1184.obj,model01183
train,model01184.mp4,D:\scj\down_load\三七\建筑物模型\1185.obj,model01184
train,model01185.mp4,D:\scj\down_load\三七\建筑物模型\1186.obj,model01185
train,model01188.mp4,D:\scj\down_load\三七\建筑物模型\1189.obj,model01188
train,model01189.mp4,D:\scj\down_load\三七\建筑物模型\1190.obj,model01189
train,model01190.mp4,D:\scj\down_load\三七\建筑物模型\1191.obj,model01190
train,model01191.mp4,D:\scj\down_load\三七\建筑物模型\1192.obj,model01191
train,model01192.mp4,D:\scj\down_load\三七\建筑物模型\1193.obj,model01192
train,model01193.mp4,D:\scj\down_load\三七\建筑物模型\1194.obj,model01193
train,model01194.mp4,D:\scj\down_load\三七\建筑物模型\1195.obj,model01194
train,model01196.mp4,D:\scj\down_load\三七\建筑物模型\1197.obj,model01196
train,model01197.mp4,D:\scj\down_load\三七\建筑物模型\1198.obj,model01197
train,model01198.mp4,D:\scj\down_load\三七\建筑物模型\1199.obj,model01198
train,model01200.mp4,D:\scj\down_load\三七\建筑物模型\1201.obj,model01200
train,model01201.mp4,D:\scj\down_load\三七\建筑物模型\1202.obj,model01201
train,model01202.mp4,D:\scj\down_load\三七\建筑物模型\1203.obj,model01202
train,model01203.mp4,D:\scj\down_load\三七\建筑物模型\1204.obj,model01203
train,model01204.mp4,D:\scj\down_load\三七\建筑物模型\1205.obj,model01204
train,model01205.mp4,D:\scj\down_load\三七\建筑物模型\1206.obj,model01205
train,model01206.mp4,D:\scj\down_load\三七\建筑物模型\1207.obj,model01206
train,model01207.mp4,D:\scj\down_load\三七\建筑物模型\1208.obj,model01207
train,model01208.mp4,D:\scj\down_load\三七\建筑物模型\1209.obj,model01208
train,model01209.mp4,D:\scj\down_load\三七\建筑物模型\1210.obj,model01209
train,model01210.mp4,D:\scj\down_load\三七\建筑物模型\1211.obj,model01210
train,model01211.mp4,D:\scj\down_load\三七\建筑物模型\1212.obj,model01211
train,model01212.mp4,D:\scj\down_load\三七\建筑物模型\1213.obj,model01212
train,model01213.mp4,D:\scj\down_load\三七\建筑物模型\1214.obj,model01213
train,model01214.mp4,D:\scj\down_load\三七\建筑物模型\1215.obj,model01214
train,model01215.mp4,D:\scj\down_load\三七\建筑物模型\1216.obj,model01215
train,model01216.mp4,D:\scj\down_load\三七\建筑物模型\1217.obj,model01216
train,model01219.mp4,D:\scj\down_load\三七\建筑物模型\1220.obj,model01219
train,model01220.mp4,D:\scj\down_load\三七\建筑物模型\1221.obj,model01220
train,model01221.mp4,D:\scj\down_load\三七\建筑物模型\1222.obj,model01221
train,model01222.mp4,D:\scj\down_load\三七\建筑物模型\1223.obj,model01222
train,model01223.mp4,D:\scj\down_load\三七\建筑物模型\1224.obj,model01223
train,model01224.mp4,D:\scj\down_load\三七\建筑物模型\1225.obj,model01224
train,model01225.mp4,D:\scj\down_load\三七\建筑物模型\1226.obj,model01225
train,model01226.mp4,D:\scj\down_load\三七\建筑物模型\1227.obj,model01226
train,model01227.mp4,D:\scj\down_load\三七\建筑物模型\1228.obj,model01227
train,model01228.mp4,D:\scj\down_load\三七\建筑物模型\1229.obj,model01228
train,model01229.mp4,D:\scj\down_load\三七\建筑物模型\1230.obj,model01229
train,model01230.mp4,D:\scj\down_load\三七\建筑物模型\1231.obj,model01230
train,model01232.mp4,D:\scj\down_load\三七\建筑物模型\1233.obj,model01232
train,model01233.mp4,D:\scj\down_load\三七\建筑物模型\1234.obj,model01233
train,model01235.mp4,D:\scj\down_load\三七\建筑物模型\1236.obj,model01235
train,model01237.mp4,D:\scj\down_load\三七\建筑物模型\1238.obj,model01237
train,model01238.mp4,D:\scj\down_load\三七\建筑物模型\1239.obj,model01238
train,model01239.mp4,D:\scj\down_load\三七\建筑物模型\1240.obj,model01239
train,model01240.mp4,D:\scj\down_load\三七\建筑物模型\1241.obj,model01240
train,model01241.mp4,D:\scj\down_load\三七\建筑物模型\1242.obj,model01241
train,model01242.mp4,D:\scj\down_load\三七\建筑物模型\1243.obj,model01242
train,model01243.mp4,D:\scj\down_load\三七\建筑物模型\1244.obj,model01243
train,model01244.mp4,D:\scj\down_load\三七\建筑物模型\1245.obj,model01244
train,model01245.mp4,D:\scj\down_load\三七\建筑物模型\1246.obj,model01245
train,model01247.mp4,D:\scj\down_load\三七\建筑物模型\1248.obj,model01247
train,model01248.mp4,D:\scj\down_load\三七\建筑物模型\1249.obj,model01248
train,model01249.mp4,D:\scj\down_load\三七\建筑物模型\1250.obj,model01249
train,model01250.mp4,D:\scj\down_load\三七\建筑物模型\1251.obj,model01250
train,model01252.mp4,D:\scj\down_load\三七\建筑物模型\1253.obj,model01252
train,model01253.mp4,D:\scj\down_load\三七\建筑物模型\1254.obj,model01253
train,model01254.mp4,D:\scj\down_load\三七\建筑物模型\1255.obj,model01254
train,model01255.mp4,D:\scj\down_load\三七\建筑物模型\1256.obj,model01255
train,model01256.mp4,D:\scj\down_load\三七\建筑物模型\1257.obj,model01256
train,model01257.mp4,D:\scj\down_load\三七\建筑物模型\1258.obj,model01257
train,model01258.mp4,D:\scj\down_load\三七\建筑物模型\1259.obj,model01258
train,model01259.mp4,D:\scj\down_load\三七\建筑物模型\1260.obj,model01259
train,model01260.mp4,D:\scj\down_load\三七\建筑物模型\1261.obj,model01260
train,model01261.mp4,D:\scj\down_load\三七\建筑物模型\1262.obj,model01261
train,model01262.mp4,D:\scj\down_load\三七\建筑物模型\1263.obj,model01262
train,model01263.mp4,D:\scj\down_load\三七\建筑物模型\1264.obj,model01263
train,model01264.mp4,D:\scj\down_load\三七\建筑物模型\1265.obj,model01264
train,model01265.mp4,D:\scj\down_load\三七\建筑物模型\1266.obj,model01265
train,model01266.mp4,D:\scj\down_load\三七\建筑物模型\1267.obj,model01266
train,model01267.mp4,D:\scj\down_load\三七\建筑物模型\1268.obj,model01267
train,model01268.mp4,D:\scj\down_load\三七\建筑物模型\1269.obj,model01268
train,model01269.mp4,D:\scj\down_load\三七\建筑物模型\1270.obj,model01269
train,model01270.mp4,D:\scj\down_load\三七\建筑物模型\1271.obj,model01270
train,model01271.mp4,D:\scj\down_load\三七\建筑物模型\1272.obj,model01271
train,model01272.mp4,D:\scj\down_load\三七\建筑物模型\1273.obj,model01272
train,model01274.mp4,D:\scj\down_load\三七\建筑物模型\1275.obj,model01274
train,model01276.mp4,D:\scj\down_load\三七\建筑物模型\1277.obj,model01276
train,model01277.mp4,D:\scj\down_load\三七\建筑物模型\1278.obj,model01277
train,model01278.mp4,D:\scj\down_load\三七\建筑物模型\1279.obj,model01278
train,model01279.mp4,D:\scj\down_load\三七\建筑物模型\1280.obj,model01279
train,model01281.mp4,D:\scj\down_load\三七\建筑物模型\1282.obj,model01281
train,model01282.mp4,D:\scj\down_load\三七\建筑物模型\1283.obj,model01282
train,model01283.mp4,D:\scj\down_load\三七\建筑物模型\1284.obj,model01283
train,model01284.mp4,D:\scj\down_load\三七\建筑物模型\1285.obj,model01284
train,model01285.mp4,D:\scj\down_load\三七\建筑物模型\1286.obj,model01285
train,model01286.mp4,D:\scj\down_load\三七\建筑物模型\1287.obj,model01286
train,model01287.mp4,D:\scj\down_load\三七\建筑物模型\1288.obj,model01287
train,model01288.mp4,D:\scj\down_load\三七\建筑物模型\1289.obj,model01288
train,model01289.mp4,D:\scj\down_load\三七\建筑物模型\1290.obj,model01289
train,model01290.mp4,D:\scj\down_load\三七\建筑物模型\1291.obj,model01290
train,model01291.mp4,D:\scj\down_load\三七\建筑物模型\1292.obj,model01291
train,model01292.mp4,D:\scj\down_load\三七\建筑物模型\1293.obj,model01292
train,model01293.mp4,D:\scj\down_load\三七\建筑物模型\1294.obj,model01293
train,model01294.mp4,D:\scj\down_load\三七\建筑物模型\1295.obj,model01294
train,model01296.mp4,D:\scj\down_load\三七\建筑物模型\1297.obj,model01296
train,model01298.mp4,D:\scj\down_load\三七\建筑物模型\1299.obj,model01298
train,model01300.mp4,D:\scj\down_load\三七\建筑物模型\1301.obj,model01300
train,model01301.mp4,D:\scj\down_load\三七\建筑物模型\1302.obj,model01301
train,model01302.mp4,D:\scj\down_load\三七\建筑物模型\1303.obj,model01302
train,model01304.mp4,D:\scj\down_load\三七\建筑物模型\1305.obj,model01304
train,model01305.mp4,D:\scj\down_load\三七\建筑物模型\1306.obj,model01305
train,model01308.mp4,D:\scj\down_load\三七\建筑物模型\1309.obj,model01308
train,model01309.mp4,D:\scj\down_load\三七\建筑物模型\1310.obj,model01309
train,model01310.mp4,D:\scj\down_load\三七\建筑物模型\1311.obj,model01310
train,model01311.mp4,D:\scj\down_load\三七\建筑物模型\1312.obj,model01311
train,model01312.mp4,D:\scj\down_load\三七\建筑物模型\1313.obj,model01312
train,model01313.mp4,D:\scj\down_load\三七\建筑物模型\1314.obj,model01313
train,model01314.mp4,D:\scj\down_load\三七\建筑物模型\1315.obj,model01314
train,model01315.mp4,D:\scj\down_load\三七\建筑物模型\1316.obj,model01315
train,model01316.mp4,D:\scj\down_load\三七\建筑物模型\1317.obj,model01316
train,model01317.mp4,D:\scj\down_load\三七\建筑物模型\1318.obj,model01317
train,model01319.mp4,D:\scj\down_load\三七\建筑物模型\1320.obj,model01319
train,model01320.mp4,D:\scj\down_load\三七\建筑物模型\1321.obj,model01320
train,model01321.mp4,D:\scj\down_load\三七\建筑物模型\1322.obj,model01321
train,model01322.mp4,D:\scj\down_load\三七\建筑物模型\1323.obj,model01322
train,model01324.mp4,D:\scj\down_load\三七\建筑物模型\1325.obj,model01324
train,model01325.mp4,D:\scj\down_load\三七\建筑物模型\1326.obj,model01325
train,model01326.mp4,D:\scj\down_load\三七\建筑物模型\1327.obj,model01326
train,model01327.mp4,D:\scj\down_load\三七\建筑物模型\1328.obj,model01327
train,model01328.mp4,D:\scj\down_load\三七\建筑物模型\1329.obj,model01328
train,model01329.mp4,D:\scj\down_load\三七\建筑物模型\1330.obj,model01329
train,model01330.mp4,D:\scj\down_load\三七\建筑物模型\1331.obj,model01330
train,model01331.mp4,D:\scj\down_load\三七\建筑物模型\1332.obj,model01331
train,model01332.mp4,D:\scj\down_load\三七\建筑物模型\1333.obj,model01332
train,model01333.mp4,D:\scj\down_load\三七\建筑物模型\1334.obj,model01333
train,model01334.mp4,D:\scj\down_load\三七\建筑物模型\1335.obj,model01334
train,model01335.mp4,D:\scj\down_load\三七\建筑物模型\1336.obj,model01335
train,model01336.mp4,D:\scj\down_load\三七\建筑物模型\1337.obj,model01336
train,model01337.mp4,D:\scj\down_load\三七\建筑物模型\1338.obj,model01337
train,model01338.mp4,D:\scj\down_load\三七\建筑物模型\1339.obj,model01338
train,model01339.mp4,D:\scj\down_load\三七\建筑物模型\1340.obj,model01339
train,model01340.mp4,D:\scj\down_load\三七\建筑物模型\1341.obj,model01340
train,model01342.mp4,D:\scj\down_load\三七\建筑物模型\1343.obj,model01342
train,model01343.mp4,D:\scj\down_load\三七\建筑物模型\1344.obj,model01343
train,model01344.mp4,D:\scj\down_load\三七\建筑物模型\1345.obj,model01344
train,model01345.mp4,D:\scj\down_load\三七\建筑物模型\1346.obj,model01345
train,model01346.mp4,D:\scj\down_load\三七\建筑物模型\1347.obj,model01346
train,model01347.mp4,D:\scj\down_load\三七\建筑物模型\1348.obj,model01347
train,model01348.mp4,D:\scj\down_load\三七\建筑物模型\1349.obj,model01348
train,model01349.mp4,D:\scj\down_load\三七\建筑物模型\1350.obj,model01349
train,model01351.mp4,D:\scj\down_load\三七\建筑物模型\1352.obj,model01351
train,model01353.mp4,D:\scj\down_load\三七\建筑物模型\1354.obj,model01353
train,model01354.mp4,D:\scj\down_load\三七\建筑物模型\1355.obj,model01354
train,model01355.mp4,D:\scj\down_load\三七\建筑物模型\1356.obj,model01355
train,model01357.mp4,D:\scj\down_load\三七\建筑物模型\1358.obj,model01357
train,model01358.mp4,D:\scj\down_load\三七\建筑物模型\1359.obj,model01358
train,model01359.mp4,D:\scj\down_load\三七\建筑物模型\1360.obj,model01359
train,model01360.mp4,D:\scj\down_load\三七\建筑物模型\1361.obj,model01360
train,model01361.mp4,D:\scj\down_load\三七\建筑物模型\1362.obj,model01361
train,model01362.mp4,D:\scj\down_load\三七\建筑物模型\1363.obj,model01362
train,model01363.mp4,D:\scj\down_load\三七\建筑物模型\1364.obj,model01363
train,model01364.mp4,D:\scj\down_load\三七\建筑物模型\1365.obj,model01364
train,model01365.mp4,D:\scj\down_load\三七\建筑物模型\1366.obj,model01365
train,model01366.mp4,D:\scj\down_load\三七\建筑物模型\1367.obj,model01366
train,model01367.mp4,D:\scj\down_load\三七\建筑物模型\1368.obj,model01367
train,model01368.mp4,D:\scj\down_load\三七\建筑物模型\1369.obj,model01368
train,model01371.mp4,D:\scj\down_load\三七\建筑物模型\1372.obj,model01371
train,model01372.mp4,D:\scj\down_load\三七\建筑物模型\1373.obj,model01372
train,model01373.mp4,D:\scj\down_load\三七\建筑物模型\1374.obj,model01373
train,model01374.mp4,D:\scj\down_load\三七\建筑物模型\1375.obj,model01374
train,model01375.mp4,D:\scj\down_load\三七\建筑物模型\1376.obj,model01375
train,model01376.mp4,D:\scj\down_load\三七\建筑物模型\1377.obj,model01376
train,model01377.mp4,D:\scj\down_load\三七\建筑物模型\1378.obj,model01377
train,model01378.mp4,D:\scj\down_load\三七\建筑物模型\1379.obj,model01378
train,model01379.mp4,D:\scj\down_load\三七\建筑物模型\1380.obj,model01379
train,model01380.mp4,D:\scj\down_load\三七\建筑物模型\1381.obj,model01380
train,model01382.mp4,D:\scj\down_load\三七\建筑物模型\1383.obj,model01382
train,model01383.mp4,D:\scj\down_load\三七\建筑物模型\1384.obj,model01383
train,model01384.mp4,D:\scj\down_load\三七\建筑物模型\1385.obj,model01384
train,model01385.mp4,D:\scj\down_load\三七\建筑物模型\1386.obj,model01385
train,model01386.mp4,D:\scj\down_load\三七\建筑物模型\1387.obj,model01386
train,model01387.mp4,D:\scj\down_load\三七\建筑物模型\1388.obj,model01387
train,model01388.mp4,D:\scj\down_load\三七\建筑物模型\1389.obj,model01388
train,model01389.mp4,D:\scj\down_load\三七\建筑物模型\1390.obj,model01389
train,model01390.mp4,D:\scj\down_load\三七\建筑物模型\1391.obj,model01390
train,model01392.mp4,D:\scj\down_load\三七\建筑物模型\1393.obj,model01392
train,model01394.mp4,D:\scj\down_load\三七\建筑物模型\1395.obj,model01394
train,model01395.mp4,D:\scj\down_load\三七\建筑物模型\1396.obj,model01395
train,model01396.mp4,D:\scj\down_load\三七\建筑物模型\1397.obj,model01396
train,model01398.mp4,D:\scj\down_load\三七\建筑物模型\1399.obj,model01398
train,model01399.mp4,D:\scj\down_load\三七\建筑物模型\1400.obj,model01399
train,model01400.mp4,D:\scj\down_load\三七\建筑物模型\1401.obj,model01400
train,model01401.mp4,D:\scj\down_load\三七\建筑物模型\1402.obj,model01401
train,model01402.mp4,D:\scj\down_load\三七\建筑物模型\1403.obj,model01402
train,model01403.mp4,D:\scj\down_load\三七\建筑物模型\1404.obj,model01403
train,model01404.mp4,D:\scj\down_load\三七\建筑物模型\1405.obj,model01404
train,model01406.mp4,D:\scj\down_load\三七\建筑物模型\1407.obj,model01406
train,model01407.mp4,D:\scj\down_load\三七\建筑物模型\1408.obj,model01407
train,model01408.mp4,D:\scj\down_load\三七\建筑物模型\1409.obj,model01408
train,model01409.mp4,D:\scj\down_load\三七\建筑物模型\1410.obj,model01409
train,model01410.mp4,D:\scj\down_load\三七\建筑物模型\1411.obj,model01410
train,model01411.mp4,D:\scj\down_load\三七\建筑物模型\1412.obj,model01411
train,model01412.mp4,D:\scj\down_load\三七\建筑物模型\1413.obj,model01412
train,model01413.mp4,D:\scj\down_load\三七\建筑物模型\1414.obj,model01413
train,model01417.mp4,D:\scj\down_load\三七\建筑物模型\1418.obj,model01417
train,model01419.mp4,D:\scj\down_load\三七\建筑物模型\1420.obj,model01419
train,model01420.mp4,D:\scj\down_load\三七\建筑物模型\1421.obj,model01420
train,model01422.mp4,D:\scj\down_load\三七\建筑物模型\1423.obj,model01422
train,model01424.mp4,D:\scj\down_load\三七\建筑物模型\1425.obj,model01424
train,model01425.mp4,D:\scj\down_load\三七\建筑物模型\1426.obj,model01425
train,model01426.mp4,D:\scj\down_load\三七\建筑物模型\1427.obj,model01426
train,model01427.mp4,D:\scj\down_load\三七\建筑物模型\1428.obj,model01427
train,model01429.mp4,D:\scj\down_load\三七\建筑物模型\1430.obj,model01429
train,model01431.mp4,D:\scj\down_load\三七\建筑物模型\1432.obj,model01431
train,model01432.mp4,D:\scj\down_load\三七\建筑物模型\1433.obj,model01432
train,model01435.mp4,D:\scj\down_load\三七\建筑物模型\1436.obj,model01435
train,model01437.mp4,D:\scj\down_load\三七\建筑物模型\1438.obj,model01437
train,model01438.mp4,D:\scj\down_load\三七\建筑物模型\1439.obj,model01438
train,model01440.mp4,D:\scj\down_load\三七\建筑物模型\1441.obj,model01440
train,model01441.mp4,D:\scj\down_load\三七\建筑物模型\1442.obj,model01441
train,model01442.mp4,D:\scj\down_load\三七\建筑物模型\1443.obj,model01442
train,model01443.mp4,D:\scj\down_load\三七\建筑物模型\1444.obj,model01443
train,model01444.mp4,D:\scj\down_load\三七\建筑物模型\1445.obj,model01444
train,model01445.mp4,D:\scj\down_load\三七\建筑物模型\1446.obj,model01445
train,model01446.mp4,D:\scj\down_load\三七\建筑物模型\1447.obj,model01446
train,model01447.mp4,D:\scj\down_load\三七\建筑物模型\1448.obj,model01447
train,model01448.mp4,D:\scj\down_load\三七\建筑物模型\1449.obj,model01448
train,model01449.mp4,D:\scj\down_load\三七\建筑物模型\1450.obj,model01449
train,model01451.mp4,D:\scj\down_load\三七\建筑物模型\1452.obj,model01451
train,model01452.mp4,D:\scj\down_load\三七\建筑物模型\1453.obj,model01452
train,model01453.mp4,D:\scj\down_load\三七\建筑物模型\1454.obj,model01453
train,model01454.mp4,D:\scj\down_load\三七\建筑物模型\1455.obj,model01454
train,model01455.mp4,D:\scj\down_load\三七\建筑物模型\1456.obj,model01455
train,model01458.mp4,D:\scj\down_load\三七\建筑物模型\1459.obj,model01458
train,model01459.mp4,D:\scj\down_load\三七\建筑物模型\1460.obj,model01459
train,model01460.mp4,D:\scj\down_load\三七\建筑物模型\1461.obj,model01460
train,model01461.mp4,D:\scj\down_load\三七\建筑物模型\1462.obj,model01461
train,model01462.mp4,D:\scj\down_load\三七\建筑物模型\1463.obj,model01462
train,model01463.mp4,D:\scj\down_load\三七\建筑物模型\1464.obj,model01463
train,model01464.mp4,D:\scj\down_load\三七\建筑物模型\1465.obj,model01464
train,model01466.mp4,D:\scj\down_load\三七\建筑物模型\1467.obj,model01466
train,model01469.mp4,D:\scj\down_load\三七\建筑物模型\1470.obj,model01469
train,model01470.mp4,D:\scj\down_load\三七\建筑物模型\1471.obj,model01470
train,model01471.mp4,D:\scj\down_load\三七\建筑物模型\1472.obj,model01471
train,model01472.mp4,D:\scj\down_load\三七\建筑物模型\1473.obj,model01472
train,model01473.mp4,D:\scj\down_load\三七\建筑物模型\1474.obj,model01473
train,model01475.mp4,D:\scj\down_load\三七\建筑物模型\1476.obj,model01475
train,model01478.mp4,D:\scj\down_load\三七\建筑物模型\1479.obj,model01478
train,model01479.mp4,D:\scj\down_load\三七\建筑物模型\1480.obj,model01479
train,model01480.mp4,D:\scj\down_load\三七\建筑物模型\1481.obj,model01480
train,model01481.mp4,D:\scj\down_load\三七\建筑物模型\1482.obj,model01481
train,model01482.mp4,D:\scj\down_load\三七\建筑物模型\1483.obj,model01482
train,model01483.mp4,D:\scj\down_load\三七\建筑物模型\1484.obj,model01483
train,model01484.mp4,D:\scj\down_load\三七\建筑物模型\1485.obj,model01484
train,model01485.mp4,D:\scj\down_load\三七\建筑物模型\1486.obj,model01485
train,model01486.mp4,D:\scj\down_load\三七\建筑物模型\1487.obj,model01486
train,model01487.mp4,D:\scj\down_load\三七\建筑物模型\1488.obj,model01487
train,model01488.mp4,D:\scj\down_load\三七\建筑物模型\1489.obj,model01488
train,model01489.mp4,D:\scj\down_load\三七\建筑物模型\1490.obj,model01489
train,model01491.mp4,D:\scj\down_load\三七\建筑物模型\1492.obj,model01491
train,model01492.mp4,D:\scj\down_load\三七\建筑物模型\1493.obj,model01492
train,model01493.mp4,D:\scj\down_load\三七\建筑物模型\1494.obj,model01493
train,model01494.mp4,D:\scj\down_load\三七\建筑物模型\1495.obj,model01494
train,model01495.mp4,D:\scj\down_load\三七\建筑物模型\1496.obj,model01495
train,model01496.mp4,D:\scj\down_load\三七\建筑物模型\1497.obj,model01496
train,model01497.mp4,D:\scj\down_load\三七\建筑物模型\1498.obj,model01497
train,model01498.mp4,D:\scj\down_load\三七\建筑物模型\1499.obj,model01498
train,model01499.mp4,D:\scj\down_load\三七\建筑物模型\1500.obj,model01499
train,model01500.mp4,D:\scj\down_load\三七\建筑物模型\1501.obj,model01500
train,model01502.mp4,D:\scj\down_load\三七\建筑物模型\1503.obj,model01502
train,model01503.mp4,D:\scj\down_load\三七\建筑物模型\1504.obj,model01503
train,model01504.mp4,D:\scj\down_load\三七\建筑物模型\1505.obj,model01504
train,model01506.mp4,D:\scj\down_load\三七\建筑物模型\1507.obj,model01506
train,model01507.mp4,D:\scj\down_load\三七\建筑物模型\1508.obj,model01507
train,model01508.mp4,D:\scj\down_load\三七\建筑物模型\1509.obj,model01508
train,model01509.mp4,D:\scj\down_load\三七\建筑物模型\1510.obj,model01509
train,model01510.mp4,D:\scj\down_load\三七\建筑物模型\1511.obj,model01510
train,model01511.mp4,D:\scj\down_load\三七\建筑物模型\1512.obj,model01511
train,model01513.mp4,D:\scj\down_load\三七\建筑物模型\1514.obj,model01513
train,model01514.mp4,D:\scj\down_load\三七\建筑物模型\1515.obj,model01514
train,model01515.mp4,D:\scj\down_load\三七\建筑物模型\1516.obj,model01515
train,model01516.mp4,D:\scj\down_load\三七\建筑物模型\1517.obj,model01516
train,model01517.mp4,D:\scj\down_load\三七\建筑物模型\1518.obj,model01517
train,model01519.mp4,D:\scj\down_load\三七\建筑物模型\1520.obj,model01519
train,model01520.mp4,D:\scj\down_load\三七\建筑物模型\1521.obj,model01520
train,model01521.mp4,D:\scj\down_load\三七\建筑物模型\1522.obj,model01521
train,model01523.mp4,D:\scj\down_load\三七\建筑物模型\1524.obj,model01523
train,model01525.mp4,D:\scj\down_load\三七\建筑物模型\1526.obj,model01525
train,model01526.mp4,D:\scj\down_load\三七\建筑物模型\1527.obj,model01526
train,model01528.mp4,D:\scj\down_load\三七\建筑物模型\1529.obj,model01528
train,model01530.mp4,D:\scj\down_load\三七\建筑物模型\1531.obj,model01530
train,model01531.mp4,D:\scj\down_load\三七\建筑物模型\1532.obj,model01531
train,model01532.mp4,D:\scj\down_load\三七\建筑物模型\1533.obj,model01532
train,model01533.mp4,D:\scj\down_load\三七\建筑物模型\1534.obj,model01533
train,model01534.mp4,D:\scj\down_load\三七\建筑物模型\1535.obj,model01534
train,model01535.mp4,D:\scj\down_load\三七\建筑物模型\1536.obj,model01535
train,model01536.mp4,D:\scj\down_load\三七\建筑物模型\1537.obj,model01536
train,model01537.mp4,D:\scj\down_load\三七\建筑物模型\1538.obj,model01537
train,model01538.mp4,D:\scj\down_load\三七\建筑物模型\1539.obj,model01538
train,model01539.mp4,D:\scj\down_load\三七\建筑物模型\1540.obj,model01539
train,model01541.mp4,D:\scj\down_load\三七\建筑物模型\1542.obj,model01541
train,model01543.mp4,D:\scj\down_load\三七\建筑物模型\1544.obj,model01543
train,model01544.mp4,D:\scj\down_load\三七\建筑物模型\1545.obj,model01544
train,model01545.mp4,D:\scj\down_load\三七\建筑物模型\1546.obj,model01545
train,model01546.mp4,D:\scj\down_load\三七\建筑物模型\1547.obj,model01546
train,model01547.mp4,D:\scj\down_load\三七\建筑物模型\1548.obj,model01547
train,model01548.mp4,D:\scj\down_load\三七\建筑物模型\1549.obj,model01548
train,model01549.mp4,D:\scj\down_load\三七\建筑物模型\1550.obj,model01549
train,model01550.mp4,D:\scj\down_load\三七\建筑物模型\1551.obj,model01550
train,model01551.mp4,D:\scj\down_load\三七\建筑物模型\1552.obj,model01551
train,model01553.mp4,D:\scj\down_load\三七\建筑物模型\1554.obj,model01553
train,model01555.mp4,D:\scj\down_load\三七\建筑物模型\1556.obj,model01555
train,model01556.mp4,D:\scj\down_load\三七\建筑物模型\1557.obj,model01556
train,model01557.mp4,D:\scj\down_load\三七\建筑物模型\1558.obj,model01557
train,model01558.mp4,D:\scj\down_load\三七\建筑物模型\1559.obj,model01558
train,model01560.mp4,D:\scj\down_load\三七\建筑物模型\1561.obj,model01560
train,model01561.mp4,D:\scj\down_load\三七\建筑物模型\1562.obj,model01561
train,model01562.mp4,D:\scj\down_load\三七\建筑物模型\1563.obj,model01562
train,model01563.mp4,D:\scj\down_load\三七\建筑物模型\1564.obj,model01563
train,model01564.mp4,D:\scj\down_load\三七\建筑物模型\1565.obj,model01564
train,model01565.mp4,D:\scj\down_load\三七\建筑物模型\1566.obj,model01565
train,model01567.mp4,D:\scj\down_load\三七\建筑物模型\1568.obj,model01567
train,model01568.mp4,D:\scj\down_load\三七\建筑物模型\1569.obj,model01568
train,model01569.mp4,D:\scj\down_load\三七\建筑物模型\1570.obj,model01569
train,model01570.mp4,D:\scj\down_load\三七\建筑物模型\1571.obj,model01570
train,model01571.mp4,D:\scj\down_load\三七\建筑物模型\1572.obj,model01571
train,model01572.mp4,D:\scj\down_load\三七\建筑物模型\1573.obj,model01572
train,model01573.mp4,D:\scj\down_load\三七\建筑物模型\1574.obj,model01573
train,model01574.mp4,D:\scj\down_load\三七\建筑物模型\1575.obj,model01574
train,model01575.mp4,D:\scj\down_load\三七\建筑物模型\1576.obj,model01575
train,model01576.mp4,D:\scj\down_load\三七\建筑物模型\1577.obj,model01576
train,model01577.mp4,D:\scj\down_load\三七\建筑物模型\1578.obj,model01577
train,model01578.mp4,D:\scj\down_load\三七\建筑物模型\1579.obj,model01578
train,model01579.mp4,D:\scj\down_load\三七\建筑物模型\1580.obj,model01579
train,model01581.mp4,D:\scj\down_load\三七\建筑物模型\1582.obj,model01581
train,model01582.mp4,D:\scj\down_load\三七\建筑物模型\1583.obj,model01582
train,model01584.mp4,D:\scj\down_load\三七\建筑物模型\1585.obj,model01584
train,model01586.mp4,D:\scj\down_load\三七\建筑物模型\1587.obj,model01586
train,model01587.mp4,D:\scj\down_load\三七\建筑物模型\1588.obj,model01587
train,model01588.mp4,D:\scj\down_load\三七\建筑物模型\1589.obj,model01588
train,model01589.mp4,D:\scj\down_load\三七\建筑物模型\1590.obj,model01589
train,model01590.mp4,D:\scj\down_load\三七\建筑物模型\1591.obj,model01590
train,model01591.mp4,D:\scj\down_load\三七\建筑物模型\1592.obj,model01591
train,model01593.mp4,D:\scj\down_load\三七\建筑物模型\1594.obj,model01593
train,model01594.mp4,D:\scj\down_load\三七\建筑物模型\1595.obj,model01594
train,model01595.mp4,D:\scj\down_load\三七\建筑物模型\1596.obj,model01595
train,model01596.mp4,D:\scj\down_load\三七\建筑物模型\1597.obj,model01596
train,model01598.mp4,D:\scj\down_load\三七\建筑物模型\1599.obj,model01598
train,model01599.mp4,D:\scj\down_load\三七\建筑物模型\1600.obj,model01599
train,model01602.mp4,D:\scj\down_load\三七\建筑物模型\1603.obj,model01602
train,model01603.mp4,D:\scj\down_load\三七\建筑物模型\1604.obj,model01603
train,model01605.mp4,D:\scj\down_load\三七\建筑物模型\1606.obj,model01605
train,model01606.mp4,D:\scj\down_load\三七\建筑物模型\1607.obj,model01606
train,model01607.mp4,D:\scj\down_load\三七\建筑物模型\1608.obj,model01607
train,model01609.mp4,D:\scj\down_load\三七\建筑物模型\1610.obj,model01609
train,model01610.mp4,D:\scj\down_load\三七\建筑物模型\1611.obj,model01610
train,model01611.mp4,D:\scj\down_load\三七\建筑物模型\1612.obj,model01611
train,model01613.mp4,D:\scj\down_load\三七\建筑物模型\1614.obj,model01613
train,model01614.mp4,D:\scj\down_load\三七\建筑物模型\1615.obj,model01614
train,model01615.mp4,D:\scj\down_load\三七\建筑物模型\1616.obj,model01615
train,model01616.mp4,D:\scj\down_load\三七\建筑物模型\1617.obj,model01616
train,model01617.mp4,D:\scj\down_load\三七\建筑物模型\1618.obj,model01617
train,model01618.mp4,D:\scj\down_load\三七\建筑物模型\1619.obj,model01618
train,model01619.mp4,D:\scj\down_load\三七\建筑物模型\1620.obj,model01619
train,model01621.mp4,D:\scj\down_load\三七\建筑物模型\1622.obj,model01621
train,model01622.mp4,D:\scj\down_load\三七\建筑物模型\1623.obj,model01622
train,model01623.mp4,D:\scj\down_load\三七\建筑物模型\1624.obj,model01623
train,model01624.mp4,D:\scj\down_load\三七\建筑物模型\1625.obj,model01624
train,model01625.mp4,D:\scj\down_load\三七\建筑物模型\1626.obj,model01625
train,model01626.mp4,D:\scj\down_load\三七\建筑物模型\1627.obj,model01626
train,model01627.mp4,D:\scj\down_load\三七\建筑物模型\1628.obj,model01627
train,model01628.mp4,D:\scj\down_load\三七\建筑物模型\1629.obj,model01628
train,model01631.mp4,D:\scj\down_load\三七\建筑物模型\1632.obj,model01631
train,model01632.mp4,D:\scj\down_load\三七\建筑物模型\1633.obj,model01632
train,model01633.mp4,D:\scj\down_load\三七\建筑物模型\1634.obj,model01633
train,model01634.mp4,D:\scj\down_load\三七\建筑物模型\1635.obj,model01634
train,model01635.mp4,D:\scj\down_load\三七\建筑物模型\1636.obj,model01635
train,model01636.mp4,D:\scj\down_load\三七\建筑物模型\1637.obj,model01636
train,model01637.mp4,D:\scj\down_load\三七\建筑物模型\1638.obj,model01637
train,model01638.mp4,D:\scj\down_load\三七\建筑物模型\1639.obj,model01638
train,model01639.mp4,D:\scj\down_load\三七\建筑物模型\1640.obj,model01639
train,model01640.mp4,D:\scj\down_load\三七\建筑物模型\1641.obj,model01640
train,model01642.mp4,D:\scj\down_load\三七\建筑物模型\1643.obj,model01642
train,model01643.mp4,D:\scj\down_load\三七\建筑物模型\1644.obj,model01643
train,model01644.mp4,D:\scj\down_load\三七\建筑物模型\1645.obj,model01644
train,model01645.mp4,D:\scj\down_load\三七\建筑物模型\1646.obj,model01645
train,model01647.mp4,D:\scj\down_load\三七\建筑物模型\1648.obj,model01647
train,model01648.mp4,D:\scj\down_load\三七\建筑物模型\1649.obj,model01648
train,model01649.mp4,D:\scj\down_load\三七\建筑物模型\1650.obj,model01649
train,model01650.mp4,D:\scj\down_load\三七\建筑物模型\1651.obj,model01650
train,model01651.mp4,D:\scj\down_load\三七\建筑物模型\1652.obj,model01651
train,model01653.mp4,D:\scj\down_load\三七\建筑物模型\1654.obj,model01653
train,model01654.mp4,D:\scj\down_load\三七\建筑物模型\1655.obj,model01654
train,model01655.mp4,D:\scj\down_load\三七\建筑物模型\1656.obj,model01655
train,model01656.mp4,D:\scj\down_load\三七\建筑物模型\1657.obj,model01656
train,model01657.mp4,D:\scj\down_load\三七\建筑物模型\1658.obj,model01657
train,model01658.mp4,D:\scj\down_load\三七\建筑物模型\1659.obj,model01658
train,model01660.mp4,D:\scj\down_load\三七\建筑物模型\1661.obj,model01660
train,model01661.mp4,D:\scj\down_load\三七\建筑物模型\1662.obj,model01661
train,model01664.mp4,D:\scj\down_load\三七\建筑物模型\1665.obj,model01664
train,model01665.mp4,D:\scj\down_load\三七\建筑物模型\1666.obj,model01665
train,model01666.mp4,D:\scj\down_load\三七\建筑物模型\1667.obj,model01666
train,model01667.mp4,D:\scj\down_load\三七\建筑物模型\1668.obj,model01667
train,model01668.mp4,D:\scj\down_load\三七\建筑物模型\1669.obj,model01668
train,model01669.mp4,D:\scj\down_load\三七\建筑物模型\1670.obj,model01669
train,model01670.mp4,D:\scj\down_load\三七\建筑物模型\1671.obj,model01670
train,model01672.mp4,D:\scj\down_load\三七\建筑物模型\1673.obj,model01672
train,model01673.mp4,D:\scj\down_load\三七\建筑物模型\1674.obj,model01673
train,model01674.mp4,D:\scj\down_load\三七\建筑物模型\1675.obj,model01674
train,model01675.mp4,D:\scj\down_load\三七\建筑物模型\1676.obj,model01675
train,model01677.mp4,D:\scj\down_load\三七\建筑物模型\1678.obj,model01677
train,model01679.mp4,D:\scj\down_load\三七\建筑物模型\1680.obj,model01679
train,model01680.mp4,D:\scj\down_load\三七\建筑物模型\1681.obj,model01680
train,model01681.mp4,D:\scj\down_load\三七\建筑物模型\1682.obj,model01681
train,model01682.mp4,D:\scj\down_load\三七\建筑物模型\1683.obj,model01682
train,model01683.mp4,D:\scj\down_load\三七\建筑物模型\1684.obj,model01683
train,model01684.mp4,D:\scj\down_load\三七\建筑物模型\1685.obj,model01684
train,model01685.mp4,D:\scj\down_load\三七\建筑物模型\1686.obj,model01685
train,model01686.mp4,D:\scj\down_load\三七\建筑物模型\1687.obj,model01686
train,model01687.mp4,D:\scj\down_load\三七\建筑物模型\1688.obj,model01687
train,model01688.mp4,D:\scj\down_load\三七\建筑物模型\1689.obj,model01688
train,model01690.mp4,D:\scj\down_load\三七\建筑物模型\1691.obj,model01690
train,model01691.mp4,D:\scj\down_load\三七\建筑物模型\1692.obj,model01691
train,model01692.mp4,D:\scj\down_load\三七\建筑物模型\1693.obj,model01692
train,model01694.mp4,D:\scj\down_load\三七\建筑物模型\1695.obj,model01694
train,model01696.mp4,D:\scj\down_load\三七\建筑物模型\1697.obj,model01696
train,model01698.mp4,D:\scj\down_load\三七\建筑物模型\1699.obj,model01698
train,model01701.mp4,D:\scj\down_load\三七\建筑物模型\1702.obj,model01701
train,model01702.mp4,D:\scj\down_load\三七\建筑物模型\1703.obj,model01702
train,model01703.mp4,D:\scj\down_load\三七\建筑物模型\1704.obj,model01703
train,model01704.mp4,D:\scj\down_load\三七\建筑物模型\1705.obj,model01704
train,model01705.mp4,D:\scj\down_load\三七\建筑物模型\1706.obj,model01705
train,model01707.mp4,D:\scj\down_load\三七\建筑物模型\1708.obj,model01707
train,model01708.mp4,D:\scj\down_load\三七\建筑物模型\1709.obj,model01708
train,model01709.mp4,D:\scj\down_load\三七\建筑物模型\1710.obj,model01709
train,model01711.mp4,D:\scj\down_load\三七\建筑物模型\1712.obj,model01711
train,model01712.mp4,D:\scj\down_load\三七\建筑物模型\1713.obj,model01712
train,model01713.mp4,D:\scj\down_load\三七\建筑物模型\1714.obj,model01713
train,model01715.mp4,D:\scj\down_load\三七\建筑物模型\1716.obj,model01715
train,model01716.mp4,D:\scj\down_load\三七\建筑物模型\1717.obj,model01716
train,model01717.mp4,D:\scj\down_load\三七\建筑物模型\1718.obj,model01717
train,model01718.mp4,D:\scj\down_load\三七\建筑物模型\1719.obj,model01718
train,model01719.mp4,D:\scj\down_load\三七\建筑物模型\1720.obj,model01719
train,model01721.mp4,D:\scj\down_load\三七\建筑物模型\1722.obj,model01721
train,model01722.mp4,D:\scj\down_load\三七\建筑物模型\1723.obj,model01722
train,model01723.mp4,D:\scj\down_load\三七\建筑物模型\1724.obj,model01723
train,model01724.mp4,D:\scj\down_load\三七\建筑物模型\1725.obj,model01724
train,model01726.mp4,D:\scj\down_load\三七\建筑物模型\1727.obj,model01726
train,model01727.mp4,D:\scj\down_load\三七\建筑物模型\1728.obj,model01727
train,model01728.mp4,D:\scj\down_load\三七\建筑物模型\1729.obj,model01728
train,model01729.mp4,D:\scj\down_load\三七\建筑物模型\1730.obj,model01729
train,model01731.mp4,D:\scj\down_load\三七\建筑物模型\1732.obj,model01731
train,model01732.mp4,D:\scj\down_load\三七\建筑物模型\1733.obj,model01732
train,model01733.mp4,D:\scj\down_load\三七\建筑物模型\1734.obj,model01733
train,model01734.mp4,D:\scj\down_load\三七\建筑物模型\1735.obj,model01734
train,model01736.mp4,D:\scj\down_load\三七\建筑物模型\1737.obj,model01736
train,model01740.mp4,D:\scj\down_load\三七\建筑物模型\1741.obj,model01740
train,model01742.mp4,D:\scj\down_load\三七\建筑物模型\1743.obj,model01742
train,model01743.mp4,D:\scj\down_load\三七\建筑物模型\1744.obj,model01743
train,model01744.mp4,D:\scj\down_load\三七\建筑物模型\1745.obj,model01744
train,model01746.mp4,D:\scj\down_load\三七\建筑物模型\1747.obj,model01746
train,model01747.mp4,D:\scj\down_load\三七\建筑物模型\1748.obj,model01747
train,model01748.mp4,D:\scj\down_load\三七\建筑物模型\1749.obj,model01748
train,model01749.mp4,D:\scj\down_load\三七\建筑物模型\1750.obj,model01749
train,model01750.mp4,D:\scj\down_load\三七\建筑物模型\1751.obj,model01750
train,model01752.mp4,D:\scj\down_load\三七\建筑物模型\1753.obj,model01752
train,model01753.mp4,D:\scj\down_load\三七\建筑物模型\1754.obj,model01753
train,model01754.mp4,D:\scj\down_load\三七\建筑物模型\1755.obj,model01754
train,model01755.mp4,D:\scj\down_load\三七\建筑物模型\1756.obj,model01755
train,model01757.mp4,D:\scj\down_load\三七\建筑物模型\1758.obj,model01757
train,model01758.mp4,D:\scj\down_load\三七\建筑物模型\1759.obj,model01758
train,model01759.mp4,D:\scj\down_load\三七\建筑物模型\1760.obj,model01759
train,model01760.mp4,D:\scj\down_load\三七\建筑物模型\1761.obj,model01760
train,model01761.mp4,D:\scj\down_load\三七\建筑物模型\1762.obj,model01761
train,model01763.mp4,D:\scj\down_load\三七\建筑物模型\1764.obj,model01763
train,model01764.mp4,D:\scj\down_load\三七\建筑物模型\1765.obj,model01764
train,model01765.mp4,D:\scj\down_load\三七\建筑物模型\1766.obj,model01765
train,model01767.mp4,D:\scj\down_load\三七\建筑物模型\1768.obj,model01767
train,model01768.mp4,D:\scj\down_load\三七\建筑物模型\1769.obj,model01768
train,model01769.mp4,D:\scj\down_load\三七\建筑物模型\1770.obj,model01769
train,model01770.mp4,D:\scj\down_load\三七\建筑物模型\1771.obj,model01770
train,model01771.mp4,D:\scj\down_load\三七\建筑物模型\1772.obj,model01771
train,model01772.mp4,D:\scj\down_load\三七\建筑物模型\1773.obj,model01772
train,model01773.mp4,D:\scj\down_load\三七\建筑物模型\1774.obj,model01773
train,model01774.mp4,D:\scj\down_load\三七\建筑物模型\1775.obj,model01774
train,model01775.mp4,D:\scj\down_load\三七\建筑物模型\1776.obj,model01775
train,model01778.mp4,D:\scj\down_load\三七\建筑物模型\1779.obj,model01778
train,model01780.mp4,D:\scj\down_load\三七\建筑物模型\1781.obj,model01780
train,model01781.mp4,D:\scj\down_load\三七\建筑物模型\1782.obj,model01781
train,model01782.mp4,D:\scj\down_load\三七\建筑物模型\1783.obj,model01782
train,model01783.mp4,D:\scj\down_load\三七\建筑物模型\1784.obj,model01783
train,model01784.mp4,D:\scj\down_load\三七\建筑物模型\1785.obj,model01784
train,model01785.mp4,D:\scj\down_load\三七\建筑物模型\1786.obj,model01785
train,model01786.mp4,D:\scj\down_load\三七\建筑物模型\1787.obj,model01786
train,model01788.mp4,D:\scj\down_load\三七\建筑物模型\1789.obj,model01788
train,model01789.mp4,D:\scj\down_load\三七\建筑物模型\1790.obj,model01789
train,model01790.mp4,D:\scj\down_load\三七\建筑物模型\1791.obj,model01790
train,model01791.mp4,D:\scj\down_load\三七\建筑物模型\1792.obj,model01791
train,model01793.mp4,D:\scj\down_load\三七\建筑物模型\1794.obj,model01793
train,model01794.mp4,D:\scj\down_load\三七\建筑物模型\1795.obj,model01794
train,model01796.mp4,D:\scj\down_load\三七\建筑物模型\1797.obj,model01796
train,model01797.mp4,D:\scj\down_load\三七\建筑物模型\1798.obj,model01797
train,model01798.mp4,D:\scj\down_load\三七\建筑物模型\1799.obj,model01798
train,model01799.mp4,D:\scj\down_load\三七\建筑物模型\1800.obj,model01799
train,model01800.mp4,D:\scj\down_load\三七\建筑物模型\1801.obj,model01800
train,model01801.mp4,D:\scj\down_load\三七\建筑物模型\1802.obj,model01801
train,model01803.mp4,D:\scj\down_load\三七\建筑物模型\1804.obj,model01803
train,model01804.mp4,D:\scj\down_load\三七\建筑物模型\1805.obj,model01804
train,model01805.mp4,D:\scj\down_load\三七\建筑物模型\1806.obj,model01805
train,model01807.mp4,D:\scj\down_load\三七\建筑物模型\1808.obj,model01807
train,model01808.mp4,D:\scj\down_load\三七\建筑物模型\1809.obj,model01808
train,model01809.mp4,D:\scj\down_load\三七\建筑物模型\1810.obj,model01809
train,model01813.mp4,D:\scj\down_load\三七\建筑物模型\1814.obj,model01813
train,model01814.mp4,D:\scj\down_load\三七\建筑物模型\1815.obj,model01814
train,model01815.mp4,D:\scj\down_load\三七\建筑物模型\1816.obj,model01815
train,model01816.mp4,D:\scj\down_load\三七\建筑物模型\1817.obj,model01816
train,model01817.mp4,D:\scj\down_load\三七\建筑物模型\1818.obj,model01817
train,model01818.mp4,D:\scj\down_load\三七\建筑物模型\1819.obj,model01818
train,model01819.mp4,D:\scj\down_load\三七\建筑物模型\1820.obj,model01819
train,model01821.mp4,D:\scj\down_load\三七\建筑物模型\1822.obj,model01821
train,model01822.mp4,D:\scj\down_load\三七\建筑物模型\1823.obj,model01822
train,model01823.mp4,D:\scj\down_load\三七\建筑物模型\1824.obj,model01823
train,model01824.mp4,D:\scj\down_load\三七\建筑物模型\1825.obj,model01824
train,model01825.mp4,D:\scj\down_load\三七\建筑物模型\1826.obj,model01825
train,model01826.mp4,D:\scj\down_load\三七\建筑物模型\1827.obj,model01826
train,model01827.mp4,D:\scj\down_load\三七\建筑物模型\1828.obj,model01827
train,model01830.mp4,D:\scj\down_load\三七\建筑物模型\1831.obj,model01830
train,model01831.mp4,D:\scj\down_load\三七\建筑物模型\1832.obj,model01831
train,model01832.mp4,D:\scj\down_load\三七\建筑物模型\1833.obj,model01832
train,model01834.mp4,D:\scj\down_load\三七\建筑物模型\1835.obj,model01834
train,model01835.mp4,D:\scj\down_load\三七\建筑物模型\1836.obj,model01835
train,model01836.mp4,D:\scj\down_load\三七\建筑物模型\1837.obj,model01836
train,model01837.mp4,D:\scj\down_load\三七\建筑物模型\1838.obj,model01837
train,model01838.mp4,D:\scj\down_load\三七\建筑物模型\1839.obj,model01838
train,model01839.mp4,D:\scj\down_load\三七\建筑物模型\1840.obj,model01839
train,model01840.mp4,D:\scj\down_load\三七\建筑物模型\1841.obj,model01840
train,model01841.mp4,D:\scj\down_load\三七\建筑物模型\1842.obj,model01841
train,model01842.mp4,D:\scj\down_load\三七\建筑物模型\1843.obj,model01842
train,model01844.mp4,D:\scj\down_load\三七\建筑物模型\1845.obj,model01844
train,model01845.mp4,D:\scj\down_load\三七\建筑物模型\1846.obj,model01845
train,model01846.mp4,D:\scj\down_load\三七\建筑物模型\1847.obj,model01846
train,model01847.mp4,D:\scj\down_load\三七\建筑物模型\1848.obj,model01847
train,model01848.mp4,D:\scj\down_load\三七\建筑物模型\1849.obj,model01848
train,model01849.mp4,D:\scj\down_load\三七\建筑物模型\1850.obj,model01849
train,model01851.mp4,D:\scj\down_load\三七\建筑物模型\1852.obj,model01851
train,model01852.mp4,D:\scj\down_load\三七\建筑物模型\1853.obj,model01852
train,model01853.mp4,D:\scj\down_load\三七\建筑物模型\1854.obj,model01853
train,model01854.mp4,D:\scj\down_load\三七\建筑物模型\1855.obj,model01854
train,model01855.mp4,D:\scj\down_load\三七\建筑物模型\1856.obj,model01855
train,model01856.mp4,D:\scj\down_load\三七\建筑物模型\1857.obj,model01856
train,model01859.mp4,D:\scj\down_load\三七\建筑物模型\1860.obj,model01859
train,model01861.mp4,D:\scj\down_load\三七\建筑物模型\1862.obj,model01861
train,model01863.mp4,D:\scj\down_load\三七\建筑物模型\1864.obj,model01863
train,model01864.mp4,D:\scj\down_load\三七\建筑物模型\1865.obj,model01864
train,model01865.mp4,D:\scj\down_load\三七\建筑物模型\1866.obj,model01865
train,model01867.mp4,D:\scj\down_load\三七\建筑物模型\1868.obj,model01867
train,model01868.mp4,D:\scj\down_load\三七\建筑物模型\1869.obj,model01868
train,model01869.mp4,D:\scj\down_load\三七\建筑物模型\1870.obj,model01869
train,model01870.mp4,D:\scj\down_load\三七\建筑物模型\1871.obj,model01870
train,model01872.mp4,D:\scj\down_load\三七\建筑物模型\1873.obj,model01872
train,model01873.mp4,D:\scj\down_load\三七\建筑物模型\1874.obj,model01873
train,model01874.mp4,D:\scj\down_load\三七\建筑物模型\1875.obj,model01874
train,model01875.mp4,D:\scj\down_load\三七\建筑物模型\1876.obj,model01875
train,model01876.mp4,D:\scj\down_load\三七\建筑物模型\1877.obj,model01876
train,model01877.mp4,D:\scj\down_load\三七\建筑物模型\1878.obj,model01877
train,model01878.mp4,D:\scj\down_load\三七\建筑物模型\1879.obj,model01878
train,model01879.mp4,D:\scj\down_load\三七\建筑物模型\1880.obj,model01879
train,model01880.mp4,D:\scj\down_load\三七\建筑物模型\1881.obj,model01880
train,model01881.mp4,D:\scj\down_load\三七\建筑物模型\1882.obj,model01881
train,model01882.mp4,D:\scj\down_load\三七\建筑物模型\1883.obj,model01882
train,model01883.mp4,D:\scj\down_load\三七\建筑物模型\1884.obj,model01883
train,model01884.mp4,D:\scj\down_load\三七\建筑物模型\1885.obj,model01884
train,model01886.mp4,D:\scj\down_load\三七\建筑物模型\1887.obj,model01886
train,model01887.mp4,D:\scj\down_load\三七\建筑物模型\1888.obj,model01887
train,model01889.mp4,D:\scj\down_load\三七\建筑物模型\1890.obj,model01889
train,model01890.mp4,D:\scj\down_load\三七\建筑物模型\1891.obj,model01890
train,model01891.mp4,D:\scj\down_load\三七\建筑物模型\1892.obj,model01891
train,model01892.mp4,D:\scj\down_load\三七\建筑物模型\1893.obj,model01892
train,model01893.mp4,D:\scj\down_load\三七\建筑物模型\1894.obj,model01893
train,model01895.mp4,D:\scj\down_load\三七\建筑物模型\1896.obj,model01895
train,model01896.mp4,D:\scj\down_load\三七\建筑物模型\1897.obj,model01896
train,model01898.mp4,D:\scj\down_load\三七\建筑物模型\1899.obj,model01898
train,model01899.mp4,D:\scj\down_load\三七\建筑物模型\1900.obj,model01899
train,model01901.mp4,D:\scj\down_load\三七\建筑物模型\1902.obj,model01901
train,model01902.mp4,D:\scj\down_load\三七\建筑物模型\1903.obj,model01902
train,model01903.mp4,D:\scj\down_load\三七\建筑物模型\1904.obj,model01903
train,model01904.mp4,D:\scj\down_load\三七\建筑物模型\1905.obj,model01904
train,model01905.mp4,D:\scj\down_load\三七\建筑物模型\1906.obj,model01905
train,model01907.mp4,D:\scj\down_load\三七\建筑物模型\1908.obj,model01907
train,model01908.mp4,D:\scj\down_load\三七\建筑物模型\1909.obj,model01908
train,model01909.mp4,D:\scj\down_load\三七\建筑物模型\1910.obj,model01909
train,model01910.mp4,D:\scj\down_load\三七\建筑物模型\1911.obj,model01910
train,model01911.mp4,D:\scj\down_load\三七\建筑物模型\1912.obj,model01911
train,model01912.mp4,D:\scj\down_load\三七\建筑物模型\1913.obj,model01912
train,model01913.mp4,D:\scj\down_load\三七\建筑物模型\1914.obj,model01913
train,model01914.mp4,D:\scj\down_load\三七\建筑物模型\1915.obj,model01914
train,model01915.mp4,D:\scj\down_load\三七\建筑物模型\1916.obj,model01915
train,model01916.mp4,D:\scj\down_load\三七\建筑物模型\1917.obj,model01916
train,model01917.mp4,D:\scj\down_load\三七\建筑物模型\1918.obj,model01917
train,model01918.mp4,D:\scj\down_load\三七\建筑物模型\1919.obj,model01918
train,model01920.mp4,D:\scj\down_load\三七\建筑物模型\1921.obj,model01920
train,model01922.mp4,D:\scj\down_load\三七\建筑物模型\1923.obj,model01922
train,model01923.mp4,D:\scj\down_load\三七\建筑物模型\1924.obj,model01923
train,model01925.mp4,D:\scj\down_load\三七\建筑物模型\1926.obj,model01925
train,model01927.mp4,D:\scj\down_load\三七\建筑物模型\1928.obj,model01927
train,model01928.mp4,D:\scj\down_load\三七\建筑物模型\1929.obj,model01928
train,model01929.mp4,D:\scj\down_load\三七\建筑物模型\1930.obj,model01929
train,model01930.mp4,D:\scj\down_load\三七\建筑物模型\1931.obj,model01930
train,model01934.mp4,D:\scj\down_load\三七\建筑物模型\1935.obj,model01934
train,model01935.mp4,D:\scj\down_load\三七\建筑物模型\1936.obj,model01935
train,model01936.mp4,D:\scj\down_load\三七\建筑物模型\1937.obj,model01936
train,model01937.mp4,D:\scj\down_load\三七\建筑物模型\1938.obj,model01937
train,model01939.mp4,D:\scj\down_load\三七\建筑物模型\1940.obj,model01939
train,model01940.mp4,D:\scj\down_load\三七\建筑物模型\1941.obj,model01940
train,model01941.mp4,D:\scj\down_load\三七\建筑物模型\1942.obj,model01941
train,model01942.mp4,D:\scj\down_load\三七\建筑物模型\1943.obj,model01942
train,model01943.mp4,D:\scj\down_load\三七\建筑物模型\1944.obj,model01943
train,model01944.mp4,D:\scj\down_load\三七\建筑物模型\1945.obj,model01944
train,model01945.mp4,D:\scj\down_load\三七\建筑物模型\1946.obj,model01945
train,model01948.mp4,D:\scj\down_load\三七\建筑物模型\1949.obj,model01948
train,model01949.mp4,D:\scj\down_load\三七\建筑物模型\1950.obj,model01949
train,model01950.mp4,D:\scj\down_load\三七\建筑物模型\1951.obj,model01950
train,model01952.mp4,D:\scj\down_load\三七\建筑物模型\1953.obj,model01952
train,model01953.mp4,D:\scj\down_load\三七\建筑物模型\1954.obj,model01953
train,model01954.mp4,D:\scj\down_load\三七\建筑物模型\1955.obj,model01954
train,model01955.mp4,D:\scj\down_load\三七\建筑物模型\1956.obj,model01955
train,model01956.mp4,D:\scj\down_load\三七\建筑物模型\1957.obj,model01956
train,model01957.mp4,D:\scj\down_load\三七\建筑物模型\1958.obj,model01957
train,model01958.mp4,D:\scj\down_load\三七\建筑物模型\1959.obj,model01958
train,model01959.mp4,D:\scj\down_load\三七\建筑物模型\1960.obj,model01959
train,model01960.mp4,D:\scj\down_load\三七\建筑物模型\1961.obj,model01960
train,model01961.mp4,D:\scj\down_load\三七\建筑物模型\1962.obj,model01961
train,model01963.mp4,D:\scj\down_load\三七\建筑物模型\1964.obj,model01963
train,model01964.mp4,D:\scj\down_load\三七\建筑物模型\1965.obj,model01964
train,model01965.mp4,D:\scj\down_load\三七\建筑物模型\1966.obj,model01965
train,model01966.mp4,D:\scj\down_load\三七\建筑物模型\1967.obj,model01966
train,model01967.mp4,D:\scj\down_load\三七\建筑物模型\1968.obj,model01967
train,model01968.mp4,D:\scj\down_load\三七\建筑物模型\1969.obj,model01968
train,model01969.mp4,D:\scj\down_load\三七\建筑物模型\1970.obj,model01969
train,model01970.mp4,D:\scj\down_load\三七\建筑物模型\1971.obj,model01970
train,model01971.mp4,D:\scj\down_load\三七\建筑物模型\1972.obj,model01971
train,model01973.mp4,D:\scj\down_load\三七\建筑物模型\1974.obj,model01973
train,model01974.mp4,D:\scj\down_load\三七\建筑物模型\1975.obj,model01974
train,model01975.mp4,D:\scj\down_load\三七\建筑物模型\1976.obj,model01975
train,model01976.mp4,D:\scj\down_load\三七\建筑物模型\1977.obj,model01976
train,model01977.mp4,D:\scj\down_load\三七\建筑物模型\1978.obj,model01977
train,model01978.mp4,D:\scj\down_load\三七\建筑物模型\1979.obj,model01978
train,model01979.mp4,D:\scj\down_load\三七\建筑物模型\1980.obj,model01979
train,model01981.mp4,D:\scj\down_load\三七\建筑物模型\1982.obj,model01981
train,model01982.mp4,D:\scj\down_load\三七\建筑物模型\1983.obj,model01982
train,model01985.mp4,D:\scj\down_load\三七\建筑物模型\1986.obj,model01985
train,model01986.mp4,D:\scj\down_load\三七\建筑物模型\1987.obj,model01986
train,model01987.mp4,D:\scj\down_load\三七\建筑物模型\1988.obj,model01987
train,model01988.mp4,D:\scj\down_load\三七\建筑物模型\1989.obj,model01988
train,model01989.mp4,D:\scj\down_load\三七\建筑物模型\1990.obj,model01989
train,model01991.mp4,D:\scj\down_load\三七\建筑物模型\1992.obj,model01991
train,model01992.mp4,D:\scj\down_load\三七\建筑物模型\1993.obj,model01992
train,model01993.mp4,D:\scj\down_load\三七\建筑物模型\1994.obj,model01993
train,model01994.mp4,D:\scj\down_load\三七\建筑物模型\1995.obj,model01994
train,model01995.mp4,D:\scj\down_load\三七\建筑物模型\1996.obj,model01995
train,model01996.mp4,D:\scj\down_load\三七\建筑物模型\1997.obj,model01996
train,model01998.mp4,D:\scj\down_load\三七\建筑物模型\1999.obj,model01998
train,model01999.mp4,D:\scj\down_load\三七\建筑物模型\2000.obj,model01999
train,model02000.mp4,D:\scj\down_load\三七\建筑物模型\2001.obj,model02000
train,model02001.mp4,D:\scj\down_load\三七\建筑物模型\2002.obj,model02001
train,model02002.mp4,D:\scj\down_load\三七\建筑物模型\2003.obj,model02002
train,model02003.mp4,D:\scj\down_load\三七\建筑物模型\2004.obj,model02003
train,model02005.mp4,D:\scj\down_load\三七\建筑物模型\2006.obj,model02005
train,model02006.mp4,D:\scj\down_load\三七\建筑物模型\2007.obj,model02006
train,model02007.mp4,D:\scj\down_load\三七\建筑物模型\2008.obj,model02007
train,model02008.mp4,D:\scj\down_load\三七\建筑物模型\2009.obj,model02008
train,model02009.mp4,D:\scj\down_load\三七\建筑物模型\2010.obj,model02009
train,model02010.mp4,D:\scj\down_load\三七\建筑物模型\2011.obj,model02010
train,model02011.mp4,D:\scj\down_load\三七\建筑物模型\2012.obj,model02011
train,model02012.mp4,D:\scj\down_load\三七\建筑物模型\2013.obj,model02012
train,model02013.mp4,D:\scj\down_load\三七\建筑物模型\2014.obj,model02013
train,model02014.mp4,D:\scj\down_load\三七\建筑物模型\2015.obj,model02014
train,model02016.mp4,D:\scj\down_load\三七\建筑物模型\2017.obj,model02016
train,model02018.mp4,D:\scj\down_load\三七\建筑物模型\2019.obj,model02018
train,model02019.mp4,D:\scj\down_load\三七\建筑物模型\2020.obj,model02019
train,model02021.mp4,D:\scj\down_load\三七\建筑物模型\2022.obj,model02021
train,model02023.mp4,D:\scj\down_load\三七\建筑物模型\2024.obj,model02023
train,model02024.mp4,D:\scj\down_load\三七\建筑物模型\2025.obj,model02024
train,model02025.mp4,D:\scj\down_load\三七\建筑物模型\2026.obj,model02025
train,model02026.mp4,D:\scj\down_load\三七\建筑物模型\2027.obj,model02026
train,model02027.mp4,D:\scj\down_load\三七\建筑物模型\2028.obj,model02027
train,model02028.mp4,D:\scj\down_load\三七\建筑物模型\2029.obj,model02028
train,model02029.mp4,D:\scj\down_load\三七\建筑物模型\2030.obj,model02029
train,model02030.mp4,D:\scj\down_load\三七\建筑物模型\2031.obj,model02030
train,model02031.mp4,D:\scj\down_load\三七\建筑物模型\2032.obj,model02031
train,model02033.mp4,D:\scj\down_load\三七\建筑物模型\2034.obj,model02033
train,model02034.mp4,D:\scj\down_load\三七\建筑物模型\2035.obj,model02034
train,model02036.mp4,D:\scj\down_load\三七\建筑物模型\2037.obj,model02036
train,model02037.mp4,D:\scj\down_load\三七\建筑物模型\2038.obj,model02037
train,model02038.mp4,D:\scj\down_load\三七\建筑物模型\2039.obj,model02038
train,model02039.mp4,D:\scj\down_load\三七\建筑物模型\2040.obj,model02039
train,model02040.mp4,D:\scj\down_load\三七\建筑物模型\2041.obj,model02040
train,model02041.mp4,D:\scj\down_load\三七\建筑物模型\2042.obj,model02041
train,model02042.mp4,D:\scj\down_load\三七\建筑物模型\2043.obj,model02042
train,model02043.mp4,D:\scj\down_load\三七\建筑物模型\2044.obj,model02043
train,model02044.mp4,D:\scj\down_load\三七\建筑物模型\2045.obj,model02044
train,model02045.mp4,D:\scj\down_load\三七\建筑物模型\2046.obj,model02045
train,model02046.mp4,D:\scj\down_load\三七\建筑物模型\2047.obj,model02046
train,model02047.mp4,D:\scj\down_load\三七\建筑物模型\2048.obj,model02047
train,model02048.mp4,D:\scj\down_load\三七\建筑物模型\2049.obj,model02048
train,model02049.mp4,D:\scj\down_load\三七\建筑物模型\2050.obj,model02049
train,model02050.mp4,D:\scj\down_load\三七\建筑物模型\2051.obj,model02050
train,model02051.mp4,D:\scj\down_load\三七\建筑物模型\2052.obj,model02051
train,model02053.mp4,D:\scj\down_load\三七\建筑物模型\2054.obj,model02053
train,model02054.mp4,D:\scj\down_load\三七\建筑物模型\2055.obj,model02054
train,model02055.mp4,D:\scj\down_load\三七\建筑物模型\2056.obj,model02055
train,model02056.mp4,D:\scj\down_load\三七\建筑物模型\2057.obj,model02056
train,model02057.mp4,D:\scj\down_load\三七\建筑物模型\2058.obj,model02057
train,model02058.mp4,D:\scj\down_load\三七\建筑物模型\2059.obj,model02058
train,model02060.mp4,D:\scj\down_load\三七\建筑物模型\2061.obj,model02060
train,model02061.mp4,D:\scj\down_load\三七\建筑物模型\2062.obj,model02061
train,model02062.mp4,D:\scj\down_load\三七\建筑物模型\2063.obj,model02062
train,model02063.mp4,D:\scj\down_load\三七\建筑物模型\2064.obj,model02063
train,model02065.mp4,D:\scj\down_load\三七\建筑物模型\2066.obj,model02065
train,model02066.mp4,D:\scj\down_load\三七\建筑物模型\2067.obj,model02066
train,model02068.mp4,D:\scj\down_load\三七\建筑物模型\2069.obj,model02068
train,model02070.mp4,D:\scj\down_load\三七\建筑物模型\2071.obj,model02070
train,model02071.mp4,D:\scj\down_load\三七\建筑物模型\2072.obj,model02071
train,model02072.mp4,D:\scj\down_load\三七\建筑物模型\2073.obj,model02072
train,model02074.mp4,D:\scj\down_load\三七\建筑物模型\2075.obj,model02074
train,model02075.mp4,D:\scj\down_load\三七\建筑物模型\2076.obj,model02075
train,model02077.mp4,D:\scj\down_load\三七\建筑物模型\2078.obj,model02077
train,model02078.mp4,D:\scj\down_load\三七\建筑物模型\2079.obj,model02078
train,model02080.mp4,D:\scj\down_load\三七\建筑物模型\2081.obj,model02080
train,model02081.mp4,D:\scj\down_load\三七\建筑物模型\2082.obj,model02081
train,model02082.mp4,D:\scj\down_load\三七\建筑物模型\2083.obj,model02082
train,model02083.mp4,D:\scj\down_load\三七\建筑物模型\2084.obj,model02083
train,model02084.mp4,D:\scj\down_load\三七\建筑物模型\2085.obj,model02084
train,model02085.mp4,D:\scj\down_load\三七\建筑物模型\2086.obj,model02085
train,model02087.mp4,D:\scj\down_load\三七\建筑物模型\2088.obj,model02087
train,model02088.mp4,D:\scj\down_load\三七\建筑物模型\2089.obj,model02088
train,model02089.mp4,D:\scj\down_load\三七\建筑物模型\2090.obj,model02089
train,model02090.mp4,D:\scj\down_load\三七\建筑物模型\2091.obj,model02090
train,model02092.mp4,D:\scj\down_load\三七\建筑物模型\2093.obj,model02092
train,model02095.mp4,D:\scj\down_load\三七\建筑物模型\2096.obj,model02095
train,model02096.mp4,D:\scj\down_load\三七\建筑物模型\2097.obj,model02096
train,model02097.mp4,D:\scj\down_load\三七\建筑物模型\2098.obj,model02097
train,model02100.mp4,D:\scj\down_load\三七\建筑物模型\2101.obj,model02100
train,model02102.mp4,D:\scj\down_load\三七\建筑物模型\2103.obj,model02102
train,model02103.mp4,D:\scj\down_load\三七\建筑物模型\2104.obj,model02103
train,model02104.mp4,D:\scj\down_load\三七\建筑物模型\2105.obj,model02104
train,model02105.mp4,D:\scj\down_load\三七\建筑物模型\2106.obj,model02105
train,model02106.mp4,D:\scj\down_load\三七\建筑物模型\2107.obj,model02106
train,model02109.mp4,D:\scj\down_load\三七\建筑物模型\2110.obj,model02109
train,model02110.mp4,D:\scj\down_load\三七\建筑物模型\2111.obj,model02110
train,model02111.mp4,D:\scj\down_load\三七\建筑物模型\2112.obj,model02111
train,model02112.mp4,D:\scj\down_load\三七\建筑物模型\2113.obj,model02112
train,model02113.mp4,D:\scj\down_load\三七\建筑物模型\2114.obj,model02113
train,model02114.mp4,D:\scj\down_load\三七\建筑物模型\2115.obj,model02114
train,model02115.mp4,D:\scj\down_load\三七\建筑物模型\2116.obj,model02115
train,model02117.mp4,D:\scj\down_load\三七\建筑物模型\2118.obj,model02117
train,model02119.mp4,D:\scj\down_load\三七\建筑物模型\2120.obj,model02119
train,model02121.mp4,D:\scj\down_load\三七\建筑物模型\2122.obj,model02121
train,model02122.mp4,D:\scj\down_load\三七\建筑物模型\2123.obj,model02122
train,model02123.mp4,D:\scj\down_load\三七\建筑物模型\2124.obj,model02123
train,model02125.mp4,D:\scj\down_load\三七\建筑物模型\2126.obj,model02125
train,model02126.mp4,D:\scj\down_load\三七\建筑物模型\2127.obj,model02126
train,model02127.mp4,D:\scj\down_load\三七\建筑物模型\2128.obj,model02127
train,model02128.mp4,D:\scj\down_load\三七\建筑物模型\2129.obj,model02128
train,model02129.mp4,D:\scj\down_load\三七\建筑物模型\2130.obj,model02129
train,model02130.mp4,D:\scj\down_load\三七\建筑物模型\2131.obj,model02130
train,model02131.mp4,D:\scj\down_load\三七\建筑物模型\2132.obj,model02131
train,model02132.mp4,D:\scj\down_load\三七\建筑物模型\2133.obj,model02132
train,model02133.mp4,D:\scj\down_load\三七\建筑物模型\2134.obj,model02133
train,model02134.mp4,D:\scj\down_load\三七\建筑物模型\2135.obj,model02134
train,model02135.mp4,D:\scj\down_load\三七\建筑物模型\2136.obj,model02135
train,model02136.mp4,D:\scj\down_load\三七\建筑物模型\2137.obj,model02136
train,model02137.mp4,D:\scj\down_load\三七\建筑物模型\2138.obj,model02137
train,model02138.mp4,D:\scj\down_load\三七\建筑物模型\2139.obj,model02138
train,model02139.mp4,D:\scj\down_load\三七\建筑物模型\2140.obj,model02139
train,model02140.mp4,D:\scj\down_load\三七\建筑物模型\2141.obj,model02140
train,model02141.mp4,D:\scj\down_load\三七\建筑物模型\2142.obj,model02141
train,model02142.mp4,D:\scj\down_load\三七\建筑物模型\2143.obj,model02142
train,model02143.mp4,D:\scj\down_load\三七\建筑物模型\2144.obj,model02143
train,model02144.mp4,D:\scj\down_load\三七\建筑物模型\2145.obj,model02144
train,model02146.mp4,D:\scj\down_load\三七\建筑物模型\2147.obj,model02146
train,model02147.mp4,D:\scj\down_load\三七\建筑物模型\2148.obj,model02147
train,model02149.mp4,D:\scj\down_load\三七\建筑物模型\2150.obj,model02149
train,model02150.mp4,D:\scj\down_load\三七\建筑物模型\2151.obj,model02150
train,model02152.mp4,D:\scj\down_load\三七\建筑物模型\2153.obj,model02152
train,model02153.mp4,D:\scj\down_load\三七\建筑物模型\2154.obj,model02153
train,model02154.mp4,D:\scj\down_load\三七\建筑物模型\2155.obj,model02154
train,model02155.mp4,D:\scj\down_load\三七\建筑物模型\2156.obj,model02155
train,model02156.mp4,D:\scj\down_load\三七\建筑物模型\2157.obj,model02156
train,model02157.mp4,D:\scj\down_load\三七\建筑物模型\2158.obj,model02157
train,model02158.mp4,D:\scj\down_load\三七\建筑物模型\2159.obj,model02158
train,model02159.mp4,D:\scj\down_load\三七\建筑物模型\2160.obj,model02159
train,model02160.mp4,D:\scj\down_load\三七\建筑物模型\2161.obj,model02160
train,model02164.mp4,D:\scj\down_load\三七\建筑物模型\2165.obj,model02164
train,model02165.mp4,D:\scj\down_load\三七\建筑物模型\2166.obj,model02165
train,model02166.mp4,D:\scj\down_load\三七\建筑物模型\2167.obj,model02166
train,model02167.mp4,D:\scj\down_load\三七\建筑物模型\2168.obj,model02167
train,model02168.mp4,D:\scj\down_load\三七\建筑物模型\2169.obj,model02168
train,model02169.mp4,D:\scj\down_load\三七\建筑物模型\2170.obj,model02169
train,model02170.mp4,D:\scj\down_load\三七\建筑物模型\2171.obj,model02170
train,model02171.mp4,D:\scj\down_load\三七\建筑物模型\2172.obj,model02171
train,model02172.mp4,D:\scj\down_load\三七\建筑物模型\2173.obj,model02172
train,model02173.mp4,D:\scj\down_load\三七\建筑物模型\2174.obj,model02173
train,model02174.mp4,D:\scj\down_load\三七\建筑物模型\2175.obj,model02174
train,model02175.mp4,D:\scj\down_load\三七\建筑物模型\2176.obj,model02175
train,model02176.mp4,D:\scj\down_load\三七\建筑物模型\2177.obj,model02176
train,model02177.mp4,D:\scj\down_load\三七\建筑物模型\2178.obj,model02177
train,model02178.mp4,D:\scj\down_load\三七\建筑物模型\2179.obj,model02178
train,model02180.mp4,D:\scj\down_load\三七\建筑物模型\2181.obj,model02180
train,model02181.mp4,D:\scj\down_load\三七\建筑物模型\2182.obj,model02181
train,model02182.mp4,D:\scj\down_load\三七\建筑物模型\2183.obj,model02182
train,model02183.mp4,D:\scj\down_load\三七\建筑物模型\2184.obj,model02183
train,model02185.mp4,D:\scj\down_load\三七\建筑物模型\2186.obj,model02185
train,model02187.mp4,D:\scj\down_load\三七\建筑物模型\2188.obj,model02187
train,model02188.mp4,D:\scj\down_load\三七\建筑物模型\2189.obj,model02188
train,model02189.mp4,D:\scj\down_load\三七\建筑物模型\2190.obj,model02189
train,model02191.mp4,D:\scj\down_load\三七\建筑物模型\2192.obj,model02191
train,model02192.mp4,D:\scj\down_load\三七\建筑物模型\2193.obj,model02192
train,model02193.mp4,D:\scj\down_load\三七\建筑物模型\2194.obj,model02193
train,model02194.mp4,D:\scj\down_load\三七\建筑物模型\2195.obj,model02194
train,model02196.mp4,D:\scj\down_load\三七\建筑物模型\2197.obj,model02196
train,model02197.mp4,D:\scj\down_load\三七\建筑物模型\2198.obj,model02197
train,model02198.mp4,D:\scj\down_load\三七\建筑物模型\2199.obj,model02198
train,model02199.mp4,D:\scj\down_load\三七\建筑物模型\2200.obj,model02199
train,model02202.mp4,D:\scj\down_load\三七\建筑物模型\2203.obj,model02202
train,model02204.mp4,D:\scj\down_load\三七\建筑物模型\2205.obj,model02204
train,model02205.mp4,D:\scj\down_load\三七\建筑物模型\2206.obj,model02205
train,model02206.mp4,D:\scj\down_load\三七\建筑物模型\2207.obj,model02206
train,model02207.mp4,D:\scj\down_load\三七\建筑物模型\2208.obj,model02207
train,model02210.mp4,D:\scj\down_load\三七\建筑物模型\2211.obj,model02210
train,model02212.mp4,D:\scj\down_load\三七\建筑物模型\2213.obj,model02212
train,model02213.mp4,D:\scj\down_load\三七\建筑物模型\2214.obj,model02213
train,model02214.mp4,D:\scj\down_load\三七\建筑物模型\2215.obj,model02214
train,model02215.mp4,D:\scj\down_load\三七\建筑物模型\2216.obj,model02215
train,model02216.mp4,D:\scj\down_load\三七\建筑物模型\2217.obj,model02216
train,model02217.mp4,D:\scj\down_load\三七\建筑物模型\2218.obj,model02217
train,model02218.mp4,D:\scj\down_load\三七\建筑物模型\2219.obj,model02218
train,model02219.mp4,D:\scj\down_load\三七\建筑物模型\2220.obj,model02219
train,model02220.mp4,D:\scj\down_load\三七\建筑物模型\2221.obj,model02220
train,model02222.mp4,D:\scj\down_load\三七\建筑物模型\2223.obj,model02222
train,model02223.mp4,D:\scj\down_load\三七\建筑物模型\2224.obj,model02223
train,model02224.mp4,D:\scj\down_load\三七\建筑物模型\2225.obj,model02224
train,model02225.mp4,D:\scj\down_load\三七\建筑物模型\2226.obj,model02225
train,model02226.mp4,D:\scj\down_load\三七\建筑物模型\2227.obj,model02226
train,model02228.mp4,D:\scj\down_load\三七\建筑物模型\2229.obj,model02228
train,model02229.mp4,D:\scj\down_load\三七\建筑物模型\2230.obj,model02229
train,model02230.mp4,D:\scj\down_load\三七\建筑物模型\2231.obj,model02230
train,model02232.mp4,D:\scj\down_load\三七\建筑物模型\2233.obj,model02232
train,model02233.mp4,D:\scj\down_load\三七\建筑物模型\2234.obj,model02233
train,model02234.mp4,D:\scj\down_load\三七\建筑物模型\2235.obj,model02234
train,model02235.mp4,D:\scj\down_load\三七\建筑物模型\2236.obj,model02235
train,model02236.mp4,D:\scj\down_load\三七\建筑物模型\2237.obj,model02236
train,model02237.mp4,D:\scj\down_load\三七\建筑物模型\2238.obj,model02237
train,model02240.mp4,D:\scj\down_load\三七\建筑物模型\2241.obj,model02240
train,model02241.mp4,D:\scj\down_load\三七\建筑物模型\2242.obj,model02241
train,model02242.mp4,D:\scj\down_load\三七\建筑物模型\2243.obj,model02242
train,model02243.mp4,D:\scj\down_load\三七\建筑物模型\2244.obj,model02243
train,model02244.mp4,D:\scj\down_load\三七\建筑物模型\2245.obj,model02244
train,model02245.mp4,D:\scj\down_load\三七\建筑物模型\2246.obj,model02245
train,model02246.mp4,D:\scj\down_load\三七\建筑物模型\2247.obj,model02246
train,model02247.mp4,D:\scj\down_load\三七\建筑物模型\2248.obj,model02247
train,model02248.mp4,D:\scj\down_load\三七\建筑物模型\2249.obj,model02248
train,model02249.mp4,D:\scj\down_load\三七\建筑物模型\2250.obj,model02249
train,model02250.mp4,D:\scj\down_load\三七\建筑物模型\2251.obj,model02250
train,model02251.mp4,D:\scj\down_load\三七\建筑物模型\2252.obj,model02251
train,model02252.mp4,D:\scj\down_load\三七\建筑物模型\2253.obj,model02252
train,model02253.mp4,D:\scj\down_load\三七\建筑物模型\2254.obj,model02253
train,model02254.mp4,D:\scj\down_load\三七\建筑物模型\2255.obj,model02254
train,model02255.mp4,D:\scj\down_load\三七\建筑物模型\2256.obj,model02255
train,model02256.mp4,D:\scj\down_load\三七\建筑物模型\2257.obj,model02256
train,model02257.mp4,D:\scj\down_load\三七\建筑物模型\2258.obj,model02257
train,model02258.mp4,D:\scj\down_load\三七\建筑物模型\2259.obj,model02258
train,model02259.mp4,D:\scj\down_load\三七\建筑物模型\2260.obj,model02259
train,model02260.mp4,D:\scj\down_load\三七\建筑物模型\2261.obj,model02260
train,model02261.mp4,D:\scj\down_load\三七\建筑物模型\2262.obj,model02261
train,model02263.mp4,D:\scj\down_load\三七\建筑物模型\2264.obj,model02263
train,model02264.mp4,D:\scj\down_load\三七\建筑物模型\2265.obj,model02264
train,model02265.mp4,D:\scj\down_load\三七\建筑物模型\2266.obj,model02265
train,model02266.mp4,D:\scj\down_load\三七\建筑物模型\2267.obj,model02266
train,model02267.mp4,D:\scj\down_load\三七\建筑物模型\2268.obj,model02267
train,model02268.mp4,D:\scj\down_load\三七\建筑物模型\2269.obj,model02268
train,model02269.mp4,D:\scj\down_load\三七\建筑物模型\2270.obj,model02269
train,model02270.mp4,D:\scj\down_load\三七\建筑物模型\2271.obj,model02270
train,model02271.mp4,D:\scj\down_load\三七\建筑物模型\2272.obj,model02271
train,model02272.mp4,D:\scj\down_load\三七\建筑物模型\2273.obj,model02272
train,model02273.mp4,D:\scj\down_load\三七\建筑物模型\2274.obj,model02273
train,model02274.mp4,D:\scj\down_load\三七\建筑物模型\2275.obj,model02274
train,model02275.mp4,D:\scj\down_load\三七\建筑物模型\2276.obj,model02275
train,model02276.mp4,D:\scj\down_load\三七\建筑物模型\2277.obj,model02276
train,model02277.mp4,D:\scj\down_load\三七\建筑物模型\2278.obj,model02277
train,model02278.mp4,D:\scj\down_load\三七\建筑物模型\2279.obj,model02278
train,model02279.mp4,D:\scj\down_load\三七\建筑物模型\2280.obj,model02279
train,model02280.mp4,D:\scj\down_load\三七\建筑物模型\2281.obj,model02280
train,model02281.mp4,D:\scj\down_load\三七\建筑物模型\2282.obj,model02281
train,model02282.mp4,D:\scj\down_load\三七\建筑物模型\2283.obj,model02282
train,model02283.mp4,D:\scj\down_load\三七\建筑物模型\2284.obj,model02283
train,model02284.mp4,D:\scj\down_load\三七\建筑物模型\2285.obj,model02284
train,model02285.mp4,D:\scj\down_load\三七\建筑物模型\2286.obj,model02285
train,model02286.mp4,D:\scj\down_load\三七\建筑物模型\2287.obj,model02286
train,model02287.mp4,D:\scj\down_load\三七\建筑物模型\2288.obj,model02287
train,model02288.mp4,D:\scj\down_load\三七\建筑物模型\2289.obj,model02288
train,model02289.mp4,D:\scj\down_load\三七\建筑物模型\2290.obj,model02289
train,model02290.mp4,D:\scj\down_load\三七\建筑物模型\2291.obj,model02290
train,model02291.mp4,D:\scj\down_load\三七\建筑物模型\2292.obj,model02291
train,model02292.mp4,D:\scj\down_load\三七\建筑物模型\2293.obj,model02292
train,model02293.mp4,D:\scj\down_load\三七\建筑物模型\2294.obj,model02293
train,model02294.mp4,D:\scj\down_load\三七\建筑物模型\2295.obj,model02294
train,model02295.mp4,D:\scj\down_load\三七\建筑物模型\2296.obj,model02295
train,model02297.mp4,D:\scj\down_load\三七\建筑物模型\2298.obj,model02297
train,model02298.mp4,D:\scj\down_load\三七\建筑物模型\2299.obj,model02298
train,model02300.mp4,D:\scj\down_load\三七\建筑物模型\2301.obj,model02300
train,model02301.mp4,D:\scj\down_load\三七\建筑物模型\2302.obj,model02301
train,model02303.mp4,D:\scj\down_load\三七\建筑物模型\2304.obj,model02303
train,model02304.mp4,D:\scj\down_load\三七\建筑物模型\2305.obj,model02304
train,model02305.mp4,D:\scj\down_load\三七\建筑物模型\2306.obj,model02305
train,model02306.mp4,D:\scj\down_load\三七\建筑物模型\2307.obj,model02306
train,model02307.mp4,D:\scj\down_load\三七\建筑物模型\2308.obj,model02307
train,model02308.mp4,D:\scj\down_load\三七\建筑物模型\2309.obj,model02308
train,model02309.mp4,D:\scj\down_load\三七\建筑物模型\2310.obj,model02309
train,model02310.mp4,D:\scj\down_load\三七\建筑物模型\2311.obj,model02310
train,model02311.mp4,D:\scj\down_load\三七\建筑物模型\2312.obj,model02311
train,model02312.mp4,D:\scj\down_load\三七\建筑物模型\2313.obj,model02312
train,model02313.mp4,D:\scj\down_load\三七\建筑物模型\2314.obj,model02313
train,model02314.mp4,D:\scj\down_load\三七\建筑物模型\2315.obj,model02314
train,model02315.mp4,D:\scj\down_load\三七\建筑物模型\2316.obj,model02315
train,model02316.mp4,D:\scj\down_load\三七\建筑物模型\2317.obj,model02316
train,model02317.mp4,D:\scj\down_load\三七\建筑物模型\2318.obj,model02317
train,model02318.mp4,D:\scj\down_load\三七\建筑物模型\2319.obj,model02318
train,model02319.mp4,D:\scj\down_load\三七\建筑物模型\2320.obj,model02319
train,model02320.mp4,D:\scj\down_load\三七\建筑物模型\2321.obj,model02320
train,model02321.mp4,D:\scj\down_load\三七\建筑物模型\2322.obj,model02321
train,model02323.mp4,D:\scj\down_load\三七\建筑物模型\2324.obj,model02323
train,model02324.mp4,D:\scj\down_load\三七\建筑物模型\2325.obj,model02324
train,model02325.mp4,D:\scj\down_load\三七\建筑物模型\2326.obj,model02325
train,model02326.mp4,D:\scj\down_load\三七\建筑物模型\2327.obj,model02326
train,model02327.mp4,D:\scj\down_load\三七\建筑物模型\2328.obj,model02327
train,model02329.mp4,D:\scj\down_load\三七\建筑物模型\2330.obj,model02329
train,model02330.mp4,D:\scj\down_load\三七\建筑物模型\2331.obj,model02330
train,model02331.mp4,D:\scj\down_load\三七\建筑物模型\2332.obj,model02331
train,model02334.mp4,D:\scj\down_load\三七\建筑物模型\2335.obj,model02334
train,model02335.mp4,D:\scj\down_load\三七\建筑物模型\2336.obj,model02335
train,model02336.mp4,D:\scj\down_load\三七\建筑物模型\2337.obj,model02336
train,model02338.mp4,D:\scj\down_load\三七\建筑物模型\2339.obj,model02338
train,model02339.mp4,D:\scj\down_load\三七\建筑物模型\2340.obj,model02339
train,model02340.mp4,D:\scj\down_load\三七\建筑物模型\2341.obj,model02340
train,model02342.mp4,D:\scj\down_load\三七\建筑物模型\2343.obj,model02342
train,model02343.mp4,D:\scj\down_load\三七\建筑物模型\2344.obj,model02343
train,model02344.mp4,D:\scj\down_load\三七\建筑物模型\2345.obj,model02344
train,model02345.mp4,D:\scj\down_load\三七\建筑物模型\2346.obj,model02345
train,model02346.mp4,D:\scj\down_load\三七\建筑物模型\2347.obj,model02346
train,model02347.mp4,D:\scj\down_load\三七\建筑物模型\2348.obj,model02347
train,model02348.mp4,D:\scj\down_load\三七\建筑物模型\2349.obj,model02348
train,model02350.mp4,D:\scj\down_load\三七\建筑物模型\2351.obj,model02350
train,model02352.mp4,D:\scj\down_load\三七\建筑物模型\2353.obj,model02352
train,model02354.mp4,D:\scj\down_load\三七\建筑物模型\2355.obj,model02354
train,model02355.mp4,D:\scj\down_load\三七\建筑物模型\2356.obj,model02355
train,model02356.mp4,D:\scj\down_load\三七\建筑物模型\2357.obj,model02356
train,model02357.mp4,D:\scj\down_load\三七\建筑物模型\2358.obj,model02357
train,model02358.mp4,D:\scj\down_load\三七\建筑物模型\2359.obj,model02358
train,model02359.mp4,D:\scj\down_load\三七\建筑物模型\2360.obj,model02359
train,model02360.mp4,D:\scj\down_load\三七\建筑物模型\2361.obj,model02360
train,model02361.mp4,D:\scj\down_load\三七\建筑物模型\2362.obj,model02361
train,model02362.mp4,D:\scj\down_load\三七\建筑物模型\2363.obj,model02362
train,model02363.mp4,D:\scj\down_load\三七\建筑物模型\2364.obj,model02363
train,model02364.mp4,D:\scj\down_load\三七\建筑物模型\2365.obj,model02364
train,model02365.mp4,D:\scj\down_load\三七\建筑物模型\2366.obj,model02365
train,model02366.mp4,D:\scj\down_load\三七\建筑物模型\2367.obj,model02366
train,model02367.mp4,D:\scj\down_load\三七\建筑物模型\2368.obj,model02367
train,model02368.mp4,D:\scj\down_load\三七\建筑物模型\2369.obj,model02368
train,model02369.mp4,D:\scj\down_load\三七\建筑物模型\2370.obj,model02369
train,model02370.mp4,D:\scj\down_load\三七\建筑物模型\2371.obj,model02370
train,model02371.mp4,D:\scj\down_load\三七\建筑物模型\2372.obj,model02371
train,model02372.mp4,D:\scj\down_load\三七\建筑物模型\2373.obj,model02372
train,model02373.mp4,D:\scj\down_load\三七\建筑物模型\2374.obj,model02373
train,model02375.mp4,D:\scj\down_load\三七\建筑物模型\2376.obj,model02375
train,model02376.mp4,D:\scj\down_load\三七\建筑物模型\2377.obj,model02376
train,model02378.mp4,D:\scj\down_load\三七\建筑物模型\2379.obj,model02378
train,model02379.mp4,D:\scj\down_load\三七\建筑物模型\2380.obj,model02379
train,model02380.mp4,D:\scj\down_load\三七\建筑物模型\2381.obj,model02380
train,model02382.mp4,D:\scj\down_load\三七\建筑物模型\2383.obj,model02382
train,model02383.mp4,D:\scj\down_load\三七\建筑物模型\2384.obj,model02383
train,model02386.mp4,D:\scj\down_load\三七\建筑物模型\2387.obj,model02386
train,model02387.mp4,D:\scj\down_load\三七\建筑物模型\2388.obj,model02387
train,model02388.mp4,D:\scj\down_load\三七\建筑物模型\2389.obj,model02388
train,model02389.mp4,D:\scj\down_load\三七\建筑物模型\2390.obj,model02389
val,model00002.mp4,D:\scj\down_load\三七\建筑物模型\3.obj,model00002
val,model00003.mp4,D:\scj\down_load\三七\建筑物模型\4.obj,model00003
val,model00013.mp4,D:\scj\down_load\三七\建筑物模型\14.obj,model00013
val,model00015.mp4,D:\scj\down_load\三七\建筑物模型\16.obj,model00015
val,model00025.mp4,D:\scj\down_load\三七\建筑物模型\26.obj,model00025
val,model00040.mp4,D:\scj\down_load\三七\建筑物模型\41.obj,model00040
val,model00041.mp4,D:\scj\down_load\三七\建筑物模型\42.obj,model00041
val,model00062.mp4,D:\scj\down_load\三七\建筑物模型\63.obj,model00062
val,model00066.mp4,D:\scj\down_load\三七\建筑物模型\67.obj,model00066
val,model00095.mp4,D:\scj\down_load\三七\建筑物模型\96.obj,model00095
val,model00107.mp4,D:\scj\down_load\三七\建筑物模型\108.obj,model00107
val,model00108.mp4,D:\scj\down_load\三七\建筑物模型\109.obj,model00108
val,model00112.mp4,D:\scj\down_load\三七\建筑物模型\113.obj,model00112
val,model00114.mp4,D:\scj\down_load\三七\建筑物模型\115.obj,model00114
val,model00118.mp4,D:\scj\down_load\三七\建筑物模型\119.obj,model00118
val,model00119.mp4,D:\scj\down_load\三七\建筑物模型\120.obj,model00119
val,model00130.mp4,D:\scj\down_load\三七\建筑物模型\131.obj,model00130
val,model00132.mp4,D:\scj\down_load\三七\建筑物模型\133.obj,model00132
val,model00156.mp4,D:\scj\down_load\三七\建筑物模型\157.obj,model00156
val,model00162.mp4,D:\scj\down_load\三七\建筑物模型\163.obj,model00162
val,model00167.mp4,D:\scj\down_load\三七\建筑物模型\168.obj,model00167
val,model00173.mp4,D:\scj\down_load\三七\建筑物模型\174.obj,model00173
val,model00174.mp4,D:\scj\down_load\三七\建筑物模型\175.obj,model00174
val,model00210.mp4,D:\scj\down_load\三七\建筑物模型\211.obj,model00210
val,model00215.mp4,D:\scj\down_load\三七\建筑物模型\216.obj,model00215
val,model00217.mp4,D:\scj\down_load\三七\建筑物模型\218.obj,model00217
val,model00218.mp4,D:\scj\down_load\三七\建筑物模型\219.obj,model00218
val,model00237.mp4,D:\scj\down_load\三七\建筑物模型\238.obj,model00237
val,model00238.mp4,D:\scj\down_load\三七\建筑物模型\239.obj,model00238
val,model00253.mp4,D:\scj\down_load\三七\建筑物模型\254.obj,model00253
val,model00259.mp4,D:\scj\down_load\三七\建筑物模型\260.obj,model00259
val,model00262.mp4,D:\scj\down_load\三七\建筑物模型\263.obj,model00262
val,model00263.mp4,D:\scj\down_load\三七\建筑物模型\264.obj,model00263
val,model00286.mp4,D:\scj\down_load\三七\建筑物模型\287.obj,model00286
val,model00301.mp4,D:\scj\down_load\三七\建筑物模型\302.obj,model00301
val,model00308.mp4,D:\scj\down_load\三七\建筑物模型\309.obj,model00308
val,model00311.mp4,D:\scj\down_load\三七\建筑物模型\312.obj,model00311
val,model00352.mp4,D:\scj\down_load\三七\建筑物模型\353.obj,model00352
val,model00365.mp4,D:\scj\down_load\三七\建筑物模型\366.obj,model00365
val,model00366.mp4,D:\scj\down_load\三七\建筑物模型\367.obj,model00366
val,model00399.mp4,D:\scj\down_load\三七\建筑物模型\400.obj,model00399
val,model00436.mp4,D:\scj\down_load\三七\建筑物模型\437.obj,model00436
val,model00440.mp4,D:\scj\down_load\三七\建筑物模型\441.obj,model00440
val,model00447.mp4,D:\scj\down_load\三七\建筑物模型\448.obj,model00447
val,model00456.mp4,D:\scj\down_load\三七\建筑物模型\457.obj,model00456
val,model00481.mp4,D:\scj\down_load\三七\建筑物模型\482.obj,model00481
val,model00490.mp4,D:\scj\down_load\三七\建筑物模型\491.obj,model00490
val,model00500.mp4,D:\scj\down_load\三七\建筑物模型\501.obj,model00500
val,model00503.mp4,D:\scj\down_load\三七\建筑物模型\504.obj,model00503
val,model00506.mp4,D:\scj\down_load\三七\建筑物模型\507.obj,model00506
val,model00527.mp4,D:\scj\down_load\三七\建筑物模型\528.obj,model00527
val,model00569.mp4,D:\scj\down_load\三七\建筑物模型\570.obj,model00569
val,model00574.mp4,D:\scj\down_load\三七\建筑物模型\575.obj,model00574
val,model00588.mp4,D:\scj\down_load\三七\建筑物模型\589.obj,model00588
val,model00590.mp4,D:\scj\down_load\三七\建筑物模型\591.obj,model00590
val,model00602.mp4,D:\scj\down_load\三七\建筑物模型\603.obj,model00602
val,model00609.mp4,D:\scj\down_load\三七\建筑物模型\610.obj,model00609
val,model00611.mp4,D:\scj\down_load\三七\建筑物模型\612.obj,model00611
val,model00619.mp4,D:\scj\down_load\三七\建筑物模型\620.obj,model00619
val,model00658.mp4,D:\scj\down_load\三七\建筑物模型\659.obj,model00658
val,model00667.mp4,D:\scj\down_load\三七\建筑物模型\668.obj,model00667
val,model00678.mp4,D:\scj\down_load\三七\建筑物模型\679.obj,model00678
val,model00682.mp4,D:\scj\down_load\三七\建筑物模型\683.obj,model00682
val,model00686.mp4,D:\scj\down_load\三七\建筑物模型\687.obj,model00686
val,model00690.mp4,D:\scj\down_load\三七\建筑物模型\691.obj,model00690
val,model00704.mp4,D:\scj\down_load\三七\建筑物模型\705.obj,model00704
val,model00721.mp4,D:\scj\down_load\三七\建筑物模型\722.obj,model00721
val,model00748.mp4,D:\scj\down_load\三七\建筑物模型\749.obj,model00748
val,model00764.mp4,D:\scj\down_load\三七\建筑物模型\765.obj,model00764
val,model00779.mp4,D:\scj\down_load\三七\建筑物模型\780.obj,model00779
val,model00798.mp4,D:\scj\down_load\三七\建筑物模型\799.obj,model00798
val,model00799.mp4,D:\scj\down_load\三七\建筑物模型\800.obj,model00799
val,model00802.mp4,D:\scj\down_load\三七\建筑物模型\803.obj,model00802
val,model00803.mp4,D:\scj\down_load\三七\建筑物模型\804.obj,model00803
val,model00806.mp4,D:\scj\down_load\三七\建筑物模型\807.obj,model00806
val,model00818.mp4,D:\scj\down_load\三七\建筑物模型\819.obj,model00818
val,model00822.mp4,D:\scj\down_load\三七\建筑物模型\823.obj,model00822
val,model00829.mp4,D:\scj\down_load\三七\建筑物模型\830.obj,model00829
val,model00866.mp4,D:\scj\down_load\三七\建筑物模型\867.obj,model00866
val,model00868.mp4,D:\scj\down_load\三七\建筑物模型\869.obj,model00868
val,model00871.mp4,D:\scj\down_load\三七\建筑物模型\872.obj,model00871
val,model00878.mp4,D:\scj\down_load\三七\建筑物模型\879.obj,model00878
val,model00880.mp4,D:\scj\down_load\三七\建筑物模型\881.obj,model00880
val,model00883.mp4,D:\scj\down_load\三七\建筑物模型\884.obj,model00883
val,model00890.mp4,D:\scj\down_load\三七\建筑物模型\891.obj,model00890
val,model00893.mp4,D:\scj\down_load\三七\建筑物模型\894.obj,model00893
val,model00904.mp4,D:\scj\down_load\三七\建筑物模型\905.obj,model00904
val,model00914.mp4,D:\scj\down_load\三七\建筑物模型\915.obj,model00914
val,model00919.mp4,D:\scj\down_load\三七\建筑物模型\920.obj,model00919
val,model00927.mp4,D:\scj\down_load\三七\建筑物模型\928.obj,model00927
val,model00949.mp4,D:\scj\down_load\三七\建筑物模型\950.obj,model00949
val,model00960.mp4,D:\scj\down_load\三七\建筑物模型\961.obj,model00960
val,model00964.mp4,D:\scj\down_load\三七\建筑物模型\965.obj,model00964
val,model00985.mp4,D:\scj\down_load\三七\建筑物模型\986.obj,model00985
val,model01011.mp4,D:\scj\down_load\三七\建筑物模型\1012.obj,model01011
val,model01015.mp4,D:\scj\down_load\三七\建筑物模型\1016.obj,model01015
val,model01054.mp4,D:\scj\down_load\三七\建筑物模型\1055.obj,model01054
val,model01063.mp4,D:\scj\down_load\三七\建筑物模型\1064.obj,model01063
val,model01067.mp4,D:\scj\down_load\三七\建筑物模型\1068.obj,model01067
val,model01079.mp4,D:\scj\down_load\三七\建筑物模型\1080.obj,model01079
val,model01080.mp4,D:\scj\down_load\三七\建筑物模型\1081.obj,model01080
val,model01082.mp4,D:\scj\down_load\三七\建筑物模型\1083.obj,model01082
val,model01085.mp4,D:\scj\down_load\三七\建筑物模型\1086.obj,model01085
val,model01101.mp4,D:\scj\down_load\三七\建筑物模型\1102.obj,model01101
val,model01102.mp4,D:\scj\down_load\三七\建筑物模型\1103.obj,model01102
val,model01127.mp4,D:\scj\down_load\三七\建筑物模型\1128.obj,model01127
val,model01136.mp4,D:\scj\down_load\三七\建筑物模型\1137.obj,model01136
val,model01153.mp4,D:\scj\down_load\三七\建筑物模型\1154.obj,model01153
val,model01154.mp4,D:\scj\down_load\三七\建筑物模型\1155.obj,model01154
val,model01156.mp4,D:\scj\down_load\三七\建筑物模型\1157.obj,model01156
val,model01164.mp4,D:\scj\down_load\三七\建筑物模型\1165.obj,model01164
val,model01180.mp4,D:\scj\down_load\三七\建筑物模型\1181.obj,model01180
val,model01186.mp4,D:\scj\down_load\三七\建筑物模型\1187.obj,model01186
val,model01195.mp4,D:\scj\down_load\三七\建筑物模型\1196.obj,model01195
val,model01218.mp4,D:\scj\down_load\三七\建筑物模型\1219.obj,model01218
val,model01231.mp4,D:\scj\down_load\三七\建筑物模型\1232.obj,model01231
val,model01275.mp4,D:\scj\down_load\三七\建筑物模型\1276.obj,model01275
val,model01280.mp4,D:\scj\down_load\三七\建筑物模型\1281.obj,model01280
val,model01297.mp4,D:\scj\down_load\三七\建筑物模型\1298.obj,model01297
val,model01303.mp4,D:\scj\down_load\三七\建筑物模型\1304.obj,model01303
val,model01306.mp4,D:\scj\down_load\三七\建筑物模型\1307.obj,model01306
val,model01307.mp4,D:\scj\down_load\三七\建筑物模型\1308.obj,model01307
val,model01341.mp4,D:\scj\down_load\三七\建筑物模型\1342.obj,model01341
val,model01352.mp4,D:\scj\down_load\三七\建筑物模型\1353.obj,model01352
val,model01356.mp4,D:\scj\down_load\三七\建筑物模型\1357.obj,model01356
val,model01370.mp4,D:\scj\down_load\三七\建筑物模型\1371.obj,model01370
val,model01381.mp4,D:\scj\down_load\三七\建筑物模型\1382.obj,model01381
val,model01391.mp4,D:\scj\down_load\三七\建筑物模型\1392.obj,model01391
val,model01397.mp4,D:\scj\down_load\三七\建筑物模型\1398.obj,model01397
val,model01405.mp4,D:\scj\down_load\三七\建筑物模型\1406.obj,model01405
val,model01416.mp4,D:\scj\down_load\三七\建筑物模型\1417.obj,model01416
val,model01418.mp4,D:\scj\down_load\三七\建筑物模型\1419.obj,model01418
val,model01421.mp4,D:\scj\down_load\三七\建筑物模型\1422.obj,model01421
val,model01423.mp4,D:\scj\down_load\三七\建筑物模型\1424.obj,model01423
val,model01430.mp4,D:\scj\down_load\三七\建筑物模型\1431.obj,model01430
val,model01433.mp4,D:\scj\down_load\三七\建筑物模型\1434.obj,model01433
val,model01436.mp4,D:\scj\down_load\三七\建筑物模型\1437.obj,model01436
val,model01439.mp4,D:\scj\down_load\三七\建筑物模型\1440.obj,model01439
val,model01465.mp4,D:\scj\down_load\三七\建筑物模型\1466.obj,model01465
val,model01490.mp4,D:\scj\down_load\三七\建筑物模型\1491.obj,model01490
val,model01501.mp4,D:\scj\down_load\三七\建筑物模型\1502.obj,model01501
val,model01505.mp4,D:\scj\down_load\三七\建筑物模型\1506.obj,model01505
val,model01512.mp4,D:\scj\down_load\三七\建筑物模型\1513.obj,model01512
val,model01524.mp4,D:\scj\down_load\三七\建筑物模型\1525.obj,model01524
val,model01527.mp4,D:\scj\down_load\三七\建筑物模型\1528.obj,model01527
val,model01529.mp4,D:\scj\down_load\三七\建筑物模型\1530.obj,model01529
val,model01540.mp4,D:\scj\down_load\三七\建筑物模型\1541.obj,model01540
val,model01554.mp4,D:\scj\down_load\三七\建筑物模型\1555.obj,model01554
val,model01566.mp4,D:\scj\down_load\三七\建筑物模型\1567.obj,model01566
val,model01583.mp4,D:\scj\down_load\三七\建筑物模型\1584.obj,model01583
val,model01585.mp4,D:\scj\down_load\三七\建筑物模型\1586.obj,model01585
val,model01612.mp4,D:\scj\down_load\三七\建筑物模型\1613.obj,model01612
val,model01659.mp4,D:\scj\down_load\三七\建筑物模型\1660.obj,model01659
val,model01662.mp4,D:\scj\down_load\三七\建筑物模型\1663.obj,model01662
val,model01671.mp4,D:\scj\down_load\三七\建筑物模型\1672.obj,model01671
val,model01678.mp4,D:\scj\down_load\三七\建筑物模型\1679.obj,model01678
val,model01689.mp4,D:\scj\down_load\三七\建筑物模型\1690.obj,model01689
val,model01693.mp4,D:\scj\down_load\三七\建筑物模型\1694.obj,model01693
val,model01695.mp4,D:\scj\down_load\三七\建筑物模型\1696.obj,model01695
val,model01697.mp4,D:\scj\down_load\三七\建筑物模型\1698.obj,model01697
val,model01699.mp4,D:\scj\down_load\三七\建筑物模型\1700.obj,model01699
val,model01700.mp4,D:\scj\down_load\三七\建筑物模型\1701.obj,model01700
val,model01706.mp4,D:\scj\down_load\三七\建筑物模型\1707.obj,model01706
val,model01720.mp4,D:\scj\down_load\三七\建筑物模型\1721.obj,model01720
val,model01730.mp4,D:\scj\down_load\三七\建筑物模型\1731.obj,model01730
val,model01738.mp4,D:\scj\down_load\三七\建筑物模型\1739.obj,model01738
val,model01739.mp4,D:\scj\down_load\三七\建筑物模型\1740.obj,model01739
val,model01741.mp4,D:\scj\down_load\三七\建筑物模型\1742.obj,model01741
val,model01745.mp4,D:\scj\down_load\三七\建筑物模型\1746.obj,model01745
val,model01766.mp4,D:\scj\down_load\三七\建筑物模型\1767.obj,model01766
val,model01776.mp4,D:\scj\down_load\三七\建筑物模型\1777.obj,model01776
val,model01779.mp4,D:\scj\down_load\三七\建筑物模型\1780.obj,model01779
val,model01792.mp4,D:\scj\down_load\三七\建筑物模型\1793.obj,model01792
val,model01806.mp4,D:\scj\down_load\三七\建筑物模型\1807.obj,model01806
val,model01812.mp4,D:\scj\down_load\三七\建筑物模型\1813.obj,model01812
val,model01820.mp4,D:\scj\down_load\三七\建筑物模型\1821.obj,model01820
val,model01829.mp4,D:\scj\down_load\三七\建筑物模型\1830.obj,model01829
val,model01833.mp4,D:\scj\down_load\三七\建筑物模型\1834.obj,model01833
val,model01850.mp4,D:\scj\down_load\三七\建筑物模型\1851.obj,model01850
val,model01857.mp4,D:\scj\down_load\三七\建筑物模型\1858.obj,model01857
val,model01858.mp4,D:\scj\down_load\三七\建筑物模型\1859.obj,model01858
val,model01860.mp4,D:\scj\down_load\三七\建筑物模型\1861.obj,model01860
val,model01866.mp4,D:\scj\down_load\三七\建筑物模型\1867.obj,model01866
val,model01871.mp4,D:\scj\down_load\三七\建筑物模型\1872.obj,model01871
val,model01888.mp4,D:\scj\down_load\三七\建筑物模型\1889.obj,model01888
val,model01894.mp4,D:\scj\down_load\三七\建筑物模型\1895.obj,model01894
val,model01900.mp4,D:\scj\down_load\三七\建筑物模型\1901.obj,model01900
val,model01906.mp4,D:\scj\down_load\三七\建筑物模型\1907.obj,model01906
val,model01919.mp4,D:\scj\down_load\三七\建筑物模型\1920.obj,model01919
val,model01921.mp4,D:\scj\down_load\三七\建筑物模型\1922.obj,model01921
val,model01933.mp4,D:\scj\down_load\三七\建筑物模型\1934.obj,model01933
val,model01938.mp4,D:\scj\down_load\三七\建筑物模型\1939.obj,model01938
val,model01946.mp4,D:\scj\down_load\三七\建筑物模型\1947.obj,model01946
val,model01947.mp4,D:\scj\down_load\三七\建筑物模型\1948.obj,model01947
val,model01951.mp4,D:\scj\down_load\三七\建筑物模型\1952.obj,model01951
val,model01962.mp4,D:\scj\down_load\三七\建筑物模型\1963.obj,model01962
val,model01972.mp4,D:\scj\down_load\三七\建筑物模型\1973.obj,model01972
val,model01983.mp4,D:\scj\down_load\三七\建筑物模型\1984.obj,model01983
val,model01984.mp4,D:\scj\down_load\三七\建筑物模型\1985.obj,model01984
val,model01990.mp4,D:\scj\down_load\三七\建筑物模型\1991.obj,model01990
val,model02004.mp4,D:\scj\down_load\三七\建筑物模型\2005.obj,model02004
val,model02020.mp4,D:\scj\down_load\三七\建筑物模型\2021.obj,model02020
val,model02022.mp4,D:\scj\down_load\三七\建筑物模型\2023.obj,model02022
val,model02032.mp4,D:\scj\down_load\三七\建筑物模型\2033.obj,model02032
val,model02035.mp4,D:\scj\down_load\三七\建筑物模型\2036.obj,model02035
val,model02052.mp4,D:\scj\down_load\三七\建筑物模型\2053.obj,model02052
val,model02064.mp4,D:\scj\down_load\三七\建筑物模型\2065.obj,model02064
val,model02067.mp4,D:\scj\down_load\三七\建筑物模型\2068.obj,model02067
val,model02073.mp4,D:\scj\down_load\三七\建筑物模型\2074.obj,model02073
val,model02076.mp4,D:\scj\down_load\三七\建筑物模型\2077.obj,model02076
val,model02079.mp4,D:\scj\down_load\三七\建筑物模型\2080.obj,model02079
val,model02086.mp4,D:\scj\down_load\三七\建筑物模型\2087.obj,model02086
val,model02091.mp4,D:\scj\down_load\三七\建筑物模型\2092.obj,model02091
val,model02094.mp4,D:\scj\down_load\三七\建筑物模型\2095.obj,model02094
val,model02098.mp4,D:\scj\down_load\三七\建筑物模型\2099.obj,model02098
val,model02107.mp4,D:\scj\down_load\三七\建筑物模型\2108.obj,model02107
val,model02108.mp4,D:\scj\down_load\三七\建筑物模型\2109.obj,model02108
val,model02116.mp4,D:\scj\down_load\三七\建筑物模型\2117.obj,model02116
val,model02118.mp4,D:\scj\down_load\三七\建筑物模型\2119.obj,model02118
val,model02120.mp4,D:\scj\down_load\三七\建筑物模型\2121.obj,model02120
val,model02124.mp4,D:\scj\down_load\三七\建筑物模型\2125.obj,model02124
val,model02179.mp4,D:\scj\down_load\三七\建筑物模型\2180.obj,model02179
val,model02186.mp4,D:\scj\down_load\三七\建筑物模型\2187.obj,model02186
val,model02190.mp4,D:\scj\down_load\三七\建筑物模型\2191.obj,model02190
val,model02195.mp4,D:\scj\down_load\三七\建筑物模型\2196.obj,model02195
val,model02200.mp4,D:\scj\down_load\三七\建筑物模型\2201.obj,model02200
val,model02201.mp4,D:\scj\down_load\三七\建筑物模型\2202.obj,model02201
val,model02221.mp4,D:\scj\down_load\三七\建筑物模型\2222.obj,model02221
val,model02227.mp4,D:\scj\down_load\三七\建筑物模型\2228.obj,model02227
val,model02231.mp4,D:\scj\down_load\三七\建筑物模型\2232.obj,model02231
val,model02238.mp4,D:\scj\down_load\三七\建筑物模型\2239.obj,model02238
val,model02239.mp4,D:\scj\down_load\三七\建筑物模型\2240.obj,model02239
val,model02322.mp4,D:\scj\down_load\三七\建筑物模型\2323.obj,model02322
val,model02328.mp4,D:\scj\down_load\三七\建筑物模型\2329.obj,model02328
val,model02333.mp4,D:\scj\down_load\三七\建筑物模型\2334.obj,model02333
val,model02337.mp4,D:\scj\down_load\三七\建筑物模型\2338.obj,model02337
val,model02341.mp4,D:\scj\down_load\三七\建筑物模型\2342.obj,model02341
val,model02377.mp4,D:\scj\down_load\三七\建筑物模型\2378.obj,model02377
val,model02385.mp4,D:\scj\down_load\三七\建筑物模型\2386.obj,model02385
test,model00006.mp4,D:\scj\down_load\三七\建筑物模型\7.obj,model00006
test,model00010.mp4,D:\scj\down_load\三七\建筑物模型\11.obj,model00010
test,model00012.mp4,D:\scj\down_load\三七\建筑物模型\13.obj,model00012
test,model00023.mp4,D:\scj\down_load\三七\建筑物模型\24.obj,model00023
test,model00027.mp4,D:\scj\down_load\三七\建筑物模型\28.obj,model00027
test,model00030.mp4,D:\scj\down_load\三七\建筑物模型\31.obj,model00030
test,model00034.mp4,D:\scj\down_load\三七\建筑物模型\35.obj,model00034
test,model00052.mp4,D:\scj\down_load\三七\建筑物模型\53.obj,model00052
test,model00057.mp4,D:\scj\down_load\三七\建筑物模型\58.obj,model00057
test,model00063.mp4,D:\scj\down_load\三七\建筑物模型\64.obj,model00063
test,model00083.mp4,D:\scj\down_load\三七\建筑物模型\84.obj,model00083
test,model00086.mp4,D:\scj\down_load\三七\建筑物模型\87.obj,model00086
test,model00088.mp4,D:\scj\down_load\三七\建筑物模型\89.obj,model00088
test,model00090.mp4,D:\scj\down_load\三七\建筑物模型\91.obj,model00090
test,model00093.mp4,D:\scj\down_load\三七\建筑物模型\94.obj,model00093
test,model00099.mp4,D:\scj\down_load\三七\建筑物模型\100.obj,model00099
test,model00105.mp4,D:\scj\down_load\三七\建筑物模型\106.obj,model00105
test,model00111.mp4,D:\scj\down_load\三七\建筑物模型\112.obj,model00111
test,model00128.mp4,D:\scj\down_load\三七\建筑物模型\129.obj,model00128
test,model00146.mp4,D:\scj\down_load\三七\建筑物模型\147.obj,model00146
test,model00171.mp4,D:\scj\down_load\三七\建筑物模型\172.obj,model00171
test,model00176.mp4,D:\scj\down_load\三七\建筑物模型\177.obj,model00176
test,model00179.mp4,D:\scj\down_load\三七\建筑物模型\180.obj,model00179
test,model00180.mp4,D:\scj\down_load\三七\建筑物模型\181.obj,model00180
test,model00185.mp4,D:\scj\down_load\三七\建筑物模型\186.obj,model00185
test,model00187.mp4,D:\scj\down_load\三七\建筑物模型\188.obj,model00187
test,model00188.mp4,D:\scj\down_load\三七\建筑物模型\189.obj,model00188
test,model00193.mp4,D:\scj\down_load\三七\建筑物模型\194.obj,model00193
test,model00196.mp4,D:\scj\down_load\三七\建筑物模型\197.obj,model00196
test,model00203.mp4,D:\scj\down_load\三七\建筑物模型\204.obj,model00203
test,model00214.mp4,D:\scj\down_load\三七\建筑物模型\215.obj,model00214
test,model00216.mp4,D:\scj\down_load\三七\建筑物模型\217.obj,model00216
test,model00230.mp4,D:\scj\down_load\三七\建筑物模型\231.obj,model00230
test,model00232.mp4,D:\scj\down_load\三七\建筑物模型\233.obj,model00232
test,model00234.mp4,D:\scj\down_load\三七\建筑物模型\235.obj,model00234
test,model00256.mp4,D:\scj\down_load\三七\建筑物模型\257.obj,model00256
test,model00258.mp4,D:\scj\down_load\三七\建筑物模型\259.obj,model00258
test,model00264.mp4,D:\scj\down_load\三七\建筑物模型\265.obj,model00264
test,model00268.mp4,D:\scj\down_load\三七\建筑物模型\269.obj,model00268
test,model00271.mp4,D:\scj\down_load\三七\建筑物模型\272.obj,model00271
test,model00283.mp4,D:\scj\down_load\三七\建筑物模型\284.obj,model00283
test,model00294.mp4,D:\scj\down_load\三七\建筑物模型\295.obj,model00294
test,model00296.mp4,D:\scj\down_load\三七\建筑物模型\297.obj,model00296
test,model00305.mp4,D:\scj\down_load\三七\建筑物模型\306.obj,model00305
test,model00318.mp4,D:\scj\down_load\三七\建筑物模型\319.obj,model00318
test,model00330.mp4,D:\scj\down_load\三七\建筑物模型\331.obj,model00330
test,model00345.mp4,D:\scj\down_load\三七\建筑物模型\346.obj,model00345
test,model00348.mp4,D:\scj\down_load\三七\建筑物模型\349.obj,model00348
test,model00353.mp4,D:\scj\down_load\三七\建筑物模型\354.obj,model00353
test,model00360.mp4,D:\scj\down_load\三七\建筑物模型\361.obj,model00360
test,model00396.mp4,D:\scj\down_load\三七\建筑物模型\397.obj,model00396
test,model00402.mp4,D:\scj\down_load\三七\建筑物模型\403.obj,model00402
test,model00409.mp4,D:\scj\down_load\三七\建筑物模型\410.obj,model00409
test,model00413.mp4,D:\scj\down_load\三七\建筑物模型\414.obj,model00413
test,model00418.mp4,D:\scj\down_load\三七\建筑物模型\419.obj,model00418
test,model00428.mp4,D:\scj\down_load\三七\建筑物模型\429.obj,model00428
test,model00429.mp4,D:\scj\down_load\三七\建筑物模型\430.obj,model00429
test,model00443.mp4,D:\scj\down_load\三七\建筑物模型\444.obj,model00443
test,model00480.mp4,D:\scj\down_load\三七\建筑物模型\481.obj,model00480
test,model00497.mp4,D:\scj\down_load\三七\建筑物模型\498.obj,model00497
test,model00507.mp4,D:\scj\down_load\三七\建筑物模型\508.obj,model00507
test,model00508.mp4,D:\scj\down_load\三七\建筑物模型\509.obj,model00508
test,model00520.mp4,D:\scj\down_load\三七\建筑物模型\521.obj,model00520
test,model00531.mp4,D:\scj\down_load\三七\建筑物模型\532.obj,model00531
test,model00536.mp4,D:\scj\down_load\三七\建筑物模型\537.obj,model00536
test,model00545.mp4,D:\scj\down_load\三七\建筑物模型\546.obj,model00545
test,model00551.mp4,D:\scj\down_load\三七\建筑物模型\552.obj,model00551
test,model00552.mp4,D:\scj\down_load\三七\建筑物模型\553.obj,model00552
test,model00565.mp4,D:\scj\down_load\三七\建筑物模型\566.obj,model00565
test,model00566.mp4,D:\scj\down_load\三七\建筑物模型\567.obj,model00566
test,model00568.mp4,D:\scj\down_load\三七\建筑物模型\569.obj,model00568
test,model00578.mp4,D:\scj\down_load\三七\建筑物模型\579.obj,model00578
test,model00579.mp4,D:\scj\down_load\三七\建筑物模型\580.obj,model00579
test,model00587.mp4,D:\scj\down_load\三七\建筑物模型\588.obj,model00587
test,model00589.mp4,D:\scj\down_load\三七\建筑物模型\590.obj,model00589
test,model00591.mp4,D:\scj\down_load\三七\建筑物模型\592.obj,model00591
test,model00594.mp4,D:\scj\down_load\三七\建筑物模型\595.obj,model00594
test,model00595.mp4,D:\scj\down_load\三七\建筑物模型\596.obj,model00595
test,model00599.mp4,D:\scj\down_load\三七\建筑物模型\600.obj,model00599
test,model00604.mp4,D:\scj\down_load\三七\建筑物模型\605.obj,model00604
test,model00614.mp4,D:\scj\down_load\三七\建筑物模型\615.obj,model00614
test,model00629.mp4,D:\scj\down_load\三七\建筑物模型\630.obj,model00629
test,model00632.mp4,D:\scj\down_load\三七\建筑物模型\633.obj,model00632
test,model00664.mp4,D:\scj\down_load\三七\建筑物模型\665.obj,model00664
test,model00665.mp4,D:\scj\down_load\三七\建筑物模型\666.obj,model00665
test,model00666.mp4,D:\scj\down_load\三七\建筑物模型\667.obj,model00666
test,model00673.mp4,D:\scj\down_load\三七\建筑物模型\674.obj,model00673
test,model00675.mp4,D:\scj\down_load\三七\建筑物模型\676.obj,model00675
test,model00679.mp4,D:\scj\down_load\三七\建筑物模型\680.obj,model00679
test,model00691.mp4,D:\scj\down_load\三七\建筑物模型\692.obj,model00691
test,model00694.mp4,D:\scj\down_load\三七\建筑物模型\695.obj,model00694
test,model00700.mp4,D:\scj\down_load\三七\建筑物模型\701.obj,model00700
test,model00709.mp4,D:\scj\down_load\三七\建筑物模型\710.obj,model00709
test,model00713.mp4,D:\scj\down_load\三七\建筑物模型\714.obj,model00713
test,model00714.mp4,D:\scj\down_load\三七\建筑物模型\715.obj,model00714
test,model00716.mp4,D:\scj\down_load\三七\建筑物模型\717.obj,model00716
test,model00722.mp4,D:\scj\down_load\三七\建筑物模型\723.obj,model00722
test,model00745.mp4,D:\scj\down_load\三七\建筑物模型\746.obj,model00745
test,model00757.mp4,D:\scj\down_load\三七\建筑物模型\758.obj,model00757
test,model00768.mp4,D:\scj\down_load\三七\建筑物模型\769.obj,model00768
test,model00777.mp4,D:\scj\down_load\三七\建筑物模型\778.obj,model00777
test,model00786.mp4,D:\scj\down_load\三七\建筑物模型\787.obj,model00786
test,model00787.mp4,D:\scj\down_load\三七\建筑物模型\788.obj,model00787
test,model00788.mp4,D:\scj\down_load\三七\建筑物模型\789.obj,model00788
test,model00791.mp4,D:\scj\down_load\三七\建筑物模型\792.obj,model00791
test,model00797.mp4,D:\scj\down_load\三七\建筑物模型\798.obj,model00797
test,model00804.mp4,D:\scj\down_load\三七\建筑物模型\805.obj,model00804
test,model00831.mp4,D:\scj\down_load\三七\建筑物模型\832.obj,model00831
test,model00845.mp4,D:\scj\down_load\三七\建筑物模型\846.obj,model00845
test,model00862.mp4,D:\scj\down_load\三七\建筑物模型\863.obj,model00862
test,model00879.mp4,D:\scj\down_load\三七\建筑物模型\880.obj,model00879
test,model00882.mp4,D:\scj\down_load\三七\建筑物模型\883.obj,model00882
test,model00911.mp4,D:\scj\down_load\三七\建筑物模型\912.obj,model00911
test,model00917.mp4,D:\scj\down_load\三七\建筑物模型\918.obj,model00917
test,model00920.mp4,D:\scj\down_load\三七\建筑物模型\921.obj,model00920
test,model00923.mp4,D:\scj\down_load\三七\建筑物模型\924.obj,model00923
test,model00935.mp4,D:\scj\down_load\三七\建筑物模型\936.obj,model00935
test,model00943.mp4,D:\scj\down_load\三七\建筑物模型\944.obj,model00943
test,model00977.mp4,D:\scj\down_load\三七\建筑物模型\978.obj,model00977
test,model00997.mp4,D:\scj\down_load\三七\建筑物模型\998.obj,model00997
test,model01003.mp4,D:\scj\down_load\三七\建筑物模型\1004.obj,model01003
test,model01009.mp4,D:\scj\down_load\三七\建筑物模型\1010.obj,model01009
test,model01018.mp4,D:\scj\down_load\三七\建筑物模型\1019.obj,model01018
test,model01024.mp4,D:\scj\down_load\三七\建筑物模型\1025.obj,model01024
test,model01030.mp4,D:\scj\down_load\三七\建筑物模型\1031.obj,model01030
test,model01043.mp4,D:\scj\down_load\三七\建筑物模型\1044.obj,model01043
test,model01046.mp4,D:\scj\down_load\三七\建筑物模型\1047.obj,model01046
test,model01053.mp4,D:\scj\down_load\三七\建筑物模型\1054.obj,model01053
test,model01072.mp4,D:\scj\down_load\三七\建筑物模型\1073.obj,model01072
test,model01099.mp4,D:\scj\down_load\三七\建筑物模型\1100.obj,model01099
test,model01116.mp4,D:\scj\down_load\三七\建筑物模型\1117.obj,model01116
test,model01118.mp4,D:\scj\down_load\三七\建筑物模型\1119.obj,model01118
test,model01126.mp4,D:\scj\down_load\三七\建筑物模型\1127.obj,model01126
test,model01135.mp4,D:\scj\down_load\三七\建筑物模型\1136.obj,model01135
test,model01166.mp4,D:\scj\down_load\三七\建筑物模型\1167.obj,model01166
test,model01169.mp4,D:\scj\down_load\三七\建筑物模型\1170.obj,model01169
test,model01172.mp4,D:\scj\down_load\三七\建筑物模型\1173.obj,model01172
test,model01182.mp4,D:\scj\down_load\三七\建筑物模型\1183.obj,model01182
test,model01187.mp4,D:\scj\down_load\三七\建筑物模型\1188.obj,model01187
test,model01199.mp4,D:\scj\down_load\三七\建筑物模型\1200.obj,model01199
test,model01217.mp4,D:\scj\down_load\三七\建筑物模型\1218.obj,model01217
test,model01234.mp4,D:\scj\down_load\三七\建筑物模型\1235.obj,model01234
test,model01236.mp4,D:\scj\down_load\三七\建筑物模型\1237.obj,model01236
test,model01246.mp4,D:\scj\down_load\三七\建筑物模型\1247.obj,model01246
test,model01251.mp4,D:\scj\down_load\三七\建筑物模型\1252.obj,model01251
test,model01273.mp4,D:\scj\down_load\三七\建筑物模型\1274.obj,model01273
test,model01295.mp4,D:\scj\down_load\三七\建筑物模型\1296.obj,model01295
test,model01299.mp4,D:\scj\down_load\三七\建筑物模型\1300.obj,model01299
test,model01318.mp4,D:\scj\down_load\三七\建筑物模型\1319.obj,model01318
test,model01323.mp4,D:\scj\down_load\三七\建筑物模型\1324.obj,model01323
test,model01350.mp4,D:\scj\down_load\三七\建筑物模型\1351.obj,model01350
test,model01369.mp4,D:\scj\down_load\三七\建筑物模型\1370.obj,model01369
test,model01393.mp4,D:\scj\down_load\三七\建筑物模型\1394.obj,model01393
test,model01414.mp4,D:\scj\down_load\三七\建筑物模型\1415.obj,model01414
test,model01415.mp4,D:\scj\down_load\三七\建筑物模型\1416.obj,model01415
test,model01428.mp4,D:\scj\down_load\三七\建筑物模型\1429.obj,model01428
test,model01434.mp4,D:\scj\down_load\三七\建筑物模型\1435.obj,model01434
test,model01450.mp4,D:\scj\down_load\三七\建筑物模型\1451.obj,model01450
test,model01456.mp4,D:\scj\down_load\三七\建筑物模型\1457.obj,model01456
test,model01457.mp4,D:\scj\down_load\三七\建筑物模型\1458.obj,model01457
test,model01467.mp4,D:\scj\down_load\三七\建筑物模型\1468.obj,model01467
test,model01468.mp4,D:\scj\down_load\三七\建筑物模型\1469.obj,model01468
test,model01474.mp4,D:\scj\down_load\三七\建筑物模型\1475.obj,model01474
test,model01476.mp4,D:\scj\down_load\三七\建筑物模型\1477.obj,model01476
test,model01477.mp4,D:\scj\down_load\三七\建筑物模型\1478.obj,model01477
test,model01518.mp4,D:\scj\down_load\三七\建筑物模型\1519.obj,model01518
test,model01522.mp4,D:\scj\down_load\三七\建筑物模型\1523.obj,model01522
test,model01542.mp4,D:\scj\down_load\三七\建筑物模型\1543.obj,model01542
test,model01552.mp4,D:\scj\down_load\三七\建筑物模型\1553.obj,model01552
test,model01559.mp4,D:\scj\down_load\三七\建筑物模型\1560.obj,model01559
test,model01580.mp4,D:\scj\down_load\三七\建筑物模型\1581.obj,model01580
test,model01592.mp4,D:\scj\down_load\三七\建筑物模型\1593.obj,model01592
test,model01597.mp4,D:\scj\down_load\三七\建筑物模型\1598.obj,model01597
test,model01600.mp4,D:\scj\down_load\三七\建筑物模型\1601.obj,model01600
test,model01601.mp4,D:\scj\down_load\三七\建筑物模型\1602.obj,model01601
test,model01604.mp4,D:\scj\down_load\三七\建筑物模型\1605.obj,model01604
test,model01608.mp4,D:\scj\down_load\三七\建筑物模型\1609.obj,model01608
test,model01620.mp4,D:\scj\down_load\三七\建筑物模型\1621.obj,model01620
test,model01629.mp4,D:\scj\down_load\三七\建筑物模型\1630.obj,model01629
test,model01630.mp4,D:\scj\down_load\三七\建筑物模型\1631.obj,model01630
test,model01641.mp4,D:\scj\down_load\三七\建筑物模型\1642.obj,model01641
test,model01646.mp4,D:\scj\down_load\三七\建筑物模型\1647.obj,model01646
test,model01652.mp4,D:\scj\down_load\三七\建筑物模型\1653.obj,model01652
test,model01663.mp4,D:\scj\down_load\三七\建筑物模型\1664.obj,model01663
test,model01676.mp4,D:\scj\down_load\三七\建筑物模型\1677.obj,model01676
test,model01710.mp4,D:\scj\down_load\三七\建筑物模型\1711.obj,model01710
test,model01714.mp4,D:\scj\down_load\三七\建筑物模型\1715.obj,model01714
test,model01725.mp4,D:\scj\down_load\三七\建筑物模型\1726.obj,model01725
test,model01735.mp4,D:\scj\down_load\三七\建筑物模型\1736.obj,model01735
test,model01737.mp4,D:\scj\down_load\三七\建筑物模型\1738.obj,model01737
test,model01751.mp4,D:\scj\down_load\三七\建筑物模型\1752.obj,model01751
test,model01756.mp4,D:\scj\down_load\三七\建筑物模型\1757.obj,model01756
test,model01762.mp4,D:\scj\down_load\三七\建筑物模型\1763.obj,model01762
test,model01777.mp4,D:\scj\down_load\三七\建筑物模型\1778.obj,model01777
test,model01787.mp4,D:\scj\down_load\三七\建筑物模型\1788.obj,model01787
test,model01795.mp4,D:\scj\down_load\三七\建筑物模型\1796.obj,model01795
test,model01802.mp4,D:\scj\down_load\三七\建筑物模型\1803.obj,model01802
test,model01810.mp4,D:\scj\down_load\三七\建筑物模型\1811.obj,model01810
test,model01811.mp4,D:\scj\down_load\三七\建筑物模型\1812.obj,model01811
test,model01828.mp4,D:\scj\down_load\三七\建筑物模型\1829.obj,model01828
test,model01843.mp4,D:\scj\down_load\三七\建筑物模型\1844.obj,model01843
test,model01862.mp4,D:\scj\down_load\三七\建筑物模型\1863.obj,model01862
test,model01885.mp4,D:\scj\down_load\三七\建筑物模型\1886.obj,model01885
test,model01897.mp4,D:\scj\down_load\三七\建筑物模型\1898.obj,model01897
test,model01924.mp4,D:\scj\down_load\三七\建筑物模型\1925.obj,model01924
test,model01926.mp4,D:\scj\down_load\三七\建筑物模型\1927.obj,model01926
test,model01931.mp4,D:\scj\down_load\三七\建筑物模型\1932.obj,model01931
test,model01932.mp4,D:\scj\down_load\三七\建筑物模型\1933.obj,model01932
test,model01980.mp4,D:\scj\down_load\三七\建筑物模型\1981.obj,model01980
test,model01997.mp4,D:\scj\down_load\三七\建筑物模型\1998.obj,model01997
test,model02015.mp4,D:\scj\down_load\三七\建筑物模型\2016.obj,model02015
test,model02017.mp4,D:\scj\down_load\三七\建筑物模型\2018.obj,model02017
test,model02059.mp4,D:\scj\down_load\三七\建筑物模型\2060.obj,model02059
test,model02069.mp4,D:\scj\down_load\三七\建筑物模型\2070.obj,model02069
test,model02093.mp4,D:\scj\down_load\三七\建筑物模型\2094.obj,model02093
test,model02099.mp4,D:\scj\down_load\三七\建筑物模型\2100.obj,model02099
test,model02101.mp4,D:\scj\down_load\三七\建筑物模型\2102.obj,model02101
test,model02145.mp4,D:\scj\down_load\三七\建筑物模型\2146.obj,model02145
test,model02148.mp4,D:\scj\down_load\三七\建筑物模型\2149.obj,model02148
test,model02151.mp4,D:\scj\down_load\三七\建筑物模型\2152.obj,model02151
test,model02161.mp4,D:\scj\down_load\三七\建筑物模型\2162.obj,model02161
test,model02162.mp4,D:\scj\down_load\三七\建筑物模型\2163.obj,model02162
test,model02163.mp4,D:\scj\down_load\三七\建筑物模型\2164.obj,model02163
test,model02184.mp4,D:\scj\down_load\三七\建筑物模型\2185.obj,model02184
test,model02203.mp4,D:\scj\down_load\三七\建筑物模型\2204.obj,model02203
test,model02208.mp4,D:\scj\down_load\三七\建筑物模型\2209.obj,model02208
test,model02209.mp4,D:\scj\down_load\三七\建筑物模型\2210.obj,model02209
test,model02211.mp4,D:\scj\down_load\三七\建筑物模型\2212.obj,model02211
test,model02262.mp4,D:\scj\down_load\三七\建筑物模型\2263.obj,model02262
test,model02296.mp4,D:\scj\down_load\三七\建筑物模型\2297.obj,model02296
test,model02299.mp4,D:\scj\down_load\三七\建筑物模型\2300.obj,model02299
test,model02302.mp4,D:\scj\down_load\三七\建筑物模型\2303.obj,model02302
test,model02332.mp4,D:\scj\down_load\三七\建筑物模型\2333.obj,model02332
test,model02349.mp4,D:\scj\down_load\三七\建筑物模型\2350.obj,model02349
test,model02351.mp4,D:\scj\down_load\三七\建筑物模型\2352.obj,model02351
test,model02353.mp4,D:\scj\down_load\三七\建筑物模型\2354.obj,model02353
test,model02374.mp4,D:\scj\down_load\三七\建筑物模型\2375.obj,model02374
test,model02381.mp4,D:\scj\down_load\三七\建筑物模型\2382.obj,model02381
test,model02384.mp4,D:\scj\down_load\三七\建筑物模型\2385.obj,model02384
