video,prompt
model00221.mp4,A matte gray untextured architectural massing model stands on a plain white background as the camera completes a smooth 360-degree orbit at a fixed elevation.
model00301.mp4,A matte gray untextured architectural massing model stands on a plain white background as the camera completes a smooth 360-degree orbit at a fixed elevation.
model01783.mp4,A matte gray untextured architectural massing model stands on a plain white background as the camera completes a smooth 360-degree orbit at a fixed elevation.
model01145.mp4,A matte gray untextured architectural massing model stands on a plain white background as the camera completes a smooth 360-degree orbit at a fixed elevation.
model02140.mp4,A matte gray untextured architectural massing model stands on a plain white background as the camera completes a smooth 360-degree orbit at a fixed elevation.
model01364.mp4,A matte gray untextured architectural massing model stands on a plain white background as the camera completes a smooth 360-degree orbit at a fixed elevation.
model01389.mp4,A matte gray untextured architectural massing model stands on a plain white background as the camera completes a smooth 360-degree orbit at a fixed elevation.
model01551.mp4,A matte gray untextured architectural massing model stands on a plain white background as the camera completes a smooth 360-degree orbit at a fixed elevation.
model01255.mp4,A matte gray untextured architectural massing model stands on a plain white background as the camera completes a smooth 360-degree orbit at a fixed elevation.
model00935.mp4,A matte gray untextured architectural massing model stands on a plain white background as the camera completes a smooth 360-degree orbit at a fixed elevation.
model00807.mp4,A matte gray untextured architectural massing model stands on a plain white background as the camera completes a smooth 360-degree orbit at a fixed elevation.
model01691.mp4,A matte gray untextured architectural massing model stands on a plain white background as the camera completes a smooth 360-degree orbit at a fixed elevation.
model01448.mp4,A matte gray untextured architectural massing model stands on a plain white background as the camera completes a smooth 360-degree orbit at a fixed elevation.
model00483.mp4,A matte gray untextured architectural massing model stands on a plain white background as the camera completes a smooth 360-degree orbit at a fixed elevation.
model01659.mp4,A matte gray untextured architectural massing model stands on a plain white background as the camera completes a smooth 360-degree orbit at a fixed elevation.
model01451.mp4,A matte gray untextured architectural massing model stands on a plain white background as the camera completes a smooth 360-degree orbit at a fixed elevation.
model00295.mp4,A matte gray untextured architectural massing model stands on a plain white background as the camera completes a smooth 360-degree orbit at a fixed elevation.
model01467.mp4,A matte gray untextured architectural massing model stands on a plain white background as the camera completes a smooth 360-degree orbit at a fixed elevation.
model01395.mp4,A matte gray untextured architectural massing model stands on a plain white background as the camera completes a smooth 360-degree orbit at a fixed elevation.
model02102.mp4,A matte gray untextured architectural massing model stands on a plain white background as the camera completes a smooth 360-degree orbit at a fixed elevation.
model01542.mp4,A matte gray untextured architectural massing model stands on a plain white background as the camera completes a smooth 360-degree orbit at a fixed elevation.
model02045.mp4,A matte gray untextured architectural massing model stands on a plain white background as the camera completes a smooth 360-degree orbit at a fixed elevation.
model01132.mp4,A matte gray untextured architectural massing model stands on a plain white background as the camera completes a smooth 360-degree orbit at a fixed elevation.
model01189.mp4,A matte gray untextured architectural massing model stands on a plain white background as the camera completes a smooth 360-degree orbit at a fixed elevation.
model01898.mp4,A matte gray untextured architectural massing model stands on a plain white background as the camera completes a smooth 360-degree orbit at a fixed elevation.
model00457.mp4,A matte gray untextured architectural massing model stands on a plain white background as the camera completes a smooth 360-degree orbit at a fixed elevation.
model00027.mp4,A matte gray untextured architectural massing model stands on a plain white background as the camera completes a smooth 360-degree orbit at a fixed elevation.
model00361.mp4,A matte gray untextured architectural massing model stands on a plain white background as the camera completes a smooth 360-degree orbit at a fixed elevation.
model01041.mp4,A matte gray untextured architectural massing model stands on a plain white background as the camera completes a smooth 360-degree orbit at a fixed elevation.
model01539.mp4,A matte gray untextured architectural massing model stands on a plain white background as the camera completes a smooth 360-degree orbit at a fixed elevation.
model02309.mp4,A matte gray untextured architectural massing model stands on a plain white background as the camera completes a smooth 360-degree orbit at a fixed elevation.
model00975.mp4,A matte gray untextured architectural massing model stands on a plain white background as the camera completes a smooth 360-degree orbit at a fixed elevation.
model01446.mp4,A matte gray untextured architectural massing model stands on a plain white background as the camera completes a smooth 360-degree orbit at a fixed elevation.
model01113.mp4,A matte gray untextured architectural massing model stands on a plain white background as the camera completes a smooth 360-degree orbit at a fixed elevation.
model01449.mp4,A matte gray untextured architectural massing model stands on a plain white background as the camera completes a smooth 360-degree orbit at a fixed elevation.
model00783.mp4,A matte gray untextured architectural massing model stands on a plain white background as the camera completes a smooth 360-degree orbit at a fixed elevation.
model00132.mp4,A matte gray untextured architectural massing model stands on a plain white background as the camera completes a smooth 360-degree orbit at a fixed elevation.
model02307.mp4,A matte gray untextured architectural massing model stands on a plain white background as the camera completes a smooth 360-degree orbit at a fixed elevation.
model00583.mp4,A matte gray untextured architectural massing model stands on a plain white background as the camera completes a smooth 360-degree orbit at a fixed elevation.
model00161.mp4,A matte gray untextured architectural massing model stands on a plain white background as the camera completes a smooth 360-degree orbit at a fixed elevation.
model00881.mp4,A matte gray untextured architectural massing model stands on a plain white background as the camera completes a smooth 360-degree orbit at a fixed elevation.
model00922.mp4,A matte gray untextured architectural massing model stands on a plain white background as the camera completes a smooth 360-degree orbit at a fixed elevation.
model01905.mp4,A matte gray untextured architectural massing model stands on a plain white background as the camera completes a smooth 360-degree orbit at a fixed elevation.
model02153.mp4,A matte gray untextured architectural massing model stands on a plain white background as the camera completes a smooth 360-degree orbit at a fixed elevation.
model01106.mp4,A matte gray untextured architectural massing model stands on a plain white background as the camera completes a smooth 360-degree orbit at a fixed elevation.
model02245.mp4,A matte gray untextured architectural massing model stands on a plain white background as the camera completes a smooth 360-degree orbit at a fixed elevation.
model01835.mp4,A matte gray untextured architectural massing model stands on a plain white background as the camera completes a smooth 360-degree orbit at a fixed elevation.
model02275.mp4,A matte gray untextured architectural massing model stands on a plain white background as the camera completes a smooth 360-degree orbit at a fixed elevation.
model00358.mp4,A matte gray untextured architectural massing model stands on a plain white background as the camera completes a smooth 360-degree orbit at a fixed elevation.
model02207.mp4,A matte gray untextured architectural massing model stands on a plain white background as the camera completes a smooth 360-degree orbit at a fixed elevation.
model00431.mp4,A matte gray untextured architectural massing model stands on a plain white background as the camera completes a smooth 360-degree orbit at a fixed elevation.
model00849.mp4,A matte gray untextured architectural massing model stands on a plain white background as the camera completes a smooth 360-degree orbit at a fixed elevation.
model00691.mp4,A matte gray untextured architectural massing model stands on a plain white background as the camera completes a smooth 360-degree orbit at a fixed elevation.
model01387.mp4,A matte gray untextured architectural massing model stands on a plain white background as the camera completes a smooth 360-degree orbit at a fixed elevation.
model00309.mp4,A matte gray untextured architectural massing model stands on a plain white background as the camera completes a smooth 360-degree orbit at a fixed elevation.
model00532.mp4,A matte gray untextured architectural massing model stands on a plain white background as the camera completes a smooth 360-degree orbit at a fixed elevation.
model01300.mp4,A matte gray untextured architectural massing model stands on a plain white background as the camera completes a smooth 360-degree orbit at a fixed elevation.
model00059.mp4,A matte gray untextured architectural massing model stands on a plain white background as the camera completes a smooth 360-degree orbit at a fixed elevation.
model00472.mp4,A matte gray untextured architectural massing model stands on a plain white background as the camera completes a smooth 360-degree orbit at a fixed elevation.
model00074.mp4,A matte gray untextured architectural massing model stands on a plain white background as the camera completes a smooth 360-degree orbit at a fixed elevation.
model02281.mp4,A matte gray untextured architectural massing model stands on a plain white background as the camera completes a smooth 360-degree orbit at a fixed elevation.
model02296.mp4,A matte gray untextured architectural massing model stands on a plain white background as the camera completes a smooth 360-degree orbit at a fixed elevation.
model01169.mp4,A matte gray untextured architectural massing model stands on a plain white background as the camera completes a smooth 360-degree orbit at a fixed elevation.
model01755.mp4,A matte gray untextured architectural massing model stands on a plain white background as the camera completes a smooth 360-degree orbit at a fixed elevation.
model01749.mp4,A matte gray untextured architectural massing model stands on a plain white background as the camera completes a smooth 360-degree orbit at a fixed elevation.
model01617.mp4,A matte gray untextured architectural massing model stands on a plain white background as the camera completes a smooth 360-degree orbit at a fixed elevation.
model01100.mp4,A matte gray untextured architectural massing model stands on a plain white background as the camera completes a smooth 360-degree orbit at a fixed elevation.
model00167.mp4,A matte gray untextured architectural massing model stands on a plain white background as the camera completes a smooth 360-degree orbit at a fixed elevation.
model01541.mp4,A matte gray untextured architectural massing model stands on a plain white background as the camera completes a smooth 360-degree orbit at a fixed elevation.
model02110.mp4,A matte gray untextured architectural massing model stands on a plain white background as the camera completes a smooth 360-degree orbit at a fixed elevation.
model01668.mp4,A matte gray untextured architectural massing model stands on a plain white background as the camera completes a smooth 360-degree orbit at a fixed elevation.
model00402.mp4,A matte gray untextured architectural massing model stands on a plain white background as the camera completes a smooth 360-degree orbit at a fixed elevation.
model01979.mp4,A matte gray untextured architectural massing model stands on a plain white background as the camera completes a smooth 360-degree orbit at a fixed elevation.
model00451.mp4,A matte gray untextured architectural massing model stands on a plain white background as the camera completes a smooth 360-degree orbit at a fixed elevation.
model01492.mp4,A matte gray untextured architectural massing model stands on a plain white background as the camera completes a smooth 360-degree orbit at a fixed elevation.
model01869.mp4,A matte gray untextured architectural massing model stands on a plain white background as the camera completes a smooth 360-degree orbit at a fixed elevation.
model01886.mp4,A matte gray untextured architectural massing model stands on a plain white background as the camera completes a smooth 360-degree orbit at a fixed elevation.
model01339.mp4,A matte gray untextured architectural massing model stands on a plain white background as the camera completes a smooth 360-degree orbit at a fixed elevation.
model01230.mp4,A matte gray untextured architectural massing model stands on a plain white background as the camera completes a smooth 360-degree orbit at a fixed elevation.
model00478.mp4,A matte gray untextured architectural massing model stands on a plain white background as the camera completes a smooth 360-degree orbit at a fixed elevation.
model02008.mp4,A matte gray untextured architectural massing model stands on a plain white background as the camera completes a smooth 360-degree orbit at a fixed elevation.
model00968.mp4,A matte gray untextured architectural massing model stands on a plain white background as the camera completes a smooth 360-degree orbit at a fixed elevation.
model00689.mp4,A matte gray untextured architectural massing model stands on a plain white background as the camera completes a smooth 360-degree orbit at a fixed elevation.
model00456.mp4,A matte gray untextured architectural massing model stands on a plain white background as the camera completes a smooth 360-degree orbit at a fixed elevation.
model00999.mp4,A matte gray untextured architectural massing model stands on a plain white background as the camera completes a smooth 360-degree orbit at a fixed elevation.
model01759.mp4,A matte gray untextured architectural massing model stands on a plain white background as the camera completes a smooth 360-degree orbit at a fixed elevation.
model00185.mp4,A matte gray untextured architectural massing model stands on a plain white background as the camera completes a smooth 360-degree orbit at a fixed elevation.
model00494.mp4,A matte gray untextured architectural massing model stands on a plain white background as the camera completes a smooth 360-degree orbit at a fixed elevation.
model01589.mp4,A matte gray untextured architectural massing model stands on a plain white background as the camera completes a smooth 360-degree orbit at a fixed elevation.
model01061.mp4,A matte gray untextured architectural massing model stands on a plain white background as the camera completes a smooth 360-degree orbit at a fixed elevation.
model01130.mp4,A matte gray untextured architectural massing model stands on a plain white background as the camera completes a smooth 360-degree orbit at a fixed elevation.
model01874.mp4,A matte gray untextured architectural massing model stands on a plain white background as the camera completes a smooth 360-degree orbit at a fixed elevation.
model02243.mp4,A matte gray untextured architectural massing model stands on a plain white background as the camera completes a smooth 360-degree orbit at a fixed elevation.
model00539.mp4,A matte gray untextured architectural massing model stands on a plain white background as the camera completes a smooth 360-degree orbit at a fixed elevation.
model01148.mp4,A matte gray untextured architectural massing model stands on a plain white background as the camera completes a smooth 360-degree orbit at a fixed elevation.
model01159.mp4,A matte gray untextured architectural massing model stands on a plain white background as the camera completes a smooth 360-degree orbit at a fixed elevation.
model02172.mp4,A matte gray untextured architectural massing model stands on a plain white background as the camera completes a smooth 360-degree orbit at a fixed elevation.
model01711.mp4,A matte gray untextured architectural massing model stands on a plain white background as the camera completes a smooth 360-degree orbit at a fixed elevation.
model00633.mp4,A matte gray untextured architectural massing model stands on a plain white background as the camera completes a smooth 360-degree orbit at a fixed elevation.
model01472.mp4,A matte gray untextured architectural massing model stands on a plain white background as the camera completes a smooth 360-degree orbit at a fixed elevation.
model01794.mp4,A matte gray untextured architectural massing model stands on a plain white background as the camera completes a smooth 360-degree orbit at a fixed elevation.
model01215.mp4,A matte gray untextured architectural massing model stands on a plain white background as the camera completes a smooth 360-degree orbit at a fixed elevation.
model00332.mp4,A matte gray untextured architectural massing model stands on a plain white background as the camera completes a smooth 360-degree orbit at a fixed elevation.
model00634.mp4,A matte gray untextured architectural massing model stands on a plain white background as the camera completes a smooth 360-degree orbit at a fixed elevation.
model02150.mp4,A matte gray untextured architectural massing model stands on a plain white background as the camera completes a smooth 360-degree orbit at a fixed elevation.
model00205.mp4,A matte gray untextured architectural massing model stands on a plain white background as the camera completes a smooth 360-degree orbit at a fixed elevation.
model01391.mp4,A matte gray untextured architectural massing model stands on a plain white background as the camera completes a smooth 360-degree orbit at a fixed elevation.
model01576.mp4,A matte gray untextured architectural massing model stands on a plain white background as the camera completes a smooth 360-degree orbit at a fixed elevation.
model02086.mp4,A matte gray untextured architectural massing model stands on a plain white background as the camera completes a smooth 360-degree orbit at a fixed elevation.
model01640.mp4,A matte gray untextured architectural massing model stands on a plain white background as the camera completes a smooth 360-degree orbit at a fixed elevation.
model00810.mp4,A matte gray untextured architectural massing model stands on a plain white background as the camera completes a smooth 360-degree orbit at a fixed elevation.
model01743.mp4,A matte gray untextured architectural massing model stands on a plain white background as the camera completes a smooth 360-degree orbit at a fixed elevation.
model01610.mp4,A matte gray untextured architectural massing model stands on a plain white background as the camera completes a smooth 360-degree orbit at a fixed elevation.
model00671.mp4,A matte gray untextured architectural massing model stands on a plain white background as the camera completes a smooth 360-degree orbit at a fixed elevation.
model01594.mp4,A matte gray untextured architectural massing model stands on a plain white background as the camera completes a smooth 360-degree orbit at a fixed elevation.
model00004.mp4,A matte gray untextured architectural massing model stands on a plain white background as the camera completes a smooth 360-degree orbit at a fixed elevation.
model01351.mp4,A matte gray untextured architectural massing model stands on a plain white background as the camera completes a smooth 360-degree orbit at a fixed elevation.
model00258.mp4,A matte gray untextured architectural massing model stands on a plain white background as the camera completes a smooth 360-degree orbit at a fixed elevation.
model01209.mp4,A matte gray untextured architectural massing model stands on a plain white background as the camera completes a smooth 360-degree orbit at a fixed elevation.
model01229.mp4,A matte gray untextured architectural massing model stands on a plain white background as the camera completes a smooth 360-degree orbit at a fixed elevation.
model01496.mp4,A matte gray untextured architectural massing model stands on a plain white background as the camera completes a smooth 360-degree orbit at a fixed elevation.
model02113.mp4,A matte gray untextured architectural massing model stands on a plain white background as the camera completes a smooth 360-degree orbit at a fixed elevation.
model01120.mp4,A matte gray untextured architectural massing model stands on a plain white background as the camera completes a smooth 360-degree orbit at a fixed elevation.
model01705.mp4,A matte gray untextured architectural massing model stands on a plain white background as the camera completes a smooth 360-degree orbit at a fixed elevation.
model01538.mp4,A matte gray untextured architectural massing model stands on a plain white background as the camera completes a smooth 360-degree orbit at a fixed elevation.
model02084.mp4,A matte gray untextured architectural massing model stands on a plain white background as the camera completes a smooth 360-degree orbit at a fixed elevation.
model01834.mp4,A matte gray untextured architectural massing model stands on a plain white background as the camera completes a smooth 360-degree orbit at a fixed elevation.
model00925.mp4,A matte gray untextured architectural massing model stands on a plain white background as the camera completes a smooth 360-degree orbit at a fixed elevation.
model02047.mp4,A matte gray untextured architectural massing model stands on a plain white background as the camera completes a smooth 360-degree orbit at a fixed elevation.
model00195.mp4,A matte gray untextured architectural massing model stands on a plain white background as the camera completes a smooth 360-degree orbit at a fixed elevation.
model00938.mp4,A matte gray untextured architectural massing model stands on a plain white background as the camera completes a smooth 360-degree orbit at a fixed elevation.
model00305.mp4,A matte gray untextured architectural massing model stands on a plain white background as the camera completes a smooth 360-degree orbit at a fixed elevation.
model02299.mp4,A matte gray untextured architectural massing model stands on a plain white background as the camera completes a smooth 360-degree orbit at a fixed elevation.
model01776.mp4,A matte gray untextured architectural massing model stands on a plain white background as the camera completes a smooth 360-degree orbit at a fixed elevation.
model00721.mp4,A matte gray untextured architectural massing model stands on a plain white background as the camera completes a smooth 360-degree orbit at a fixed elevation.
model00188.mp4,A matte gray untextured architectural massing model stands on a plain white background as the camera completes a smooth 360-degree orbit at a fixed elevation.
model00058.mp4,A matte gray untextured architectural massing model stands on a plain white background as the camera completes a smooth 360-degree orbit at a fixed elevation.
model00334.mp4,A matte gray untextured architectural massing model stands on a plain white background as the camera completes a smooth 360-degree orbit at a fixed elevation.
model02314.mp4,A matte gray untextured architectural massing model stands on a plain white background as the camera completes a smooth 360-degree orbit at a fixed elevation.
model01197.mp4,A matte gray untextured architectural massing model stands on a plain white background as the camera completes a smooth 360-degree orbit at a fixed elevation.
model01192.mp4,A matte gray untextured architectural massing model stands on a plain white background as the camera completes a smooth 360-degree orbit at a fixed elevation.
model00039.mp4,A matte gray untextured architectural massing model stands on a plain white background as the camera completes a smooth 360-degree orbit at a fixed elevation.
model00390.mp4,A matte gray untextured architectural massing model stands on a plain white background as the camera completes a smooth 360-degree orbit at a fixed elevation.
model00764.mp4,A matte gray untextured architectural massing model stands on a plain white background as the camera completes a smooth 360-degree orbit at a fixed elevation.
model02254.mp4,A matte gray untextured architectural massing model stands on a plain white background as the camera completes a smooth 360-degree orbit at a fixed elevation.
model00728.mp4,A matte gray untextured architectural massing model stands on a plain white background as the camera completes a smooth 360-degree orbit at a fixed elevation.
model01037.mp4,A matte gray untextured architectural massing model stands on a plain white background as the camera completes a smooth 360-degree orbit at a fixed elevation.
model00718.mp4,A matte gray untextured architectural massing model stands on a plain white background as the camera completes a smooth 360-degree orbit at a fixed elevation.
model01296.mp4,A matte gray untextured architectural massing model stands on a plain white background as the camera completes a smooth 360-degree orbit at a fixed elevation.
model01586.mp4,A matte gray untextured architectural massing model stands on a plain white background as the camera completes a smooth 360-degree orbit at a fixed elevation.
model01242.mp4,A matte gray untextured architectural massing model stands on a plain white background as the camera completes a smooth 360-degree orbit at a fixed elevation.
model02268.mp4,A matte gray untextured architectural massing model stands on a plain white background as the camera completes a smooth 360-degree orbit at a fixed elevation.
model02187.mp4,A matte gray untextured architectural massing model stands on a plain white background as the camera completes a smooth 360-degree orbit at a fixed elevation.
model01152.mp4,A matte gray untextured architectural massing model stands on a plain white background as the camera completes a smooth 360-degree orbit at a fixed elevation.
model02325.mp4,A matte gray untextured architectural massing model stands on a plain white background as the camera completes a smooth 360-degree orbit at a fixed elevation.
model01349.mp4,A matte gray untextured architectural massing model stands on a plain white background as the camera completes a smooth 360-degree orbit at a fixed elevation.
model00839.mp4,A matte gray untextured architectural massing model stands on a plain white background as the camera completes a smooth 360-degree orbit at a fixed elevation.
model01362.mp4,A matte gray untextured architectural massing model stands on a plain white background as the camera completes a smooth 360-degree orbit at a fixed elevation.
model00128.mp4,A matte gray untextured architectural massing model stands on a plain white background as the camera completes a smooth 360-degree orbit at a fixed elevation.
model02263.mp4,A matte gray untextured architectural massing model stands on a plain white background as the camera completes a smooth 360-degree orbit at a fixed elevation.
model00826.mp4,A matte gray untextured architectural massing model stands on a plain white background as the camera completes a smooth 360-degree orbit at a fixed elevation.
model01369.mp4,A matte gray untextured architectural massing model stands on a plain white background as the camera completes a smooth 360-degree orbit at a fixed elevation.
model01682.mp4,A matte gray untextured architectural massing model stands on a plain white background as the camera completes a smooth 360-degree orbit at a fixed elevation.
model00257.mp4,A matte gray untextured architectural massing model stands on a plain white background as the camera completes a smooth 360-degree orbit at a fixed elevation.
model00624.mp4,A matte gray untextured architectural massing model stands on a plain white background as the camera completes a smooth 360-degree orbit at a fixed elevation.
model01840.mp4,A matte gray untextured architectural massing model stands on a plain white background as the camera completes a smooth 360-degree orbit at a fixed elevation.
model01891.mp4,A matte gray untextured architectural massing model stands on a plain white background as the camera completes a smooth 360-degree orbit at a fixed elevation.
model00827.mp4,A matte gray untextured architectural massing model stands on a plain white background as the camera completes a smooth 360-degree orbit at a fixed elevation.
model00359.mp4,A matte gray untextured architectural massing model stands on a plain white background as the camera completes a smooth 360-degree orbit at a fixed elevation.
model01769.mp4,A matte gray untextured architectural massing model stands on a plain white background as the camera completes a smooth 360-degree orbit at a fixed elevation.
model01447.mp4,A matte gray untextured architectural massing model stands on a plain white background as the camera completes a smooth 360-degree orbit at a fixed elevation.
model02295.mp4,A matte gray untextured architectural massing model stands on a plain white background as the camera completes a smooth 360-degree orbit at a fixed elevation.
model00963.mp4,A matte gray untextured architectural massing model stands on a plain white background as the camera completes a smooth 360-degree orbit at a fixed elevation.
model00753.mp4,A matte gray untextured architectural massing model stands on a plain white background as the camera completes a smooth 360-degree orbit at a fixed elevation.
model01585.mp4,A matte gray untextured architectural massing model stands on a plain white background as the camera completes a smooth 360-degree orbit at a fixed elevation.
model01358.mp4,A matte gray untextured architectural massing model stands on a plain white background as the camera completes a smooth 360-degree orbit at a fixed elevation.
model01522.mp4,A matte gray untextured architectural massing model stands on a plain white background as the camera completes a smooth 360-degree orbit at a fixed elevation.
model01368.mp4,A matte gray untextured architectural massing model stands on a plain white background as the camera completes a smooth 360-degree orbit at a fixed elevation.
model00717.mp4,A matte gray untextured architectural massing model stands on a plain white background as the camera completes a smooth 360-degree orbit at a fixed elevation.
model01953.mp4,A matte gray untextured architectural massing model stands on a plain white background as the camera completes a smooth 360-degree orbit at a fixed elevation.
model01014.mp4,A matte gray untextured architectural massing model stands on a plain white background as the camera completes a smooth 360-degree orbit at a fixed elevation.
model02233.mp4,A matte gray untextured architectural massing model stands on a plain white background as the camera completes a smooth 360-degree orbit at a fixed elevation.
model02073.mp4,A matte gray untextured architectural massing model stands on a plain white background as the camera completes a smooth 360-degree orbit at a fixed elevation.
model02013.mp4,A matte gray untextured architectural massing model stands on a plain white background as the camera completes a smooth 360-degree orbit at a fixed elevation.
model01833.mp4,A matte gray untextured architectural massing model stands on a plain white background as the camera completes a smooth 360-degree orbit at a fixed elevation.
model01825.mp4,A matte gray untextured architectural massing model stands on a plain white background as the camera completes a smooth 360-degree orbit at a fixed elevation.
model02173.mp4,A matte gray untextured architectural massing model stands on a plain white background as the camera completes a smooth 360-degree orbit at a fixed elevation.
model00480.mp4,A matte gray untextured architectural massing model stands on a plain white background as the camera completes a smooth 360-degree orbit at a fixed elevation.
model01020.mp4,A matte gray untextured architectural massing model stands on a plain white background as the camera completes a smooth 360-degree orbit at a fixed elevation.
model00434.mp4,A matte gray untextured architectural massing model stands on a plain white background as the camera completes a smooth 360-degree orbit at a fixed elevation.
model00744.mp4,A matte gray untextured architectural massing model stands on a plain white background as the camera completes a smooth 360-degree orbit at a fixed elevation.
model00746.mp4,A matte gray untextured architectural massing model stands on a plain white background as the camera completes a smooth 360-degree orbit at a fixed elevation.
model00542.mp4,A matte gray untextured architectural massing model stands on a plain white background as the camera completes a smooth 360-degree orbit at a fixed elevation.
model00489.mp4,A matte gray untextured architectural massing model stands on a plain white background as the camera completes a smooth 360-degree orbit at a fixed elevation.
model00267.mp4,A matte gray untextured architectural massing model stands on a plain white background as the camera completes a smooth 360-degree orbit at a fixed elevation.
model02216.mp4,A matte gray untextured architectural massing model stands on a plain white background as the camera completes a smooth 360-degree orbit at a fixed elevation.
model00726.mp4,A matte gray untextured architectural massing model stands on a plain white background as the camera completes a smooth 360-degree orbit at a fixed elevation.
model00335.mp4,A matte gray untextured architectural massing model stands on a plain white background as the camera completes a smooth 360-degree orbit at a fixed elevation.
model00006.mp4,A matte gray untextured architectural massing model stands on a plain white background as the camera completes a smooth 360-degree orbit at a fixed elevation.
model01302.mp4,A matte gray untextured architectural massing model stands on a plain white background as the camera completes a smooth 360-degree orbit at a fixed elevation.
model01621.mp4,A matte gray untextured architectural massing model stands on a plain white background as the camera completes a smooth 360-degree orbit at a fixed elevation.
model00517.mp4,A matte gray untextured architectural massing model stands on a plain white background as the camera completes a smooth 360-degree orbit at a fixed elevation.
model00856.mp4,A matte gray untextured architectural massing model stands on a plain white background as the camera completes a smooth 360-degree orbit at a fixed elevation.
model00715.mp4,A matte gray untextured architectural massing model stands on a plain white background as the camera completes a smooth 360-degree orbit at a fixed elevation.
model00887.mp4,A matte gray untextured architectural massing model stands on a plain white background as the camera completes a smooth 360-degree orbit at a fixed elevation.
model00578.mp4,A matte gray untextured architectural massing model stands on a plain white background as the camera completes a smooth 360-degree orbit at a fixed elevation.
model01686.mp4,A matte gray untextured architectural massing model stands on a plain white background as the camera completes a smooth 360-degree orbit at a fixed elevation.
model01730.mp4,A matte gray untextured architectural massing model stands on a plain white background as the camera completes a smooth 360-degree orbit at a fixed elevation.
model00495.mp4,A matte gray untextured architectural massing model stands on a plain white background as the camera completes a smooth 360-degree orbit at a fixed elevation.
model00928.mp4,A matte gray untextured architectural massing model stands on a plain white background as the camera completes a smooth 360-degree orbit at a fixed elevation.
model00648.mp4,A matte gray untextured architectural massing model stands on a plain white background as the camera completes a smooth 360-degree orbit at a fixed elevation.
model00734.mp4,A matte gray untextured architectural massing model stands on a plain white background as the camera completes a smooth 360-degree orbit at a fixed elevation.
model01963.mp4,A matte gray untextured architectural massing model stands on a plain white background as the camera completes a smooth 360-degree orbit at a fixed elevation.
model00581.mp4,A matte gray untextured architectural massing model stands on a plain white background as the camera completes a smooth 360-degree orbit at a fixed elevation.
model00179.mp4,A matte gray untextured architectural massing model stands on a plain white background as the camera completes a smooth 360-degree orbit at a fixed elevation.
model02227.mp4,A matte gray untextured architectural massing model stands on a plain white background as the camera completes a smooth 360-degree orbit at a fixed elevation.
model00969.mp4,A matte gray untextured architectural massing model stands on a plain white background as the camera completes a smooth 360-degree orbit at a fixed elevation.
model01342.mp4,A matte gray untextured architectural massing model stands on a plain white background as the camera completes a smooth 360-degree orbit at a fixed elevation.
model01371.mp4,A matte gray untextured architectural massing model stands on a plain white background as the camera completes a smooth 360-degree orbit at a fixed elevation.
model02313.mp4,A matte gray untextured architectural massing model stands on a plain white background as the camera completes a smooth 360-degree orbit at a fixed elevation.
model01796.mp4,A matte gray untextured architectural massing model stands on a plain white background as the camera completes a smooth 360-degree orbit at a fixed elevation.
model00414.mp4,A matte gray untextured architectural massing model stands on a plain white background as the camera completes a smooth 360-degree orbit at a fixed elevation.
model01670.mp4,A matte gray untextured architectural massing model stands on a plain white background as the camera completes a smooth 360-degree orbit at a fixed elevation.
model00046.mp4,A matte gray untextured architectural massing model stands on a plain white background as the camera completes a smooth 360-degree orbit at a fixed elevation.
model01156.mp4,A matte gray untextured architectural massing model stands on a plain white background as the camera completes a smooth 360-degree orbit at a fixed elevation.
model00795.mp4,A matte gray untextured architectural massing model stands on a plain white background as the camera completes a smooth 360-degree orbit at a fixed elevation.
model00468.mp4,A matte gray untextured architectural massing model stands on a plain white background as the camera completes a smooth 360-degree orbit at a fixed elevation.
model01675.mp4,A matte gray untextured architectural massing model stands on a plain white background as the camera completes a smooth 360-degree orbit at a fixed elevation.
model02135.mp4,A matte gray untextured architectural massing model stands on a plain white background as the camera completes a smooth 360-degree orbit at a fixed elevation.
model00663.mp4,A matte gray untextured architectural massing model stands on a plain white background as the camera completes a smooth 360-degree orbit at a fixed elevation.
model01237.mp4,A matte gray untextured architectural massing model stands on a plain white background as the camera completes a smooth 360-degree orbit at a fixed elevation.
model00811.mp4,A matte gray untextured architectural massing model stands on a plain white background as the camera completes a smooth 360-degree orbit at a fixed elevation.
model00702.mp4,A matte gray untextured architectural massing model stands on a plain white background as the camera completes a smooth 360-degree orbit at a fixed elevation.
model02003.mp4,A matte gray untextured architectural massing model stands on a plain white background as the camera completes a smooth 360-degree orbit at a fixed elevation.
model00981.mp4,A matte gray untextured architectural massing model stands on a plain white background as the camera completes a smooth 360-degree orbit at a fixed elevation.
model01288.mp4,A matte gray untextured architectural massing model stands on a plain white background as the camera completes a smooth 360-degree orbit at a fixed elevation.
model01506.mp4,A matte gray untextured architectural massing model stands on a plain white background as the camera completes a smooth 360-degree orbit at a fixed elevation.
model00160.mp4,A matte gray untextured architectural massing model stands on a plain white background as the camera completes a smooth 360-degree orbit at a fixed elevation.
model00036.mp4,A matte gray untextured architectural massing model stands on a plain white background as the camera completes a smooth 360-degree orbit at a fixed elevation.
model00640.mp4,A matte gray untextured architectural massing model stands on a plain white background as the camera completes a smooth 360-degree orbit at a fixed elevation.
model02332.mp4,A matte gray untextured architectural massing model stands on a plain white background as the camera completes a smooth 360-degree orbit at a fixed elevation.
model00669.mp4,A matte gray untextured architectural massing model stands on a plain white background as the camera completes a smooth 360-degree orbit at a fixed elevation.
model01082.mp4,A matte gray untextured architectural massing model stands on a plain white background as the camera completes a smooth 360-degree orbit at a fixed elevation.
model01231.mp4,A matte gray untextured architectural massing model stands on a plain white background as the camera completes a smooth 360-degree orbit at a fixed elevation.
model02294.mp4,A matte gray untextured architectural massing model stands on a plain white background as the camera completes a smooth 360-degree orbit at a fixed elevation.
model00403.mp4,A matte gray untextured architectural massing model stands on a plain white background as the camera completes a smooth 360-degree orbit at a fixed elevation.
model00215.mp4,A matte gray untextured architectural massing model stands on a plain white background as the camera completes a smooth 360-degree orbit at a fixed elevation.
model01954.mp4,A matte gray untextured architectural massing model stands on a plain white background as the camera completes a smooth 360-degree orbit at a fixed elevation.
model00609.mp4,A matte gray untextured architectural massing model stands on a plain white background as the camera completes a smooth 360-degree orbit at a fixed elevation.
model01157.mp4,A matte gray untextured architectural massing model stands on a plain white background as the camera completes a smooth 360-degree orbit at a fixed elevation.
model00216.mp4,A matte gray untextured architectural massing model stands on a plain white background as the camera completes a smooth 360-degree orbit at a fixed elevation.
model01264.mp4,A matte gray untextured architectural massing model stands on a plain white background as the camera completes a smooth 360-degree orbit at a fixed elevation.
model02271.mp4,A matte gray untextured architectural massing model stands on a plain white background as the camera completes a smooth 360-degree orbit at a fixed elevation.
model01801.mp4,A matte gray untextured architectural massing model stands on a plain white background as the camera completes a smooth 360-degree orbit at a fixed elevation.
model00705.mp4,A matte gray untextured architectural massing model stands on a plain white background as the camera completes a smooth 360-degree orbit at a fixed elevation.
model00302.mp4,A matte gray untextured architectural massing model stands on a plain white background as the camera completes a smooth 360-degree orbit at a fixed elevation.
model02072.mp4,A matte gray untextured architectural massing model stands on a plain white background as the camera completes a smooth 360-degree orbit at a fixed elevation.
model02020.mp4,A matte gray untextured architectural massing model stands on a plain white background as the camera completes a smooth 360-degree orbit at a fixed elevation.
model01309.mp4,A matte gray untextured architectural massing model stands on a plain white background as the camera completes a smooth 360-degree orbit at a fixed elevation.
model02222.mp4,A matte gray untextured architectural massing model stands on a plain white background as the camera completes a smooth 360-degree orbit at a fixed elevation.
model01896.mp4,A matte gray untextured architectural massing model stands on a plain white background as the camera completes a smooth 360-degree orbit at a fixed elevation.
model00026.mp4,A matte gray untextured architectural massing model stands on a plain white background as the camera completes a smooth 360-degree orbit at a fixed elevation.
model00570.mp4,A matte gray untextured architectural massing model stands on a plain white background as the camera completes a smooth 360-degree orbit at a fixed elevation.
model00528.mp4,A matte gray untextured architectural massing model stands on a plain white background as the camera completes a smooth 360-degree orbit at a fixed elevation.
model01067.mp4,A matte gray untextured architectural massing model stands on a plain white background as the camera completes a smooth 360-degree orbit at a fixed elevation.
model00008.mp4,A matte gray untextured architectural massing model stands on a plain white background as the camera completes a smooth 360-degree orbit at a fixed elevation.
model01984.mp4,A matte gray untextured architectural massing model stands on a plain white background as the camera completes a smooth 360-degree orbit at a fixed elevation.
model01797.mp4,A matte gray untextured architectural massing model stands on a plain white background as the camera completes a smooth 360-degree orbit at a fixed elevation.
model01155.mp4,A matte gray untextured architectural massing model stands on a plain white background as the camera completes a smooth 360-degree orbit at a fixed elevation.
model01884.mp4,A matte gray untextured architectural massing model stands on a plain white background as the camera completes a smooth 360-degree orbit at a fixed elevation.
model00458.mp4,A matte gray untextured architectural massing model stands on a plain white background as the camera completes a smooth 360-degree orbit at a fixed elevation.
model01465.mp4,A matte gray untextured architectural massing model stands on a plain white background as the camera completes a smooth 360-degree orbit at a fixed elevation.
model01463.mp4,A matte gray untextured architectural massing model stands on a plain white background as the camera completes a smooth 360-degree orbit at a fixed elevation.
model01887.mp4,A matte gray untextured architectural massing model stands on a plain white background as the camera completes a smooth 360-degree orbit at a fixed elevation.
model01540.mp4,A matte gray untextured architectural massing model stands on a plain white background as the camera completes a smooth 360-degree orbit at a fixed elevation.
model01879.mp4,A matte gray untextured architectural massing model stands on a plain white background as the camera completes a smooth 360-degree orbit at a fixed elevation.
model00268.mp4,A matte gray untextured architectural massing model stands on a plain white background as the camera completes a smooth 360-degree orbit at a fixed elevation.
model01763.mp4,A matte gray untextured architectural massing model stands on a plain white background as the camera completes a smooth 360-degree orbit at a fixed elevation.
model00862.mp4,A matte gray untextured architectural massing model stands on a plain white background as the camera completes a smooth 360-degree orbit at a fixed elevation.
model00429.mp4,A matte gray untextured architectural massing model stands on a plain white background as the camera completes a smooth 360-degree orbit at a fixed elevation.
model00882.mp4,A matte gray untextured architectural massing model stands on a plain white background as the camera completes a smooth 360-degree orbit at a fixed elevation.
model00792.mp4,A matte gray untextured architectural massing model stands on a plain white background as the camera completes a smooth 360-degree orbit at a fixed elevation.
model02014.mp4,A matte gray untextured architectural massing model stands on a plain white background as the camera completes a smooth 360-degree orbit at a fixed elevation.
model00162.mp4,A matte gray untextured architectural massing model stands on a plain white background as the camera completes a smooth 360-degree orbit at a fixed elevation.
model01088.mp4,A matte gray untextured architectural massing model stands on a plain white background as the camera completes a smooth 360-degree orbit at a fixed elevation.
model00915.mp4,A matte gray untextured architectural massing model stands on a plain white background as the camera completes a smooth 360-degree orbit at a fixed elevation.
model02322.mp4,A matte gray untextured architectural massing model stands on a plain white background as the camera completes a smooth 360-degree orbit at a fixed elevation.
model01639.mp4,A matte gray untextured architectural massing model stands on a plain white background as the camera completes a smooth 360-degree orbit at a fixed elevation.
model00106.mp4,A matte gray untextured architectural massing model stands on a plain white background as the camera completes a smooth 360-degree orbit at a fixed elevation.
model00048.mp4,A matte gray untextured architectural massing model stands on a plain white background as the camera completes a smooth 360-degree orbit at a fixed elevation.
model01250.mp4,A matte gray untextured architectural massing model stands on a plain white background as the camera completes a smooth 360-degree orbit at a fixed elevation.
model00984.mp4,A matte gray untextured architectural massing model stands on a plain white background as the camera completes a smooth 360-degree orbit at a fixed elevation.
model00943.mp4,A matte gray untextured architectural massing model stands on a plain white background as the camera completes a smooth 360-degree orbit at a fixed elevation.
model02149.mp4,A matte gray untextured architectural massing model stands on a plain white background as the camera completes a smooth 360-degree orbit at a fixed elevation.
model02310.mp4,A matte gray untextured architectural massing model stands on a plain white background as the camera completes a smooth 360-degree orbit at a fixed elevation.
model00336.mp4,A matte gray untextured architectural massing model stands on a plain white background as the camera completes a smooth 360-degree orbit at a fixed elevation.
model02142.mp4,A matte gray untextured architectural massing model stands on a plain white background as the camera completes a smooth 360-degree orbit at a fixed elevation.
model01819.mp4,A matte gray untextured architectural massing model stands on a plain white background as the camera completes a smooth 360-degree orbit at a fixed elevation.
model00120.mp4,A matte gray untextured architectural massing model stands on a plain white background as the camera completes a smooth 360-degree orbit at a fixed elevation.
model01010.mp4,A matte gray untextured architectural massing model stands on a plain white background as the camera completes a smooth 360-degree orbit at a fixed elevation.
model01471.mp4,A matte gray untextured architectural massing model stands on a plain white background as the camera completes a smooth 360-degree orbit at a fixed elevation.
model01171.mp4,A matte gray untextured architectural massing model stands on a plain white background as the camera completes a smooth 360-degree orbit at a fixed elevation.
model01468.mp4,A matte gray untextured architectural massing model stands on a plain white background as the camera completes a smooth 360-degree orbit at a fixed elevation.
model00220.mp4,A matte gray untextured architectural massing model stands on a plain white background as the camera completes a smooth 360-degree orbit at a fixed elevation.
model00924.mp4,A matte gray untextured architectural massing model stands on a plain white background as the camera completes a smooth 360-degree orbit at a fixed elevation.
model01549.mp4,A matte gray untextured architectural massing model stands on a plain white background as the camera completes a smooth 360-degree orbit at a fixed elevation.
model00892.mp4,A matte gray untextured architectural massing model stands on a plain white background as the camera completes a smooth 360-degree orbit at a fixed elevation.
model00741.mp4,A matte gray untextured architectural massing model stands on a plain white background as the camera completes a smooth 360-degree orbit at a fixed elevation.
model00142.mp4,A matte gray untextured architectural massing model stands on a plain white background as the camera completes a smooth 360-degree orbit at a fixed elevation.
model01331.mp4,A matte gray untextured architectural massing model stands on a plain white background as the camera completes a smooth 360-degree orbit at a fixed elevation.
model02158.mp4,A matte gray untextured architectural massing model stands on a plain white background as the camera completes a smooth 360-degree orbit at a fixed elevation.
model00201.mp4,A matte gray untextured architectural massing model stands on a plain white background as the camera completes a smooth 360-degree orbit at a fixed elevation.
model00732.mp4,A matte gray untextured architectural massing model stands on a plain white background as the camera completes a smooth 360-degree orbit at a fixed elevation.
model00782.mp4,A matte gray untextured architectural massing model stands on a plain white background as the camera completes a smooth 360-degree orbit at a fixed elevation.
model00599.mp4,A matte gray untextured architectural massing model stands on a plain white background as the camera completes a smooth 360-degree orbit at a fixed elevation.
model01188.mp4,A matte gray untextured architectural massing model stands on a plain white background as the camera completes a smooth 360-degree orbit at a fixed elevation.
model00016.mp4,A matte gray untextured architectural massing model stands on a plain white background as the camera completes a smooth 360-degree orbit at a fixed elevation.
model00481.mp4,A matte gray untextured architectural massing model stands on a plain white background as the camera completes a smooth 360-degree orbit at a fixed elevation.
model02185.mp4,A matte gray untextured architectural massing model stands on a plain white background as the camera completes a smooth 360-degree orbit at a fixed elevation.
model00524.mp4,A matte gray untextured architectural massing model stands on a plain white background as the camera completes a smooth 360-degree orbit at a fixed elevation.
model01562.mp4,A matte gray untextured architectural massing model stands on a plain white background as the camera completes a smooth 360-degree orbit at a fixed elevation.
model02323.mp4,A matte gray untextured architectural massing model stands on a plain white background as the camera completes a smooth 360-degree orbit at a fixed elevation.
model02326.mp4,A matte gray untextured architectural massing model stands on a plain white background as the camera completes a smooth 360-degree orbit at a fixed elevation.
model00891.mp4,A matte gray untextured architectural massing model stands on a plain white background as the camera completes a smooth 360-degree orbit at a fixed elevation.
model02052.mp4,A matte gray untextured architectural massing model stands on a plain white background as the camera completes a smooth 360-degree orbit at a fixed elevation.
model01537.mp4,A matte gray untextured architectural massing model stands on a plain white background as the camera completes a smooth 360-degree orbit at a fixed elevation.
model01935.mp4,A matte gray untextured architectural massing model stands on a plain white background as the camera completes a smooth 360-degree orbit at a fixed elevation.
model00877.mp4,A matte gray untextured architectural massing model stands on a plain white background as the camera completes a smooth 360-degree orbit at a fixed elevation.
model01972.mp4,A matte gray untextured architectural massing model stands on a plain white background as the camera completes a smooth 360-degree orbit at a fixed elevation.
model00630.mp4,A matte gray untextured architectural massing model stands on a plain white background as the camera completes a smooth 360-degree orbit at a fixed elevation.
model00486.mp4,A matte gray untextured architectural massing model stands on a plain white background as the camera completes a smooth 360-degree orbit at a fixed elevation.
model00657.mp4,A matte gray untextured architectural massing model stands on a plain white background as the camera completes a smooth 360-degree orbit at a fixed elevation.
model00553.mp4,A matte gray untextured architectural massing model stands on a plain white background as the camera completes a smooth 360-degree orbit at a fixed elevation.
model00695.mp4,A matte gray untextured architectural massing model stands on a plain white background as the camera completes a smooth 360-degree orbit at a fixed elevation.
model02177.mp4,A matte gray untextured architectural massing model stands on a plain white background as the camera completes a smooth 360-degree orbit at a fixed elevation.
model01345.mp4,A matte gray untextured architectural massing model stands on a plain white background as the camera completes a smooth 360-degree orbit at a fixed elevation.
model01627.mp4,A matte gray untextured architectural massing model stands on a plain white background as the camera completes a smooth 360-degree orbit at a fixed elevation.
model00011.mp4,A matte gray untextured architectural massing model stands on a plain white background as the camera completes a smooth 360-degree orbit at a fixed elevation.
model01335.mp4,A matte gray untextured architectural massing model stands on a plain white background as the camera completes a smooth 360-degree orbit at a fixed elevation.
model00115.mp4,A matte gray untextured architectural massing model stands on a plain white background as the camera completes a smooth 360-degree orbit at a fixed elevation.
model01619.mp4,A matte gray untextured architectural massing model stands on a plain white background as the camera completes a smooth 360-degree orbit at a fixed elevation.
model01294.mp4,A matte gray untextured architectural massing model stands on a plain white background as the camera completes a smooth 360-degree orbit at a fixed elevation.
model00725.mp4,A matte gray untextured architectural massing model stands on a plain white background as the camera completes a smooth 360-degree orbit at a fixed elevation.
model01382.mp4,A matte gray untextured architectural massing model stands on a plain white background as the camera completes a smooth 360-degree orbit at a fixed elevation.
model00139.mp4,A matte gray untextured architectural massing model stands on a plain white background as the camera completes a smooth 360-degree orbit at a fixed elevation.
model00131.mp4,A matte gray untextured architectural massing model stands on a plain white background as the camera completes a smooth 360-degree orbit at a fixed elevation.
model00377.mp4,A matte gray untextured architectural massing model stands on a plain white background as the camera completes a smooth 360-degree orbit at a fixed elevation.
model01287.mp4,A matte gray untextured architectural massing model stands on a plain white background as the camera completes a smooth 360-degree orbit at a fixed elevation.
model00980.mp4,A matte gray untextured architectural massing model stands on a plain white background as the camera completes a smooth 360-degree orbit at a fixed elevation.
model02016.mp4,A matte gray untextured architectural massing model stands on a plain white background as the camera completes a smooth 360-degree orbit at a fixed elevation.
model01175.mp4,A matte gray untextured architectural massing model stands on a plain white background as the camera completes a smooth 360-degree orbit at a fixed elevation.
model00137.mp4,A matte gray untextured architectural massing model stands on a plain white background as the camera completes a smooth 360-degree orbit at a fixed elevation.
model00113.mp4,A matte gray untextured architectural massing model stands on a plain white background as the camera completes a smooth 360-degree orbit at a fixed elevation.
model00087.mp4,A matte gray untextured architectural massing model stands on a plain white background as the camera completes a smooth 360-degree orbit at a fixed elevation.
model00668.mp4,A matte gray untextured architectural massing model stands on a plain white background as the camera completes a smooth 360-degree orbit at a fixed elevation.
model00699.mp4,A matte gray untextured architectural massing model stands on a plain white background as the camera completes a smooth 360-degree orbit at a fixed elevation.
model02031.mp4,A matte gray untextured architectural massing model stands on a plain white background as the camera completes a smooth 360-degree orbit at a fixed elevation.
model01731.mp4,A matte gray untextured architectural massing model stands on a plain white background as the camera completes a smooth 360-degree orbit at a fixed elevation.
model00646.mp4,A matte gray untextured architectural massing model stands on a plain white background as the camera completes a smooth 360-degree orbit at a fixed elevation.
model01732.mp4,A matte gray untextured architectural massing model stands on a plain white background as the camera completes a smooth 360-degree orbit at a fixed elevation.
model00513.mp4,A matte gray untextured architectural massing model stands on a plain white background as the camera completes a smooth 360-degree orbit at a fixed elevation.
model01607.mp4,A matte gray untextured architectural massing model stands on a plain white background as the camera completes a smooth 360-degree orbit at a fixed elevation.
model00855.mp4,A matte gray untextured architectural massing model stands on a plain white background as the camera completes a smooth 360-degree orbit at a fixed elevation.
model01217.mp4,A matte gray untextured architectural massing model stands on a plain white background as the camera completes a smooth 360-degree orbit at a fixed elevation.
model00978.mp4,A matte gray untextured architectural massing model stands on a plain white background as the camera completes a smooth 360-degree orbit at a fixed elevation.
model00579.mp4,A matte gray untextured architectural massing model stands on a plain white background as the camera completes a smooth 360-degree orbit at a fixed elevation.
model02136.mp4,A matte gray untextured architectural massing model stands on a plain white background as the camera completes a smooth 360-degree orbit at a fixed elevation.
model00152.mp4,A matte gray untextured architectural massing model stands on a plain white background as the camera completes a smooth 360-degree orbit at a fixed elevation.
model00514.mp4,A matte gray untextured architectural massing model stands on a plain white background as the camera completes a smooth 360-degree orbit at a fixed elevation.
model01381.mp4,A matte gray untextured architectural massing model stands on a plain white background as the camera completes a smooth 360-degree orbit at a fixed elevation.
model00371.mp4,A matte gray untextured architectural massing model stands on a plain white background as the camera completes a smooth 360-degree orbit at a fixed elevation.
model01198.mp4,A matte gray untextured architectural massing model stands on a plain white background as the camera completes a smooth 360-degree orbit at a fixed elevation.
model00149.mp4,A matte gray untextured architectural massing model stands on a plain white background as the camera completes a smooth 360-degree orbit at a fixed elevation.
model00163.mp4,A matte gray untextured architectural massing model stands on a plain white background as the camera completes a smooth 360-degree orbit at a fixed elevation.
model01183.mp4,A matte gray untextured architectural massing model stands on a plain white background as the camera completes a smooth 360-degree orbit at a fixed elevation.
model01078.mp4,A matte gray untextured architectural massing model stands on a plain white background as the camera completes a smooth 360-degree orbit at a fixed elevation.
model01924.mp4,A matte gray untextured architectural massing model stands on a plain white background as the camera completes a smooth 360-degree orbit at a fixed elevation.
model02166.mp4,A matte gray untextured architectural massing model stands on a plain white background as the camera completes a smooth 360-degree orbit at a fixed elevation.
model01647.mp4,A matte gray untextured architectural massing model stands on a plain white background as the camera completes a smooth 360-degree orbit at a fixed elevation.
model00529.mp4,A matte gray untextured architectural massing model stands on a plain white background as the camera completes a smooth 360-degree orbit at a fixed elevation.
model00211.mp4,A matte gray untextured architectural massing model stands on a plain white background as the camera completes a smooth 360-degree orbit at a fixed elevation.
model02241.mp4,A matte gray untextured architectural massing model stands on a plain white background as the camera completes a smooth 360-degree orbit at a fixed elevation.
model02059.mp4,A matte gray untextured architectural massing model stands on a plain white background as the camera completes a smooth 360-degree orbit at a fixed elevation.
model00151.mp4,A matte gray untextured architectural massing model stands on a plain white background as the camera completes a smooth 360-degree orbit at a fixed elevation.
model02146.mp4,A matte gray untextured architectural massing model stands on a plain white background as the camera completes a smooth 360-degree orbit at a fixed elevation.
model00665.mp4,A matte gray untextured architectural massing model stands on a plain white background as the camera completes a smooth 360-degree orbit at a fixed elevation.
model02070.mp4,A matte gray untextured architectural massing model stands on a plain white background as the camera completes a smooth 360-degree orbit at a fixed elevation.
model01484.mp4,A matte gray untextured architectural massing model stands on a plain white background as the camera completes a smooth 360-degree orbit at a fixed elevation.
model00049.mp4,A matte gray untextured architectural massing model stands on a plain white background as the camera completes a smooth 360-degree orbit at a fixed elevation.
model00659.mp4,A matte gray untextured architectural massing model stands on a plain white background as the camera completes a smooth 360-degree orbit at a fixed elevation.
model01108.mp4,A matte gray untextured architectural massing model stands on a plain white background as the camera completes a smooth 360-degree orbit at a fixed elevation.
model00317.mp4,A matte gray untextured architectural massing model stands on a plain white background as the camera completes a smooth 360-degree orbit at a fixed elevation.
model02238.mp4,A matte gray untextured architectural massing model stands on a plain white background as the camera completes a smooth 360-degree orbit at a fixed elevation.
model01056.mp4,A matte gray untextured architectural massing model stands on a plain white background as the camera completes a smooth 360-degree orbit at a fixed elevation.
model00435.mp4,A matte gray untextured architectural massing model stands on a plain white background as the camera completes a smooth 360-degree orbit at a fixed elevation.
model01657.mp4,A matte gray untextured architectural massing model stands on a plain white background as the camera completes a smooth 360-degree orbit at a fixed elevation.
model01561.mp4,A matte gray untextured architectural massing model stands on a plain white background as the camera completes a smooth 360-degree orbit at a fixed elevation.
model00871.mp4,A matte gray untextured architectural massing model stands on a plain white background as the camera completes a smooth 360-degree orbit at a fixed elevation.
model01267.mp4,A matte gray untextured architectural massing model stands on a plain white background as the camera completes a smooth 360-degree orbit at a fixed elevation.
model01083.mp4,A matte gray untextured architectural massing model stands on a plain white background as the camera completes a smooth 360-degree orbit at a fixed elevation.
model02269.mp4,A matte gray untextured architectural massing model stands on a plain white background as the camera completes a smooth 360-degree orbit at a fixed elevation.
model00144.mp4,A matte gray untextured architectural massing model stands on a plain white background as the camera completes a smooth 360-degree orbit at a fixed elevation.
model00080.mp4,A matte gray untextured architectural massing model stands on a plain white background as the camera completes a smooth 360-degree orbit at a fixed elevation.
model00222.mp4,A matte gray untextured architectural massing model stands on a plain white background as the camera completes a smooth 360-degree orbit at a fixed elevation.
model00724.mp4,A matte gray untextured architectural massing model stands on a plain white background as the camera completes a smooth 360-degree orbit at a fixed elevation.
model00565.mp4,A matte gray untextured architectural massing model stands on a plain white background as the camera completes a smooth 360-degree orbit at a fixed elevation.
model01857.mp4,A matte gray untextured architectural massing model stands on a plain white background as the camera completes a smooth 360-degree orbit at a fixed elevation.
model00559.mp4,A matte gray untextured architectural massing model stands on a plain white background as the camera completes a smooth 360-degree orbit at a fixed elevation.
model00988.mp4,A matte gray untextured architectural massing model stands on a plain white background as the camera completes a smooth 360-degree orbit at a fixed elevation.
model02152.mp4,A matte gray untextured architectural massing model stands on a plain white background as the camera completes a smooth 360-degree orbit at a fixed elevation.
model01004.mp4,A matte gray untextured architectural massing model stands on a plain white background as the camera completes a smooth 360-degree orbit at a fixed elevation.
model01600.mp4,A matte gray untextured architectural massing model stands on a plain white background as the camera completes a smooth 360-degree orbit at a fixed elevation.
model00510.mp4,A matte gray untextured architectural massing model stands on a plain white background as the camera completes a smooth 360-degree orbit at a fixed elevation.
model01363.mp4,A matte gray untextured architectural massing model stands on a plain white background as the camera completes a smooth 360-degree orbit at a fixed elevation.
model02138.mp4,A matte gray untextured architectural massing model stands on a plain white background as the camera completes a smooth 360-degree orbit at a fixed elevation.
model00052.mp4,A matte gray untextured architectural massing model stands on a plain white background as the camera completes a smooth 360-degree orbit at a fixed elevation.
model02305.mp4,A matte gray untextured architectural massing model stands on a plain white background as the camera completes a smooth 360-degree orbit at a fixed elevation.
model00762.mp4,A matte gray untextured architectural massing model stands on a plain white background as the camera completes a smooth 360-degree orbit at a fixed elevation.
model01127.mp4,A matte gray untextured architectural massing model stands on a plain white background as the camera completes a smooth 360-degree orbit at a fixed elevation.
model01765.mp4,A matte gray untextured architectural massing model stands on a plain white background as the camera completes a smooth 360-degree orbit at a fixed elevation.
model01461.mp4,A matte gray untextured architectural massing model stands on a plain white background as the camera completes a smooth 360-degree orbit at a fixed elevation.
model00385.mp4,A matte gray untextured architectural massing model stands on a plain white background as the camera completes a smooth 360-degree orbit at a fixed elevation.
model01098.mp4,A matte gray untextured architectural massing model stands on a plain white background as the camera completes a smooth 360-degree orbit at a fixed elevation.
model01105.mp4,A matte gray untextured architectural massing model stands on a plain white background as the camera completes a smooth 360-degree orbit at a fixed elevation.
model00828.mp4,A matte gray untextured architectural massing model stands on a plain white background as the camera completes a smooth 360-degree orbit at a fixed elevation.
model01146.mp4,A matte gray untextured architectural massing model stands on a plain white background as the camera completes a smooth 360-degree orbit at a fixed elevation.
model00784.mp4,A matte gray untextured architectural massing model stands on a plain white background as the camera completes a smooth 360-degree orbit at a fixed elevation.
model02247.mp4,A matte gray untextured architectural massing model stands on a plain white background as the camera completes a smooth 360-degree orbit at a fixed elevation.
model01352.mp4,A matte gray untextured architectural massing model stands on a plain white background as the camera completes a smooth 360-degree orbit at a fixed elevation.
model00908.mp4,A matte gray untextured architectural massing model stands on a plain white background as the camera completes a smooth 360-degree orbit at a fixed elevation.
model02147.mp4,A matte gray untextured architectural massing model stands on a plain white background as the camera completes a smooth 360-degree orbit at a fixed elevation.
model01050.mp4,A matte gray untextured architectural massing model stands on a plain white background as the camera completes a smooth 360-degree orbit at a fixed elevation.
model01688.mp4,A matte gray untextured architectural massing model stands on a plain white background as the camera completes a smooth 360-degree orbit at a fixed elevation.
model02030.mp4,A matte gray untextured architectural massing model stands on a plain white background as the camera completes a smooth 360-degree orbit at a fixed elevation.
model02186.mp4,A matte gray untextured architectural massing model stands on a plain white background as the camera completes a smooth 360-degree orbit at a fixed elevation.
model02085.mp4,A matte gray untextured architectural massing model stands on a plain white background as the camera completes a smooth 360-degree orbit at a fixed elevation.
model00079.mp4,A matte gray untextured architectural massing model stands on a plain white background as the camera completes a smooth 360-degree orbit at a fixed elevation.
model00525.mp4,A matte gray untextured architectural massing model stands on a plain white background as the camera completes a smooth 360-degree orbit at a fixed elevation.
model00708.mp4,A matte gray untextured architectural massing model stands on a plain white background as the camera completes a smooth 360-degree orbit at a fixed elevation.
model01068.mp4,A matte gray untextured architectural massing model stands on a plain white background as the camera completes a smooth 360-degree orbit at a fixed elevation.
model00116.mp4,A matte gray untextured architectural massing model stands on a plain white background as the camera completes a smooth 360-degree orbit at a fixed elevation.
model00865.mp4,A matte gray untextured architectural massing model stands on a plain white background as the camera completes a smooth 360-degree orbit at a fixed elevation.
model01579.mp4,A matte gray untextured architectural massing model stands on a plain white background as the camera completes a smooth 360-degree orbit at a fixed elevation.
model02324.mp4,A matte gray untextured architectural massing model stands on a plain white background as the camera completes a smooth 360-degree orbit at a fixed elevation.
model02087.mp4,A matte gray untextured architectural massing model stands on a plain white background as the camera completes a smooth 360-degree orbit at a fixed elevation.
model00375.mp4,A matte gray untextured architectural massing model stands on a plain white background as the camera completes a smooth 360-degree orbit at a fixed elevation.
model02267.mp4,A matte gray untextured architectural massing model stands on a plain white background as the camera completes a smooth 360-degree orbit at a fixed elevation.
model00806.mp4,A matte gray untextured architectural massing model stands on a plain white background as the camera completes a smooth 360-degree orbit at a fixed elevation.
model01863.mp4,A matte gray untextured architectural massing model stands on a plain white background as the camera completes a smooth 360-degree orbit at a fixed elevation.
model01466.mp4,A matte gray untextured architectural massing model stands on a plain white background as the camera completes a smooth 360-degree orbit at a fixed elevation.
model00200.mp4,A matte gray untextured architectural massing model stands on a plain white background as the camera completes a smooth 360-degree orbit at a fixed elevation.
model00533.mp4,A matte gray untextured architectural massing model stands on a plain white background as the camera completes a smooth 360-degree orbit at a fixed elevation.
model00561.mp4,A matte gray untextured architectural massing model stands on a plain white background as the camera completes a smooth 360-degree orbit at a fixed elevation.
model01403.mp4,A matte gray untextured architectural massing model stands on a plain white background as the camera completes a smooth 360-degree orbit at a fixed elevation.
model00400.mp4,A matte gray untextured architectural massing model stands on a plain white background as the camera completes a smooth 360-degree orbit at a fixed elevation.
model01337.mp4,A matte gray untextured architectural massing model stands on a plain white background as the camera completes a smooth 360-degree orbit at a fixed elevation.
model00453.mp4,A matte gray untextured architectural massing model stands on a plain white background as the camera completes a smooth 360-degree orbit at a fixed elevation.
model00419.mp4,A matte gray untextured architectural massing model stands on a plain white background as the camera completes a smooth 360-degree orbit at a fixed elevation.
model02198.mp4,A matte gray untextured architectural massing model stands on a plain white background as the camera completes a smooth 360-degree orbit at a fixed elevation.
model02318.mp4,A matte gray untextured architectural massing model stands on a plain white background as the camera completes a smooth 360-degree orbit at a fixed elevation.
model00712.mp4,A matte gray untextured architectural massing model stands on a plain white background as the camera completes a smooth 360-degree orbit at a fixed elevation.
model01481.mp4,A matte gray untextured architectural massing model stands on a plain white background as the camera completes a smooth 360-degree orbit at a fixed elevation.
model00817.mp4,A matte gray untextured architectural massing model stands on a plain white background as the camera completes a smooth 360-degree orbit at a fixed elevation.
model00463.mp4,A matte gray untextured architectural massing model stands on a plain white background as the camera completes a smooth 360-degree orbit at a fixed elevation.
model01945.mp4,A matte gray untextured architectural massing model stands on a plain white background as the camera completes a smooth 360-degree orbit at a fixed elevation.
model01109.mp4,A matte gray untextured architectural massing model stands on a plain white background as the camera completes a smooth 360-degree orbit at a fixed elevation.
model01422.mp4,A matte gray untextured architectural massing model stands on a plain white background as the camera completes a smooth 360-degree orbit at a fixed elevation.
model00548.mp4,A matte gray untextured architectural massing model stands on a plain white background as the camera completes a smooth 360-degree orbit at a fixed elevation.
model01319.mp4,A matte gray untextured architectural massing model stands on a plain white background as the camera completes a smooth 360-degree orbit at a fixed elevation.
model00214.mp4,A matte gray untextured architectural massing model stands on a plain white background as the camera completes a smooth 360-degree orbit at a fixed elevation.
model01181.mp4,A matte gray untextured architectural massing model stands on a plain white background as the camera completes a smooth 360-degree orbit at a fixed elevation.
model00876.mp4,A matte gray untextured architectural massing model stands on a plain white background as the camera completes a smooth 360-degree orbit at a fixed elevation.
model00501.mp4,A matte gray untextured architectural massing model stands on a plain white background as the camera completes a smooth 360-degree orbit at a fixed elevation.
model01093.mp4,A matte gray untextured architectural massing model stands on a plain white background as the camera completes a smooth 360-degree orbit at a fixed elevation.
model00323.mp4,A matte gray untextured architectural massing model stands on a plain white background as the camera completes a smooth 360-degree orbit at a fixed elevation.
model01409.mp4,A matte gray untextured architectural massing model stands on a plain white background as the camera completes a smooth 360-degree orbit at a fixed elevation.
model00518.mp4,A matte gray untextured architectural massing model stands on a plain white background as the camera completes a smooth 360-degree orbit at a fixed elevation.
model02091.mp4,A matte gray untextured architectural massing model stands on a plain white background as the camera completes a smooth 360-degree orbit at a fixed elevation.
model01072.mp4,A matte gray untextured architectural massing model stands on a plain white background as the camera completes a smooth 360-degree orbit at a fixed elevation.
model01247.mp4,A matte gray untextured architectural massing model stands on a plain white background as the camera completes a smooth 360-degree orbit at a fixed elevation.
model01824.mp4,A matte gray untextured architectural massing model stands on a plain white background as the camera completes a smooth 360-degree orbit at a fixed elevation.
model00521.mp4,A matte gray untextured architectural massing model stands on a plain white background as the camera completes a smooth 360-degree orbit at a fixed elevation.
model00742.mp4,A matte gray untextured architectural massing model stands on a plain white background as the camera completes a smooth 360-degree orbit at a fixed elevation.
model01173.mp4,A matte gray untextured architectural massing model stands on a plain white background as the camera completes a smooth 360-degree orbit at a fixed elevation.
model00084.mp4,A matte gray untextured architectural massing model stands on a plain white background as the camera completes a smooth 360-degree orbit at a fixed elevation.
model00210.mp4,A matte gray untextured architectural massing model stands on a plain white background as the camera completes a smooth 360-degree orbit at a fixed elevation.
model00661.mp4,A matte gray untextured architectural massing model stands on a plain white background as the camera completes a smooth 360-degree orbit at a fixed elevation.
model02189.mp4,A matte gray untextured architectural massing model stands on a plain white background as the camera completes a smooth 360-degree orbit at a fixed elevation.
model01897.mp4,A matte gray untextured architectural massing model stands on a plain white background as the camera completes a smooth 360-degree orbit at a fixed elevation.
model01336.mp4,A matte gray untextured architectural massing model stands on a plain white background as the camera completes a smooth 360-degree orbit at a fixed elevation.
model00109.mp4,A matte gray untextured architectural massing model stands on a plain white background as the camera completes a smooth 360-degree orbit at a fixed elevation.
model01486.mp4,A matte gray untextured architectural massing model stands on a plain white background as the camera completes a smooth 360-degree orbit at a fixed elevation.
model01176.mp4,A matte gray untextured architectural massing model stands on a plain white background as the camera completes a smooth 360-degree orbit at a fixed elevation.
model00939.mp4,A matte gray untextured architectural massing model stands on a plain white background as the camera completes a smooth 360-degree orbit at a fixed elevation.
model00259.mp4,A matte gray untextured architectural massing model stands on a plain white background as the camera completes a smooth 360-degree orbit at a fixed elevation.
model01313.mp4,A matte gray untextured architectural massing model stands on a plain white background as the camera completes a smooth 360-degree orbit at a fixed elevation.
model00730.mp4,A matte gray untextured architectural massing model stands on a plain white background as the camera completes a smooth 360-degree orbit at a fixed elevation.
model00941.mp4,A matte gray untextured architectural massing model stands on a plain white background as the camera completes a smooth 360-degree orbit at a fixed elevation.
model01991.mp4,A matte gray untextured architectural massing model stands on a plain white background as the camera completes a smooth 360-degree orbit at a fixed elevation.
model02342.mp4,A matte gray untextured architectural massing model stands on a plain white background as the camera completes a smooth 360-degree orbit at a fixed elevation.
model00296.mp4,A matte gray untextured architectural massing model stands on a plain white background as the camera completes a smooth 360-degree orbit at a fixed elevation.
model01697.mp4,A matte gray untextured architectural massing model stands on a plain white background as the camera completes a smooth 360-degree orbit at a fixed elevation.
model01397.mp4,A matte gray untextured architectural massing model stands on a plain white background as the camera completes a smooth 360-degree orbit at a fixed elevation.
model01407.mp4,A matte gray untextured architectural massing model stands on a plain white background as the camera completes a smooth 360-degree orbit at a fixed elevation.
model00461.mp4,A matte gray untextured architectural massing model stands on a plain white background as the camera completes a smooth 360-degree orbit at a fixed elevation.
model00182.mp4,A matte gray untextured architectural massing model stands on a plain white background as the camera completes a smooth 360-degree orbit at a fixed elevation.
model01220.mp4,A matte gray untextured architectural massing model stands on a plain white background as the camera completes a smooth 360-degree orbit at a fixed elevation.
model02291.mp4,A matte gray untextured architectural massing model stands on a plain white background as the camera completes a smooth 360-degree orbit at a fixed elevation.
model02264.mp4,A matte gray untextured architectural massing model stands on a plain white background as the camera completes a smooth 360-degree orbit at a fixed elevation.
model02125.mp4,A matte gray untextured architectural massing model stands on a plain white background as the camera completes a smooth 360-degree orbit at a fixed elevation.
model01547.mp4,A matte gray untextured architectural massing model stands on a plain white background as the camera completes a smooth 360-degree orbit at a fixed elevation.
model01180.mp4,A matte gray untextured architectural massing model stands on a plain white background as the camera completes a smooth 360-degree orbit at a fixed elevation.
model01340.mp4,A matte gray untextured architectural massing model stands on a plain white background as the camera completes a smooth 360-degree orbit at a fixed elevation.
model00487.mp4,A matte gray untextured architectural massing model stands on a plain white background as the camera completes a smooth 360-degree orbit at a fixed elevation.
model00540.mp4,A matte gray untextured architectural massing model stands on a plain white background as the camera completes a smooth 360-degree orbit at a fixed elevation.
model01458.mp4,A matte gray untextured architectural massing model stands on a plain white background as the camera completes a smooth 360-degree orbit at a fixed elevation.
model02276.mp4,A matte gray untextured architectural massing model stands on a plain white background as the camera completes a smooth 360-degree orbit at a fixed elevation.
model00713.mp4,A matte gray untextured architectural massing model stands on a plain white background as the camera completes a smooth 360-degree orbit at a fixed elevation.
model00704.mp4,A matte gray untextured architectural massing model stands on a plain white background as the camera completes a smooth 360-degree orbit at a fixed elevation.
model01714.mp4,A matte gray untextured architectural massing model stands on a plain white background as the camera completes a smooth 360-degree orbit at a fixed elevation.
model01746.mp4,A matte gray untextured architectural massing model stands on a plain white background as the camera completes a smooth 360-degree orbit at a fixed elevation.
model00522.mp4,A matte gray untextured architectural massing model stands on a plain white background as the camera completes a smooth 360-degree orbit at a fixed elevation.
model00206.mp4,A matte gray untextured architectural massing model stands on a plain white background as the camera completes a smooth 360-degree orbit at a fixed elevation.
model02213.mp4,A matte gray untextured architectural massing model stands on a plain white background as the camera completes a smooth 360-degree orbit at a fixed elevation.
model00198.mp4,A matte gray untextured architectural massing model stands on a plain white background as the camera completes a smooth 360-degree orbit at a fixed elevation.
model01790.mp4,A matte gray untextured architectural massing model stands on a plain white background as the camera completes a smooth 360-degree orbit at a fixed elevation.
model02334.mp4,A matte gray untextured architectural massing model stands on a plain white background as the camera completes a smooth 360-degree orbit at a fixed elevation.
model01634.mp4,A matte gray untextured architectural massing model stands on a plain white background as the camera completes a smooth 360-degree orbit at a fixed elevation.
model01030.mp4,A matte gray untextured architectural massing model stands on a plain white background as the camera completes a smooth 360-degree orbit at a fixed elevation.
model02144.mp4,A matte gray untextured architectural massing model stands on a plain white background as the camera completes a smooth 360-degree orbit at a fixed elevation.
model01396.mp4,A matte gray untextured architectural massing model stands on a plain white background as the camera completes a smooth 360-degree orbit at a fixed elevation.
model00857.mp4,A matte gray untextured architectural massing model stands on a plain white background as the camera completes a smooth 360-degree orbit at a fixed elevation.
model01038.mp4,A matte gray untextured architectural massing model stands on a plain white background as the camera completes a smooth 360-degree orbit at a fixed elevation.
model01136.mp4,A matte gray untextured architectural massing model stands on a plain white background as the camera completes a smooth 360-degree orbit at a fixed elevation.
model00191.mp4,A matte gray untextured architectural massing model stands on a plain white background as the camera completes a smooth 360-degree orbit at a fixed elevation.
model02071.mp4,A matte gray untextured architectural massing model stands on a plain white background as the camera completes a smooth 360-degree orbit at a fixed elevation.
model01914.mp4,A matte gray untextured architectural massing model stands on a plain white background as the camera completes a smooth 360-degree orbit at a fixed elevation.
model01593.mp4,A matte gray untextured architectural massing model stands on a plain white background as the camera completes a smooth 360-degree orbit at a fixed elevation.
model01555.mp4,A matte gray untextured architectural massing model stands on a plain white background as the camera completes a smooth 360-degree orbit at a fixed elevation.
model00068.mp4,A matte gray untextured architectural massing model stands on a plain white background as the camera completes a smooth 360-degree orbit at a fixed elevation.
model01727.mp4,A matte gray untextured architectural massing model stands on a plain white background as the camera completes a smooth 360-degree orbit at a fixed elevation.
model02032.mp4,A matte gray untextured architectural massing model stands on a plain white background as the camera completes a smooth 360-degree orbit at a fixed elevation.
model01304.mp4,A matte gray untextured architectural massing model stands on a plain white background as the camera completes a smooth 360-degree orbit at a fixed elevation.
model00392.mp4,A matte gray untextured architectural massing model stands on a plain white background as the camera completes a smooth 360-degree orbit at a fixed elevation.
model01450.mp4,A matte gray untextured architectural massing model stands on a plain white background as the camera completes a smooth 360-degree orbit at a fixed elevation.
model01764.mp4,A matte gray untextured architectural massing model stands on a plain white background as the camera completes a smooth 360-degree orbit at a fixed elevation.
model00754.mp4,A matte gray untextured architectural massing model stands on a plain white background as the camera completes a smooth 360-degree orbit at a fixed elevation.
model01005.mp4,A matte gray untextured architectural massing model stands on a plain white background as the camera completes a smooth 360-degree orbit at a fixed elevation.
model00748.mp4,A matte gray untextured architectural massing model stands on a plain white background as the camera completes a smooth 360-degree orbit at a fixed elevation.
model00773.mp4,A matte gray untextured architectural massing model stands on a plain white background as the camera completes a smooth 360-degree orbit at a fixed elevation.
model01664.mp4,A matte gray untextured architectural massing model stands on a plain white background as the camera completes a smooth 360-degree orbit at a fixed elevation.
model01687.mp4,A matte gray untextured architectural massing model stands on a plain white background as the camera completes a smooth 360-degree orbit at a fixed elevation.
model00768.mp4,A matte gray untextured architectural massing model stands on a plain white background as the camera completes a smooth 360-degree orbit at a fixed elevation.
model02188.mp4,A matte gray untextured architectural massing model stands on a plain white background as the camera completes a smooth 360-degree orbit at a fixed elevation.
model00621.mp4,A matte gray untextured architectural massing model stands on a plain white background as the camera completes a smooth 360-degree orbit at a fixed elevation.
model00349.mp4,A matte gray untextured architectural massing model stands on a plain white background as the camera completes a smooth 360-degree orbit at a fixed elevation.
model01832.mp4,A matte gray untextured architectural massing model stands on a plain white background as the camera completes a smooth 360-degree orbit at a fixed elevation.
model00798.mp4,A matte gray untextured architectural massing model stands on a plain white background as the camera completes a smooth 360-degree orbit at a fixed elevation.
model01006.mp4,A matte gray untextured architectural massing model stands on a plain white background as the camera completes a smooth 360-degree orbit at a fixed elevation.
model01524.mp4,A matte gray untextured architectural massing model stands on a plain white background as the camera completes a smooth 360-degree orbit at a fixed elevation.
model01225.mp4,A matte gray untextured architectural massing model stands on a plain white background as the camera completes a smooth 360-degree orbit at a fixed elevation.
model01767.mp4,A matte gray untextured architectural massing model stands on a plain white background as the camera completes a smooth 360-degree orbit at a fixed elevation.
model00250.mp4,A matte gray untextured architectural massing model stands on a plain white background as the camera completes a smooth 360-degree orbit at a fixed elevation.
model02122.mp4,A matte gray untextured architectural massing model stands on a plain white background as the camera completes a smooth 360-degree orbit at a fixed elevation.
model00440.mp4,A matte gray untextured architectural massing model stands on a plain white background as the camera completes a smooth 360-degree orbit at a fixed elevation.
model01103.mp4,A matte gray untextured architectural massing model stands on a plain white background as the camera completes a smooth 360-degree orbit at a fixed elevation.
model00655.mp4,A matte gray untextured architectural massing model stands on a plain white background as the camera completes a smooth 360-degree orbit at a fixed elevation.
model00464.mp4,A matte gray untextured architectural massing model stands on a plain white background as the camera completes a smooth 360-degree orbit at a fixed elevation.
model00875.mp4,A matte gray untextured architectural massing model stands on a plain white background as the camera completes a smooth 360-degree orbit at a fixed elevation.
model00750.mp4,A matte gray untextured architectural massing model stands on a plain white background as the camera completes a smooth 360-degree orbit at a fixed elevation.
model01123.mp4,A matte gray untextured architectural massing model stands on a plain white background as the camera completes a smooth 360-degree orbit at a fixed elevation.
model00509.mp4,A matte gray untextured architectural massing model stands on a plain white background as the camera completes a smooth 360-degree orbit at a fixed elevation.
model02134.mp4,A matte gray untextured architectural massing model stands on a plain white background as the camera completes a smooth 360-degree orbit at a fixed elevation.
model01926.mp4,A matte gray untextured architectural massing model stands on a plain white background as the camera completes a smooth 360-degree orbit at a fixed elevation.
model00973.mp4,A matte gray untextured architectural massing model stands on a plain white background as the camera completes a smooth 360-degree orbit at a fixed elevation.
model02224.mp4,A matte gray untextured architectural massing model stands on a plain white background as the camera completes a smooth 360-degree orbit at a fixed elevation.
model01908.mp4,A matte gray untextured architectural massing model stands on a plain white background as the camera completes a smooth 360-degree orbit at a fixed elevation.
model01656.mp4,A matte gray untextured architectural massing model stands on a plain white background as the camera completes a smooth 360-degree orbit at a fixed elevation.
model00383.mp4,A matte gray untextured architectural massing model stands on a plain white background as the camera completes a smooth 360-degree orbit at a fixed elevation.
model01069.mp4,A matte gray untextured architectural massing model stands on a plain white background as the camera completes a smooth 360-degree orbit at a fixed elevation.
model01611.mp4,A matte gray untextured architectural massing model stands on a plain white background as the camera completes a smooth 360-degree orbit at a fixed elevation.
model01920.mp4,A matte gray untextured architectural massing model stands on a plain white background as the camera completes a smooth 360-degree orbit at a fixed elevation.
model00105.mp4,A matte gray untextured architectural massing model stands on a plain white background as the camera completes a smooth 360-degree orbit at a fixed elevation.
model00030.mp4,A matte gray untextured architectural massing model stands on a plain white background as the camera completes a smooth 360-degree orbit at a fixed elevation.
model01588.mp4,A matte gray untextured architectural massing model stands on a plain white background as the camera completes a smooth 360-degree orbit at a fixed elevation.
model01196.mp4,A matte gray untextured architectural massing model stands on a plain white background as the camera completes a smooth 360-degree orbit at a fixed elevation.
model01959.mp4,A matte gray untextured architectural massing model stands on a plain white background as the camera completes a smooth 360-degree orbit at a fixed elevation.
model01501.mp4,A matte gray untextured architectural massing model stands on a plain white background as the camera completes a smooth 360-degree orbit at a fixed elevation.
model00028.mp4,A matte gray untextured architectural massing model stands on a plain white background as the camera completes a smooth 360-degree orbit at a fixed elevation.
model02221.mp4,A matte gray untextured architectural massing model stands on a plain white background as the camera completes a smooth 360-degree orbit at a fixed elevation.
model01375.mp4,A matte gray untextured architectural massing model stands on a plain white background as the camera completes a smooth 360-degree orbit at a fixed elevation.
model01142.mp4,A matte gray untextured architectural massing model stands on a plain white background as the camera completes a smooth 360-degree orbit at a fixed elevation.
model00066.mp4,A matte gray untextured architectural massing model stands on a plain white background as the camera completes a smooth 360-degree orbit at a fixed elevation.
model00686.mp4,A matte gray untextured architectural massing model stands on a plain white background as the camera completes a smooth 360-degree orbit at a fixed elevation.
model00749.mp4,A matte gray untextured architectural massing model stands on a plain white background as the camera completes a smooth 360-degree orbit at a fixed elevation.
model00284.mp4,A matte gray untextured architectural massing model stands on a plain white background as the camera completes a smooth 360-degree orbit at a fixed elevation.
model01532.mp4,A matte gray untextured architectural massing model stands on a plain white background as the camera completes a smooth 360-degree orbit at a fixed elevation.
model00450.mp4,A matte gray untextured architectural massing model stands on a plain white background as the camera completes a smooth 360-degree orbit at a fixed elevation.
model00388.mp4,A matte gray untextured architectural massing model stands on a plain white background as the camera completes a smooth 360-degree orbit at a fixed elevation.
model00104.mp4,A matte gray untextured architectural massing model stands on a plain white background as the camera completes a smooth 360-degree orbit at a fixed elevation.
model00442.mp4,A matte gray untextured architectural massing model stands on a plain white background as the camera completes a smooth 360-degree orbit at a fixed elevation.
model01838.mp4,A matte gray untextured architectural massing model stands on a plain white background as the camera completes a smooth 360-degree orbit at a fixed elevation.
model01420.mp4,A matte gray untextured architectural massing model stands on a plain white background as the camera completes a smooth 360-degree orbit at a fixed elevation.
model01049.mp4,A matte gray untextured architectural massing model stands on a plain white background as the camera completes a smooth 360-degree orbit at a fixed elevation.
model01282.mp4,A matte gray untextured architectural massing model stands on a plain white background as the camera completes a smooth 360-degree orbit at a fixed elevation.
model00575.mp4,A matte gray untextured architectural massing model stands on a plain white background as the camera completes a smooth 360-degree orbit at a fixed elevation.
model00832.mp4,A matte gray untextured architectural massing model stands on a plain white background as the camera completes a smooth 360-degree orbit at a fixed elevation.
model01946.mp4,A matte gray untextured architectural massing model stands on a plain white background as the camera completes a smooth 360-degree orbit at a fixed elevation.
model00879.mp4,A matte gray untextured architectural massing model stands on a plain white background as the camera completes a smooth 360-degree orbit at a fixed elevation.
model00407.mp4,A matte gray untextured architectural massing model stands on a plain white background as the camera completes a smooth 360-degree orbit at a fixed elevation.
model00121.mp4,A matte gray untextured architectural massing model stands on a plain white background as the camera completes a smooth 360-degree orbit at a fixed elevation.
model00812.mp4,A matte gray untextured architectural massing model stands on a plain white background as the camera completes a smooth 360-degree orbit at a fixed elevation.
model02067.mp4,A matte gray untextured architectural massing model stands on a plain white background as the camera completes a smooth 360-degree orbit at a fixed elevation.
model00194.mp4,A matte gray untextured architectural massing model stands on a plain white background as the camera completes a smooth 360-degree orbit at a fixed elevation.
model00022.mp4,A matte gray untextured architectural massing model stands on a plain white background as the camera completes a smooth 360-degree orbit at a fixed elevation.
model01500.mp4,A matte gray untextured architectural massing model stands on a plain white background as the camera completes a smooth 360-degree orbit at a fixed elevation.
model00452.mp4,A matte gray untextured architectural massing model stands on a plain white background as the camera completes a smooth 360-degree orbit at a fixed elevation.
model01489.mp4,A matte gray untextured architectural massing model stands on a plain white background as the camera completes a smooth 360-degree orbit at a fixed elevation.
model01932.mp4,A matte gray untextured architectural massing model stands on a plain white background as the camera completes a smooth 360-degree orbit at a fixed elevation.
model00692.mp4,A matte gray untextured architectural massing model stands on a plain white background as the camera completes a smooth 360-degree orbit at a fixed elevation.
model02290.mp4,A matte gray untextured architectural massing model stands on a plain white background as the camera completes a smooth 360-degree orbit at a fixed elevation.
model01131.mp4,A matte gray untextured architectural massing model stands on a plain white background as the camera completes a smooth 360-degree orbit at a fixed elevation.
model00280.mp4,A matte gray untextured architectural massing model stands on a plain white background as the camera completes a smooth 360-degree orbit at a fixed elevation.
model00393.mp4,A matte gray untextured architectural massing model stands on a plain white background as the camera completes a smooth 360-degree orbit at a fixed elevation.
model02344.mp4,A matte gray untextured architectural massing model stands on a plain white background as the camera completes a smooth 360-degree orbit at a fixed elevation.
model01117.mp4,A matte gray untextured architectural massing model stands on a plain white background as the camera completes a smooth 360-degree orbit at a fixed elevation.
model01635.mp4,A matte gray untextured architectural massing model stands on a plain white background as the camera completes a smooth 360-degree orbit at a fixed elevation.
model01845.mp4,A matte gray untextured architectural massing model stands on a plain white background as the camera completes a smooth 360-degree orbit at a fixed elevation.
model01270.mp4,A matte gray untextured architectural massing model stands on a plain white background as the camera completes a smooth 360-degree orbit at a fixed elevation.
model01791.mp4,A matte gray untextured architectural massing model stands on a plain white background as the camera completes a smooth 360-degree orbit at a fixed elevation.
model01116.mp4,A matte gray untextured architectural massing model stands on a plain white background as the camera completes a smooth 360-degree orbit at a fixed elevation.
model00964.mp4,A matte gray untextured architectural massing model stands on a plain white background as the camera completes a smooth 360-degree orbit at a fixed elevation.
model01829.mp4,A matte gray untextured architectural massing model stands on a plain white background as the camera completes a smooth 360-degree orbit at a fixed elevation.
model01949.mp4,A matte gray untextured architectural massing model stands on a plain white background as the camera completes a smooth 360-degree orbit at a fixed elevation.
model01360.mp4,A matte gray untextured architectural massing model stands on a plain white background as the camera completes a smooth 360-degree orbit at a fixed elevation.
model01566.mp4,A matte gray untextured architectural massing model stands on a plain white background as the camera completes a smooth 360-degree orbit at a fixed elevation.
model00387.mp4,A matte gray untextured architectural massing model stands on a plain white background as the camera completes a smooth 360-degree orbit at a fixed elevation.
model01923.mp4,A matte gray untextured architectural massing model stands on a plain white background as the camera completes a smooth 360-degree orbit at a fixed elevation.
model01782.mp4,A matte gray untextured architectural massing model stands on a plain white background as the camera completes a smooth 360-degree orbit at a fixed elevation.
model01910.mp4,A matte gray untextured architectural massing model stands on a plain white background as the camera completes a smooth 360-degree orbit at a fixed elevation.
model00203.mp4,A matte gray untextured architectural massing model stands on a plain white background as the camera completes a smooth 360-degree orbit at a fixed elevation.
model01862.mp4,A matte gray untextured architectural massing model stands on a plain white background as the camera completes a smooth 360-degree orbit at a fixed elevation.
model01256.mp4,A matte gray untextured architectural massing model stands on a plain white background as the camera completes a smooth 360-degree orbit at a fixed elevation.
model00054.mp4,A matte gray untextured architectural massing model stands on a plain white background as the camera completes a smooth 360-degree orbit at a fixed elevation.
model01911.mp4,A matte gray untextured architectural massing model stands on a plain white background as the camera completes a smooth 360-degree orbit at a fixed elevation.
model01918.mp4,A matte gray untextured architectural massing model stands on a plain white background as the camera completes a smooth 360-degree orbit at a fixed elevation.
model00447.mp4,A matte gray untextured architectural massing model stands on a plain white background as the camera completes a smooth 360-degree orbit at a fixed elevation.
model00398.mp4,A matte gray untextured architectural massing model stands on a plain white background as the camera completes a smooth 360-degree orbit at a fixed elevation.
model01667.mp4,A matte gray untextured architectural massing model stands on a plain white background as the camera completes a smooth 360-degree orbit at a fixed elevation.
model02048.mp4,A matte gray untextured architectural massing model stands on a plain white background as the camera completes a smooth 360-degree orbit at a fixed elevation.
model00189.mp4,A matte gray untextured architectural massing model stands on a plain white background as the camera completes a smooth 360-degree orbit at a fixed elevation.
model00422.mp4,A matte gray untextured architectural massing model stands on a plain white background as the camera completes a smooth 360-degree orbit at a fixed elevation.
model00556.mp4,A matte gray untextured architectural massing model stands on a plain white background as the camera completes a smooth 360-degree orbit at a fixed elevation.
model01073.mp4,A matte gray untextured architectural massing model stands on a plain white background as the camera completes a smooth 360-degree orbit at a fixed elevation.
model01960.mp4,A matte gray untextured architectural massing model stands on a plain white background as the camera completes a smooth 360-degree orbit at a fixed elevation.
model01469.mp4,A matte gray untextured architectural massing model stands on a plain white background as the camera completes a smooth 360-degree orbit at a fixed elevation.
model02338.mp4,A matte gray untextured architectural massing model stands on a plain white background as the camera completes a smooth 360-degree orbit at a fixed elevation.
model00910.mp4,A matte gray untextured architectural massing model stands on a plain white background as the camera completes a smooth 360-degree orbit at a fixed elevation.
model01658.mp4,A matte gray untextured architectural massing model stands on a plain white background as the camera completes a smooth 360-degree orbit at a fixed elevation.
model00051.mp4,A matte gray untextured architectural massing model stands on a plain white background as the camera completes a smooth 360-degree orbit at a fixed elevation.
model00170.mp4,A matte gray untextured architectural massing model stands on a plain white background as the camera completes a smooth 360-degree orbit at a fixed elevation.
model00397.mp4,A matte gray untextured architectural massing model stands on a plain white background as the camera completes a smooth 360-degree orbit at a fixed elevation.
model00428.mp4,A matte gray untextured architectural massing model stands on a plain white background as the camera completes a smooth 360-degree orbit at a fixed elevation.
model01570.mp4,A matte gray untextured architectural massing model stands on a plain white background as the camera completes a smooth 360-degree orbit at a fixed elevation.
model02145.mp4,A matte gray untextured architectural massing model stands on a plain white background as the camera completes a smooth 360-degree orbit at a fixed elevation.
model00286.mp4,A matte gray untextured architectural massing model stands on a plain white background as the camera completes a smooth 360-degree orbit at a fixed elevation.
model02279.mp4,A matte gray untextured architectural massing model stands on a plain white background as the camera completes a smooth 360-degree orbit at a fixed elevation.
model00853.mp4,A matte gray untextured architectural massing model stands on a plain white background as the camera completes a smooth 360-degree orbit at a fixed elevation.
model01419.mp4,A matte gray untextured architectural massing model stands on a plain white background as the camera completes a smooth 360-degree orbit at a fixed elevation.
model00530.mp4,A matte gray untextured architectural massing model stands on a plain white background as the camera completes a smooth 360-degree orbit at a fixed elevation.
model00482.mp4,A matte gray untextured architectural massing model stands on a plain white background as the camera completes a smooth 360-degree orbit at a fixed elevation.
model00641.mp4,A matte gray untextured architectural massing model stands on a plain white background as the camera completes a smooth 360-degree orbit at a fixed elevation.
model00651.mp4,A matte gray untextured architectural massing model stands on a plain white background as the camera completes a smooth 360-degree orbit at a fixed elevation.
model01437.mp4,A matte gray untextured architectural massing model stands on a plain white background as the camera completes a smooth 360-degree orbit at a fixed elevation.
model00815.mp4,A matte gray untextured architectural massing model stands on a plain white background as the camera completes a smooth 360-degree orbit at a fixed elevation.
model01531.mp4,A matte gray untextured architectural massing model stands on a plain white background as the camera completes a smooth 360-degree orbit at a fixed elevation.
model01162.mp4,A matte gray untextured architectural massing model stands on a plain white background as the camera completes a smooth 360-degree orbit at a fixed elevation.
model02176.mp4,A matte gray untextured architectural massing model stands on a plain white background as the camera completes a smooth 360-degree orbit at a fixed elevation.
model00125.mp4,A matte gray untextured architectural massing model stands on a plain white background as the camera completes a smooth 360-degree orbit at a fixed elevation.
model00962.mp4,A matte gray untextured architectural massing model stands on a plain white background as the camera completes a smooth 360-degree orbit at a fixed elevation.
model01194.mp4,A matte gray untextured architectural massing model stands on a plain white background as the camera completes a smooth 360-degree orbit at a fixed elevation.
model01259.mp4,A matte gray untextured architectural massing model stands on a plain white background as the camera completes a smooth 360-degree orbit at a fixed elevation.
model01975.mp4,A matte gray untextured architectural massing model stands on a plain white background as the camera completes a smooth 360-degree orbit at a fixed elevation.
model01051.mp4,A matte gray untextured architectural massing model stands on a plain white background as the camera completes a smooth 360-degree orbit at a fixed elevation.
model00808.mp4,A matte gray untextured architectural massing model stands on a plain white background as the camera completes a smooth 360-degree orbit at a fixed elevation.
model02019.mp4,A matte gray untextured architectural massing model stands on a plain white background as the camera completes a smooth 360-degree orbit at a fixed elevation.
model00003.mp4,A matte gray untextured architectural massing model stands on a plain white background as the camera completes a smooth 360-degree orbit at a fixed elevation.
model00914.mp4,A matte gray untextured architectural massing model stands on a plain white background as the camera completes a smooth 360-degree orbit at a fixed elevation.
model01318.mp4,A matte gray untextured architectural massing model stands on a plain white background as the camera completes a smooth 360-degree orbit at a fixed elevation.
model00264.mp4,A matte gray untextured architectural massing model stands on a plain white background as the camera completes a smooth 360-degree orbit at a fixed elevation.
model01936.mp4,A matte gray untextured architectural massing model stands on a plain white background as the camera completes a smooth 360-degree orbit at a fixed elevation.
model02252.mp4,A matte gray untextured architectural massing model stands on a plain white background as the camera completes a smooth 360-degree orbit at a fixed elevation.
model00070.mp4,A matte gray untextured architectural massing model stands on a plain white background as the camera completes a smooth 360-degree orbit at a fixed elevation.
model01240.mp4,A matte gray untextured architectural massing model stands on a plain white background as the camera completes a smooth 360-degree orbit at a fixed elevation.
model01434.mp4,A matte gray untextured architectural massing model stands on a plain white background as the camera completes a smooth 360-degree orbit at a fixed elevation.
model00996.mp4,A matte gray untextured architectural massing model stands on a plain white background as the camera completes a smooth 360-degree orbit at a fixed elevation.
model01412.mp4,A matte gray untextured architectural massing model stands on a plain white background as the camera completes a smooth 360-degree orbit at a fixed elevation.
model00791.mp4,A matte gray untextured architectural massing model stands on a plain white background as the camera completes a smooth 360-degree orbit at a fixed elevation.
model00631.mp4,A matte gray untextured architectural massing model stands on a plain white background as the camera completes a smooth 360-degree orbit at a fixed elevation.
model00771.mp4,A matte gray untextured architectural massing model stands on a plain white background as the camera completes a smooth 360-degree orbit at a fixed elevation.
model02192.mp4,A matte gray untextured architectural massing model stands on a plain white background as the camera completes a smooth 360-degree orbit at a fixed elevation.
model02242.mp4,A matte gray untextured architectural massing model stands on a plain white background as the camera completes a smooth 360-degree orbit at a fixed elevation.
model01022.mp4,A matte gray untextured architectural massing model stands on a plain white background as the camera completes a smooth 360-degree orbit at a fixed elevation.
model01552.mp4,A matte gray untextured architectural massing model stands on a plain white background as the camera completes a smooth 360-degree orbit at a fixed elevation.
model01149.mp4,A matte gray untextured architectural massing model stands on a plain white background as the camera completes a smooth 360-degree orbit at a fixed elevation.
model01292.mp4,A matte gray untextured architectural massing model stands on a plain white background as the camera completes a smooth 360-degree orbit at a fixed elevation.
model01623.mp4,A matte gray untextured architectural massing model stands on a plain white background as the camera completes a smooth 360-degree orbit at a fixed elevation.
model02181.mp4,A matte gray untextured architectural massing model stands on a plain white background as the camera completes a smooth 360-degree orbit at a fixed elevation.
model01577.mp4,A matte gray untextured architectural massing model stands on a plain white background as the camera completes a smooth 360-degree orbit at a fixed elevation.
model00044.mp4,A matte gray untextured architectural massing model stands on a plain white background as the camera completes a smooth 360-degree orbit at a fixed elevation.
model02237.mp4,A matte gray untextured architectural massing model stands on a plain white background as the camera completes a smooth 360-degree orbit at a fixed elevation.
model00650.mp4,A matte gray untextured architectural massing model stands on a plain white background as the camera completes a smooth 360-degree orbit at a fixed elevation.
model00360.mp4,A matte gray untextured architectural massing model stands on a plain white background as the camera completes a smooth 360-degree orbit at a fixed elevation.
model01756.mp4,A matte gray untextured architectural massing model stands on a plain white background as the camera completes a smooth 360-degree orbit at a fixed elevation.
model01598.mp4,A matte gray untextured architectural massing model stands on a plain white background as the camera completes a smooth 360-degree orbit at a fixed elevation.
model01973.mp4,A matte gray untextured architectural massing model stands on a plain white background as the camera completes a smooth 360-degree orbit at a fixed elevation.
model00362.mp4,A matte gray untextured architectural massing model stands on a plain white background as the camera completes a smooth 360-degree orbit at a fixed elevation.
model01842.mp4,A matte gray untextured architectural massing model stands on a plain white background as the camera completes a smooth 360-degree orbit at a fixed elevation.
model00204.mp4,A matte gray untextured architectural massing model stands on a plain white background as the camera completes a smooth 360-degree orbit at a fixed elevation.
model02235.mp4,A matte gray untextured architectural massing model stands on a plain white background as the camera completes a smooth 360-degree orbit at a fixed elevation.
model01380.mp4,A matte gray untextured architectural massing model stands on a plain white background as the camera completes a smooth 360-degree orbit at a fixed elevation.
model01921.mp4,A matte gray untextured architectural massing model stands on a plain white background as the camera completes a smooth 360-degree orbit at a fixed elevation.
model02261.mp4,A matte gray untextured architectural massing model stands on a plain white background as the camera completes a smooth 360-degree orbit at a fixed elevation.
model01096.mp4,A matte gray untextured architectural massing model stands on a plain white background as the camera completes a smooth 360-degree orbit at a fixed elevation.
model00893.mp4,A matte gray untextured architectural massing model stands on a plain white background as the camera completes a smooth 360-degree orbit at a fixed elevation.
model00822.mp4,A matte gray untextured architectural massing model stands on a plain white background as the camera completes a smooth 360-degree orbit at a fixed elevation.
model01995.mp4,A matte gray untextured architectural massing model stands on a plain white background as the camera completes a smooth 360-degree orbit at a fixed elevation.
model01787.mp4,A matte gray untextured architectural massing model stands on a plain white background as the camera completes a smooth 360-degree orbit at a fixed elevation.
model01405.mp4,A matte gray untextured architectural massing model stands on a plain white background as the camera completes a smooth 360-degree orbit at a fixed elevation.
model00838.mp4,A matte gray untextured architectural massing model stands on a plain white background as the camera completes a smooth 360-degree orbit at a fixed elevation.
model01814.mp4,A matte gray untextured architectural massing model stands on a plain white background as the camera completes a smooth 360-degree orbit at a fixed elevation.
model00281.mp4,A matte gray untextured architectural massing model stands on a plain white background as the camera completes a smooth 360-degree orbit at a fixed elevation.
model01864.mp4,A matte gray untextured architectural massing model stands on a plain white background as the camera completes a smooth 360-degree orbit at a fixed elevation.
model01925.mp4,A matte gray untextured architectural massing model stands on a plain white background as the camera completes a smooth 360-degree orbit at a fixed elevation.
model00300.mp4,A matte gray untextured architectural massing model stands on a plain white background as the camera completes a smooth 360-degree orbit at a fixed elevation.
model01883.mp4,A matte gray untextured architectural massing model stands on a plain white background as the camera completes a smooth 360-degree orbit at a fixed elevation.
model00643.mp4,A matte gray untextured architectural massing model stands on a plain white background as the camera completes a smooth 360-degree orbit at a fixed elevation.
model02049.mp4,A matte gray untextured architectural massing model stands on a plain white background as the camera completes a smooth 360-degree orbit at a fixed elevation.
model00446.mp4,A matte gray untextured architectural massing model stands on a plain white background as the camera completes a smooth 360-degree orbit at a fixed elevation.
model00271.mp4,A matte gray untextured architectural massing model stands on a plain white background as the camera completes a smooth 360-degree orbit at a fixed elevation.
model01499.mp4,A matte gray untextured architectural massing model stands on a plain white background as the camera completes a smooth 360-degree orbit at a fixed elevation.
model00127.mp4,A matte gray untextured architectural massing model stands on a plain white background as the camera completes a smooth 360-degree orbit at a fixed elevation.
model00111.mp4,A matte gray untextured architectural massing model stands on a plain white background as the camera completes a smooth 360-degree orbit at a fixed elevation.
model01348.mp4,A matte gray untextured architectural massing model stands on a plain white background as the camera completes a smooth 360-degree orbit at a fixed elevation.
model00698.mp4,A matte gray untextured architectural massing model stands on a plain white background as the camera completes a smooth 360-degree orbit at a fixed elevation.
model01326.mp4,A matte gray untextured architectural massing model stands on a plain white background as the camera completes a smooth 360-degree orbit at a fixed elevation.
model02129.mp4,A matte gray untextured architectural massing model stands on a plain white background as the camera completes a smooth 360-degree orbit at a fixed elevation.
model01110.mp4,A matte gray untextured architectural massing model stands on a plain white background as the camera completes a smooth 360-degree orbit at a fixed elevation.
model01008.mp4,A matte gray untextured architectural massing model stands on a plain white background as the camera completes a smooth 360-degree orbit at a fixed elevation.
model01275.mp4,A matte gray untextured architectural massing model stands on a plain white background as the camera completes a smooth 360-degree orbit at a fixed elevation.
model00506.mp4,A matte gray untextured architectural massing model stands on a plain white background as the camera completes a smooth 360-degree orbit at a fixed elevation.
model01297.mp4,A matte gray untextured architectural massing model stands on a plain white background as the camera completes a smooth 360-degree orbit at a fixed elevation.
model01241.mp4,A matte gray untextured architectural massing model stands on a plain white background as the camera completes a smooth 360-degree orbit at a fixed elevation.
model01587.mp4,A matte gray untextured architectural massing model stands on a plain white background as the camera completes a smooth 360-degree orbit at a fixed elevation.
model00288.mp4,A matte gray untextured architectural massing model stands on a plain white background as the camera completes a smooth 360-degree orbit at a fixed elevation.
model02093.mp4,A matte gray untextured architectural massing model stands on a plain white background as the camera completes a smooth 360-degree orbit at a fixed elevation.
model01679.mp4,A matte gray untextured architectural massing model stands on a plain white background as the camera completes a smooth 360-degree orbit at a fixed elevation.
model00037.mp4,A matte gray untextured architectural massing model stands on a plain white background as the camera completes a smooth 360-degree orbit at a fixed elevation.
model00114.mp4,A matte gray untextured architectural massing model stands on a plain white background as the camera completes a smooth 360-degree orbit at a fixed elevation.
model02343.mp4,A matte gray untextured architectural massing model stands on a plain white background as the camera completes a smooth 360-degree orbit at a fixed elevation.
model01605.mp4,A matte gray untextured architectural massing model stands on a plain white background as the camera completes a smooth 360-degree orbit at a fixed elevation.
model00504.mp4,A matte gray untextured architectural massing model stands on a plain white background as the camera completes a smooth 360-degree orbit at a fixed elevation.
model00459.mp4,A matte gray untextured architectural massing model stands on a plain white background as the camera completes a smooth 360-degree orbit at a fixed elevation.
model01917.mp4,A matte gray untextured architectural massing model stands on a plain white background as the camera completes a smooth 360-degree orbit at a fixed elevation.
model01622.mp4,A matte gray untextured architectural massing model stands on a plain white background as the camera completes a smooth 360-degree orbit at a fixed elevation.
model01493.mp4,A matte gray untextured architectural massing model stands on a plain white background as the camera completes a smooth 360-degree orbit at a fixed elevation.
model00386.mp4,A matte gray untextured architectural massing model stands on a plain white background as the camera completes a smooth 360-degree orbit at a fixed elevation.
model02143.mp4,A matte gray untextured architectural massing model stands on a plain white background as the camera completes a smooth 360-degree orbit at a fixed elevation.
model01638.mp4,A matte gray untextured architectural massing model stands on a plain white background as the camera completes a smooth 360-degree orbit at a fixed elevation.
model00156.mp4,A matte gray untextured architectural massing model stands on a plain white background as the camera completes a smooth 360-degree orbit at a fixed elevation.
model01826.mp4,A matte gray untextured architectural massing model stands on a plain white background as the camera completes a smooth 360-degree orbit at a fixed elevation.
model01203.mp4,A matte gray untextured architectural massing model stands on a plain white background as the camera completes a smooth 360-degree orbit at a fixed elevation.
model00313.mp4,A matte gray untextured architectural massing model stands on a plain white background as the camera completes a smooth 360-degree orbit at a fixed elevation.
model00329.mp4,A matte gray untextured architectural massing model stands on a plain white background as the camera completes a smooth 360-degree orbit at a fixed elevation.
model02193.mp4,A matte gray untextured architectural massing model stands on a plain white background as the camera completes a smooth 360-degree orbit at a fixed elevation.
model01279.mp4,A matte gray untextured architectural massing model stands on a plain white background as the camera completes a smooth 360-degree orbit at a fixed elevation.
model01823.mp4,A matte gray untextured architectural massing model stands on a plain white background as the camera completes a smooth 360-degree orbit at a fixed elevation.
model01251.mp4,A matte gray untextured architectural massing model stands on a plain white background as the camera completes a smooth 360-degree orbit at a fixed elevation.
model01981.mp4,A matte gray untextured architectural massing model stands on a plain white background as the camera completes a smooth 360-degree orbit at a fixed elevation.
model00158.mp4,A matte gray untextured architectural massing model stands on a plain white background as the camera completes a smooth 360-degree orbit at a fixed elevation.
model00223.mp4,A matte gray untextured architectural massing model stands on a plain white background as the camera completes a smooth 360-degree orbit at a fixed elevation.
model01065.mp4,A matte gray untextured architectural massing model stands on a plain white background as the camera completes a smooth 360-degree orbit at a fixed elevation.
model00112.mp4,A matte gray untextured architectural massing model stands on a plain white background as the camera completes a smooth 360-degree orbit at a fixed elevation.
model01483.mp4,A matte gray untextured architectural massing model stands on a plain white background as the camera completes a smooth 360-degree orbit at a fixed elevation.
model01952.mp4,A matte gray untextured architectural massing model stands on a plain white background as the camera completes a smooth 360-degree orbit at a fixed elevation.
model01742.mp4,A matte gray untextured architectural massing model stands on a plain white background as the camera completes a smooth 360-degree orbit at a fixed elevation.
model00550.mp4,A matte gray untextured architectural massing model stands on a plain white background as the camera completes a smooth 360-degree orbit at a fixed elevation.
model01937.mp4,A matte gray untextured architectural massing model stands on a plain white background as the camera completes a smooth 360-degree orbit at a fixed elevation.
model00499.mp4,A matte gray untextured architectural massing model stands on a plain white background as the camera completes a smooth 360-degree orbit at a fixed elevation.
model01332.mp4,A matte gray untextured architectural massing model stands on a plain white background as the camera completes a smooth 360-degree orbit at a fixed elevation.
model02253.mp4,A matte gray untextured architectural massing model stands on a plain white background as the camera completes a smooth 360-degree orbit at a fixed elevation.
model02190.mp4,A matte gray untextured architectural massing model stands on a plain white background as the camera completes a smooth 360-degree orbit at a fixed elevation.
model01560.mp4,A matte gray untextured architectural massing model stands on a plain white background as the camera completes a smooth 360-degree orbit at a fixed elevation.
model02121.mp4,A matte gray untextured architectural massing model stands on a plain white background as the camera completes a smooth 360-degree orbit at a fixed elevation.
model01293.mp4,A matte gray untextured architectural massing model stands on a plain white background as the camera completes a smooth 360-degree orbit at a fixed elevation.
model00843.mp4,A matte gray untextured architectural massing model stands on a plain white background as the camera completes a smooth 360-degree orbit at a fixed elevation.
model00417.mp4,A matte gray untextured architectural massing model stands on a plain white background as the camera completes a smooth 360-degree orbit at a fixed elevation.
model00909.mp4,A matte gray untextured architectural massing model stands on a plain white background as the camera completes a smooth 360-degree orbit at a fixed elevation.
model01564.mp4,A matte gray untextured architectural massing model stands on a plain white background as the camera completes a smooth 360-degree orbit at a fixed elevation.
model00714.mp4,A matte gray untextured architectural massing model stands on a plain white background as the camera completes a smooth 360-degree orbit at a fixed elevation.
model01400.mp4,A matte gray untextured architectural massing model stands on a plain white background as the camera completes a smooth 360-degree orbit at a fixed elevation.
model02026.mp4,A matte gray untextured architectural massing model stands on a plain white background as the camera completes a smooth 360-degree orbit at a fixed elevation.
model01519.mp4,A matte gray untextured architectural massing model stands on a plain white background as the camera completes a smooth 360-degree orbit at a fixed elevation.
model00135.mp4,A matte gray untextured architectural massing model stands on a plain white background as the camera completes a smooth 360-degree orbit at a fixed elevation.
model02232.mp4,A matte gray untextured architectural massing model stands on a plain white background as the camera completes a smooth 360-degree orbit at a fixed elevation.
model01243.mp4,A matte gray untextured architectural massing model stands on a plain white background as the camera completes a smooth 360-degree orbit at a fixed elevation.
model01000.mp4,A matte gray untextured architectural massing model stands on a plain white background as the camera completes a smooth 360-degree orbit at a fixed elevation.
model00108.mp4,A matte gray untextured architectural massing model stands on a plain white background as the camera completes a smooth 360-degree orbit at a fixed elevation.
model00592.mp4,A matte gray untextured architectural massing model stands on a plain white background as the camera completes a smooth 360-degree orbit at a fixed elevation.
model01597.mp4,A matte gray untextured architectural massing model stands on a plain white background as the camera completes a smooth 360-degree orbit at a fixed elevation.
model02200.mp4,A matte gray untextured architectural massing model stands on a plain white background as the camera completes a smooth 360-degree orbit at a fixed elevation.
model00560.mp4,A matte gray untextured architectural massing model stands on a plain white background as the camera completes a smooth 360-degree orbit at a fixed elevation.
model01827.mp4,A matte gray untextured architectural massing model stands on a plain white background as the camera completes a smooth 360-degree orbit at a fixed elevation.
model00256.mp4,A matte gray untextured architectural massing model stands on a plain white background as the camera completes a smooth 360-degree orbit at a fixed elevation.
model00389.mp4,A matte gray untextured architectural massing model stands on a plain white background as the camera completes a smooth 360-degree orbit at a fixed elevation.
model01035.mp4,A matte gray untextured architectural massing model stands on a plain white background as the camera completes a smooth 360-degree orbit at a fixed elevation.
model00380.mp4,A matte gray untextured architectural massing model stands on a plain white background as the camera completes a smooth 360-degree orbit at a fixed elevation.
model01164.mp4,A matte gray untextured architectural massing model stands on a plain white background as the camera completes a smooth 360-degree orbit at a fixed elevation.
model00761.mp4,A matte gray untextured architectural massing model stands on a plain white background as the camera completes a smooth 360-degree orbit at a fixed elevation.
model02246.mp4,A matte gray untextured architectural massing model stands on a plain white background as the camera completes a smooth 360-degree orbit at a fixed elevation.
model02331.mp4,A matte gray untextured architectural massing model stands on a plain white background as the camera completes a smooth 360-degree orbit at a fixed elevation.
model01452.mp4,A matte gray untextured architectural massing model stands on a plain white background as the camera completes a smooth 360-degree orbit at a fixed elevation.
model00591.mp4,A matte gray untextured architectural massing model stands on a plain white background as the camera completes a smooth 360-degree orbit at a fixed elevation.
model00948.mp4,A matte gray untextured architectural massing model stands on a plain white background as the camera completes a smooth 360-degree orbit at a fixed elevation.
model01836.mp4,A matte gray untextured architectural massing model stands on a plain white background as the camera completes a smooth 360-degree orbit at a fixed elevation.
model00848.mp4,A matte gray untextured architectural massing model stands on a plain white background as the camera completes a smooth 360-degree orbit at a fixed elevation.
model01265.mp4,A matte gray untextured architectural massing model stands on a plain white background as the camera completes a smooth 360-degree orbit at a fixed elevation.
model00580.mp4,A matte gray untextured architectural massing model stands on a plain white background as the camera completes a smooth 360-degree orbit at a fixed elevation.
model01517.mp4,A matte gray untextured architectural massing model stands on a plain white background as the camera completes a smooth 360-degree orbit at a fixed elevation.
model01757.mp4,A matte gray untextured architectural massing model stands on a plain white background as the camera completes a smooth 360-degree orbit at a fixed elevation.
model02037.mp4,A matte gray untextured architectural massing model stands on a plain white background as the camera completes a smooth 360-degree orbit at a fixed elevation.
model00473.mp4,A matte gray untextured architectural massing model stands on a plain white background as the camera completes a smooth 360-degree orbit at a fixed elevation.
model01915.mp4,A matte gray untextured architectural massing model stands on a plain white background as the camera completes a smooth 360-degree orbit at a fixed elevation.
model01174.mp4,A matte gray untextured architectural massing model stands on a plain white background as the camera completes a smooth 360-degree orbit at a fixed elevation.
model01867.mp4,A matte gray untextured architectural massing model stands on a plain white background as the camera completes a smooth 360-degree orbit at a fixed elevation.
model00679.mp4,A matte gray untextured architectural massing model stands on a plain white background as the camera completes a smooth 360-degree orbit at a fixed elevation.
model00278.mp4,A matte gray untextured architectural massing model stands on a plain white background as the camera completes a smooth 360-degree orbit at a fixed elevation.
model01964.mp4,A matte gray untextured architectural massing model stands on a plain white background as the camera completes a smooth 360-degree orbit at a fixed elevation.
model02018.mp4,A matte gray untextured architectural massing model stands on a plain white background as the camera completes a smooth 360-degree orbit at a fixed elevation.
model01473.mp4,A matte gray untextured architectural massing model stands on a plain white background as the camera completes a smooth 360-degree orbit at a fixed elevation.
model00078.mp4,A matte gray untextured architectural massing model stands on a plain white background as the camera completes a smooth 360-degree orbit at a fixed elevation.
model01224.mp4,A matte gray untextured architectural massing model stands on a plain white background as the camera completes a smooth 360-degree orbit at a fixed elevation.
model01119.mp4,A matte gray untextured architectural massing model stands on a plain white background as the camera completes a smooth 360-degree orbit at a fixed elevation.
model01701.mp4,A matte gray untextured architectural massing model stands on a plain white background as the camera completes a smooth 360-degree orbit at a fixed elevation.
model01961.mp4,A matte gray untextured architectural massing model stands on a plain white background as the camera completes a smooth 360-degree orbit at a fixed elevation.
model01851.mp4,A matte gray untextured architectural massing model stands on a plain white background as the camera completes a smooth 360-degree orbit at a fixed elevation.
model01019.mp4,A matte gray untextured architectural massing model stands on a plain white background as the camera completes a smooth 360-degree orbit at a fixed elevation.
model01858.mp4,A matte gray untextured architectural massing model stands on a plain white background as the camera completes a smooth 360-degree orbit at a fixed elevation.
model02277.mp4,A matte gray untextured architectural massing model stands on a plain white background as the camera completes a smooth 360-degree orbit at a fixed elevation.
model01885.mp4,A matte gray untextured architectural massing model stands on a plain white background as the camera completes a smooth 360-degree orbit at a fixed elevation.
model00511.mp4,A matte gray untextured architectural massing model stands on a plain white background as the camera completes a smooth 360-degree orbit at a fixed elevation.
model01274.mp4,A matte gray untextured architectural massing model stands on a plain white background as the camera completes a smooth 360-degree orbit at a fixed elevation.
model01970.mp4,A matte gray untextured architectural massing model stands on a plain white background as the camera completes a smooth 360-degree orbit at a fixed elevation.
model02257.mp4,A matte gray untextured architectural massing model stands on a plain white background as the camera completes a smooth 360-degree orbit at a fixed elevation.
model00756.mp4,A matte gray untextured architectural massing model stands on a plain white background as the camera completes a smooth 360-degree orbit at a fixed elevation.
model01737.mp4,A matte gray untextured architectural massing model stands on a plain white background as the camera completes a smooth 360-degree orbit at a fixed elevation.
model01107.mp4,A matte gray untextured architectural massing model stands on a plain white background as the camera completes a smooth 360-degree orbit at a fixed elevation.
model01057.mp4,A matte gray untextured architectural massing model stands on a plain white background as the camera completes a smooth 360-degree orbit at a fixed elevation.
model01226.mp4,A matte gray untextured architectural massing model stands on a plain white background as the camera completes a smooth 360-degree orbit at a fixed elevation.
model00096.mp4,A matte gray untextured architectural massing model stands on a plain white background as the camera completes a smooth 360-degree orbit at a fixed elevation.
model00357.mp4,A matte gray untextured architectural massing model stands on a plain white background as the camera completes a smooth 360-degree orbit at a fixed elevation.
model00381.mp4,A matte gray untextured architectural massing model stands on a plain white background as the camera completes a smooth 360-degree orbit at a fixed elevation.
model00685.mp4,A matte gray untextured architectural massing model stands on a plain white background as the camera completes a smooth 360-degree orbit at a fixed elevation.
model02099.mp4,A matte gray untextured architectural massing model stands on a plain white background as the camera completes a smooth 360-degree orbit at a fixed elevation.
model00430.mp4,A matte gray untextured architectural massing model stands on a plain white background as the camera completes a smooth 360-degree orbit at a fixed elevation.
model02057.mp4,A matte gray untextured architectural massing model stands on a plain white background as the camera completes a smooth 360-degree orbit at a fixed elevation.
model00623.mp4,A matte gray untextured architectural massing model stands on a plain white background as the camera completes a smooth 360-degree orbit at a fixed elevation.
model00378.mp4,A matte gray untextured architectural massing model stands on a plain white background as the camera completes a smooth 360-degree orbit at a fixed elevation.
model01806.mp4,A matte gray untextured architectural massing model stands on a plain white background as the camera completes a smooth 360-degree orbit at a fixed elevation.
model02111.mp4,A matte gray untextured architectural massing model stands on a plain white background as the camera completes a smooth 360-degree orbit at a fixed elevation.
model01515.mp4,A matte gray untextured architectural massing model stands on a plain white background as the camera completes a smooth 360-degree orbit at a fixed elevation.
model01432.mp4,A matte gray untextured architectural massing model stands on a plain white background as the camera completes a smooth 360-degree orbit at a fixed elevation.
model01798.mp4,A matte gray untextured architectural massing model stands on a plain white background as the camera completes a smooth 360-degree orbit at a fixed elevation.
model00552.mp4,A matte gray untextured architectural massing model stands on a plain white background as the camera completes a smooth 360-degree orbit at a fixed elevation.
model00126.mp4,A matte gray untextured architectural massing model stands on a plain white background as the camera completes a smooth 360-degree orbit at a fixed elevation.
model01271.mp4,A matte gray untextured architectural massing model stands on a plain white background as the camera completes a smooth 360-degree orbit at a fixed elevation.
model00662.mp4,A matte gray untextured architectural massing model stands on a plain white background as the camera completes a smooth 360-degree orbit at a fixed elevation.
model01956.mp4,A matte gray untextured architectural massing model stands on a plain white background as the camera completes a smooth 360-degree orbit at a fixed elevation.
model02265.mp4,A matte gray untextured architectural massing model stands on a plain white background as the camera completes a smooth 360-degree orbit at a fixed elevation.
model01990.mp4,A matte gray untextured architectural massing model stands on a plain white background as the camera completes a smooth 360-degree orbit at a fixed elevation.
model00460.mp4,A matte gray untextured architectural massing model stands on a plain white background as the camera completes a smooth 360-degree orbit at a fixed elevation.
model00376.mp4,A matte gray untextured architectural massing model stands on a plain white background as the camera completes a smooth 360-degree orbit at a fixed elevation.
model02088.mp4,A matte gray untextured architectural massing model stands on a plain white background as the camera completes a smooth 360-degree orbit at a fixed elevation.
model00998.mp4,A matte gray untextured architectural massing model stands on a plain white background as the camera completes a smooth 360-degree orbit at a fixed elevation.
model01044.mp4,A matte gray untextured architectural massing model stands on a plain white background as the camera completes a smooth 360-degree orbit at a fixed elevation.
model00340.mp4,A matte gray untextured architectural massing model stands on a plain white background as the camera completes a smooth 360-degree orbit at a fixed elevation.
model00462.mp4,A matte gray untextured architectural massing model stands on a plain white background as the camera completes a smooth 360-degree orbit at a fixed elevation.
model01760.mp4,A matte gray untextured architectural massing model stands on a plain white background as the camera completes a smooth 360-degree orbit at a fixed elevation.
model00960.mp4,A matte gray untextured architectural massing model stands on a plain white background as the camera completes a smooth 360-degree orbit at a fixed elevation.
model00409.mp4,A matte gray untextured architectural massing model stands on a plain white background as the camera completes a smooth 360-degree orbit at a fixed elevation.
model00825.mp4,A matte gray untextured architectural massing model stands on a plain white background as the camera completes a smooth 360-degree orbit at a fixed elevation.
model01969.mp4,A matte gray untextured architectural massing model stands on a plain white background as the camera completes a smooth 360-degree orbit at a fixed elevation.
model00153.mp4,A matte gray untextured architectural massing model stands on a plain white background as the camera completes a smooth 360-degree orbit at a fixed elevation.
model00263.mp4,A matte gray untextured architectural massing model stands on a plain white background as the camera completes a smooth 360-degree orbit at a fixed elevation.
model01128.mp4,A matte gray untextured architectural massing model stands on a plain white background as the camera completes a smooth 360-degree orbit at a fixed elevation.
model01518.mp4,A matte gray untextured architectural massing model stands on a plain white background as the camera completes a smooth 360-degree orbit at a fixed elevation.
model00886.mp4,A matte gray untextured architectural massing model stands on a plain white background as the camera completes a smooth 360-degree orbit at a fixed elevation.
model00091.mp4,A matte gray untextured architectural massing model stands on a plain white background as the camera completes a smooth 360-degree orbit at a fixed elevation.
model00147.mp4,A matte gray untextured architectural massing model stands on a plain white background as the camera completes a smooth 360-degree orbit at a fixed elevation.
model00997.mp4,A matte gray untextured architectural massing model stands on a plain white background as the camera completes a smooth 360-degree orbit at a fixed elevation.
model01822.mp4,A matte gray untextured architectural massing model stands on a plain white background as the camera completes a smooth 360-degree orbit at a fixed elevation.
model01249.mp4,A matte gray untextured architectural massing model stands on a plain white background as the camera completes a smooth 360-degree orbit at a fixed elevation.
model00192.mp4,A matte gray untextured architectural massing model stands on a plain white background as the camera completes a smooth 360-degree orbit at a fixed elevation.
model01075.mp4,A matte gray untextured architectural massing model stands on a plain white background as the camera completes a smooth 360-degree orbit at a fixed elevation.
model00169.mp4,A matte gray untextured architectural massing model stands on a plain white background as the camera completes a smooth 360-degree orbit at a fixed elevation.
model01631.mp4,A matte gray untextured architectural massing model stands on a plain white background as the camera completes a smooth 360-degree orbit at a fixed elevation.
model00081.mp4,A matte gray untextured architectural massing model stands on a plain white background as the camera completes a smooth 360-degree orbit at a fixed elevation.
model01753.mp4,A matte gray untextured architectural massing model stands on a plain white background as the camera completes a smooth 360-degree orbit at a fixed elevation.
model00352.mp4,A matte gray untextured architectural massing model stands on a plain white background as the camera completes a smooth 360-degree orbit at a fixed elevation.
model00727.mp4,A matte gray untextured architectural massing model stands on a plain white background as the camera completes a smooth 360-degree orbit at a fixed elevation.
model00603.mp4,A matte gray untextured architectural massing model stands on a plain white background as the camera completes a smooth 360-degree orbit at a fixed elevation.
model00089.mp4,A matte gray untextured architectural massing model stands on a plain white background as the camera completes a smooth 360-degree orbit at a fixed elevation.
model00836.mp4,A matte gray untextured architectural massing model stands on a plain white background as the camera completes a smooth 360-degree orbit at a fixed elevation.
model00873.mp4,A matte gray untextured architectural massing model stands on a plain white background as the camera completes a smooth 360-degree orbit at a fixed elevation.
model00255.mp4,A matte gray untextured architectural massing model stands on a plain white background as the camera completes a smooth 360-degree orbit at a fixed elevation.
model01830.mp4,A matte gray untextured architectural massing model stands on a plain white background as the camera completes a smooth 360-degree orbit at a fixed elevation.
model00010.mp4,A matte gray untextured architectural massing model stands on a plain white background as the camera completes a smooth 360-degree orbit at a fixed elevation.
model01137.mp4,A matte gray untextured architectural massing model stands on a plain white background as the camera completes a smooth 360-degree orbit at a fixed elevation.
model00745.mp4,A matte gray untextured architectural massing model stands on a plain white background as the camera completes a smooth 360-degree orbit at a fixed elevation.
model01009.mp4,A matte gray untextured architectural massing model stands on a plain white background as the camera completes a smooth 360-degree orbit at a fixed elevation.
model01965.mp4,A matte gray untextured architectural massing model stands on a plain white background as the camera completes a smooth 360-degree orbit at a fixed elevation.
model01948.mp4,A matte gray untextured architectural massing model stands on a plain white background as the camera completes a smooth 360-degree orbit at a fixed elevation.
model00676.mp4,A matte gray untextured architectural massing model stands on a plain white background as the camera completes a smooth 360-degree orbit at a fixed elevation.
model00445.mp4,A matte gray untextured architectural massing model stands on a plain white background as the camera completes a smooth 360-degree orbit at a fixed elevation.
model00339.mp4,A matte gray untextured architectural massing model stands on a plain white background as the camera completes a smooth 360-degree orbit at a fixed elevation.
model00276.mp4,A matte gray untextured architectural massing model stands on a plain white background as the camera completes a smooth 360-degree orbit at a fixed elevation.
model01252.mp4,A matte gray untextured architectural massing model stands on a plain white background as the camera completes a smooth 360-degree orbit at a fixed elevation.
model00546.mp4,A matte gray untextured architectural massing model stands on a plain white background as the camera completes a smooth 360-degree orbit at a fixed elevation.
model00870.mp4,A matte gray untextured architectural massing model stands on a plain white background as the camera completes a smooth 360-degree orbit at a fixed elevation.
model01810.mp4,A matte gray untextured architectural massing model stands on a plain white background as the camera completes a smooth 360-degree orbit at a fixed elevation.
model00527.mp4,A matte gray untextured architectural massing model stands on a plain white background as the camera completes a smooth 360-degree orbit at a fixed elevation.
model02127.mp4,A matte gray untextured architectural massing model stands on a plain white background as the camera completes a smooth 360-degree orbit at a fixed elevation.
model00562.mp4,A matte gray untextured architectural massing model stands on a plain white background as the camera completes a smooth 360-degree orbit at a fixed elevation.
model01254.mp4,A matte gray untextured architectural massing model stands on a plain white background as the camera completes a smooth 360-degree orbit at a fixed elevation.
model02164.mp4,A matte gray untextured architectural massing model stands on a plain white background as the camera completes a smooth 360-degree orbit at a fixed elevation.
model01480.mp4,A matte gray untextured architectural massing model stands on a plain white background as the camera completes a smooth 360-degree orbit at a fixed elevation.
model02319.mp4,A matte gray untextured architectural massing model stands on a plain white background as the camera completes a smooth 360-degree orbit at a fixed elevation.
model01987.mp4,A matte gray untextured architectural massing model stands on a plain white background as the camera completes a smooth 360-degree orbit at a fixed elevation.
model01536.mp4,A matte gray untextured architectural massing model stands on a plain white background as the camera completes a smooth 360-degree orbit at a fixed elevation.
model01728.mp4,A matte gray untextured architectural massing model stands on a plain white background as the camera completes a smooth 360-degree orbit at a fixed elevation.
model01454.mp4,A matte gray untextured architectural massing model stands on a plain white background as the camera completes a smooth 360-degree orbit at a fixed elevation.
model01289.mp4,A matte gray untextured architectural massing model stands on a plain white background as the camera completes a smooth 360-degree orbit at a fixed elevation.
model00466.mp4,A matte gray untextured architectural massing model stands on a plain white background as the camera completes a smooth 360-degree orbit at a fixed elevation.
model00154.mp4,A matte gray untextured architectural massing model stands on a plain white background as the camera completes a smooth 360-degree orbit at a fixed elevation.
model00851.mp4,A matte gray untextured architectural massing model stands on a plain white background as the camera completes a smooth 360-degree orbit at a fixed elevation.
model02078.mp4,A matte gray untextured architectural massing model stands on a plain white background as the camera completes a smooth 360-degree orbit at a fixed elevation.
model01944.mp4,A matte gray untextured architectural massing model stands on a plain white background as the camera completes a smooth 360-degree orbit at a fixed elevation.
model01780.mp4,A matte gray untextured architectural massing model stands on a plain white background as the camera completes a smooth 360-degree orbit at a fixed elevation.
model02130.mp4,A matte gray untextured architectural massing model stands on a plain white background as the camera completes a smooth 360-degree orbit at a fixed elevation.
model00077.mp4,A matte gray untextured architectural massing model stands on a plain white background as the camera completes a smooth 360-degree orbit at a fixed elevation.
model01202.mp4,A matte gray untextured architectural massing model stands on a plain white background as the camera completes a smooth 360-degree orbit at a fixed elevation.
model01568.mp4,A matte gray untextured architectural massing model stands on a plain white background as the camera completes a smooth 360-degree orbit at a fixed elevation.
model01013.mp4,A matte gray untextured architectural massing model stands on a plain white background as the camera completes a smooth 360-degree orbit at a fixed elevation.
model02132.mp4,A matte gray untextured architectural massing model stands on a plain white background as the camera completes a smooth 360-degree orbit at a fixed elevation.
model00075.mp4,A matte gray untextured architectural massing model stands on a plain white background as the camera completes a smooth 360-degree orbit at a fixed elevation.
model01112.mp4,A matte gray untextured architectural massing model stands on a plain white background as the camera completes a smooth 360-degree orbit at a fixed elevation.
model00582.mp4,A matte gray untextured architectural massing model stands on a plain white background as the camera completes a smooth 360-degree orbit at a fixed elevation.
model02210.mp4,A matte gray untextured architectural massing model stands on a plain white background as the camera completes a smooth 360-degree orbit at a fixed elevation.
model01329.mp4,A matte gray untextured architectural massing model stands on a plain white background as the camera completes a smooth 360-degree orbit at a fixed elevation.
model00035.mp4,A matte gray untextured architectural massing model stands on a plain white background as the camera completes a smooth 360-degree orbit at a fixed elevation.
model01983.mp4,A matte gray untextured architectural massing model stands on a plain white background as the camera completes a smooth 360-degree orbit at a fixed elevation.
model00675.mp4,A matte gray untextured architectural massing model stands on a plain white background as the camera completes a smooth 360-degree orbit at a fixed elevation.
model00907.mp4,A matte gray untextured architectural massing model stands on a plain white background as the camera completes a smooth 360-degree orbit at a fixed elevation.
model00014.mp4,A matte gray untextured architectural massing model stands on a plain white background as the camera completes a smooth 360-degree orbit at a fixed elevation.
model00957.mp4,A matte gray untextured architectural massing model stands on a plain white background as the camera completes a smooth 360-degree orbit at a fixed elevation.
model01379.mp4,A matte gray untextured architectural massing model stands on a plain white background as the camera completes a smooth 360-degree orbit at a fixed elevation.
model00032.mp4,A matte gray untextured architectural massing model stands on a plain white background as the camera completes a smooth 360-degree orbit at a fixed elevation.
model01676.mp4,A matte gray untextured architectural massing model stands on a plain white background as the camera completes a smooth 360-degree orbit at a fixed elevation.
model01768.mp4,A matte gray untextured architectural massing model stands on a plain white background as the camera completes a smooth 360-degree orbit at a fixed elevation.
model02131.mp4,A matte gray untextured architectural massing model stands on a plain white background as the camera completes a smooth 360-degree orbit at a fixed elevation.
model00193.mp4,A matte gray untextured architectural massing model stands on a plain white background as the camera completes a smooth 360-degree orbit at a fixed elevation.
model00831.mp4,A matte gray untextured architectural massing model stands on a plain white background as the camera completes a smooth 360-degree orbit at a fixed elevation.
model01510.mp4,A matte gray untextured architectural massing model stands on a plain white background as the camera completes a smooth 360-degree orbit at a fixed elevation.
model00249.mp4,A matte gray untextured architectural massing model stands on a plain white background as the camera completes a smooth 360-degree orbit at a fixed elevation.
model00438.mp4,A matte gray untextured architectural massing model stands on a plain white background as the camera completes a smooth 360-degree orbit at a fixed elevation.
model00558.mp4,A matte gray untextured architectural massing model stands on a plain white background as the camera completes a smooth 360-degree orbit at a fixed elevation.
model01350.mp4,A matte gray untextured architectural massing model stands on a plain white background as the camera completes a smooth 360-degree orbit at a fixed elevation.
model00965.mp4,A matte gray untextured architectural massing model stands on a plain white background as the camera completes a smooth 360-degree orbit at a fixed elevation.
model01262.mp4,A matte gray untextured architectural massing model stands on a plain white background as the camera completes a smooth 360-degree orbit at a fixed elevation.
model01374.mp4,A matte gray untextured architectural massing model stands on a plain white background as the camera completes a smooth 360-degree orbit at a fixed elevation.
model01744.mp4,A matte gray untextured architectural massing model stands on a plain white background as the camera completes a smooth 360-degree orbit at a fixed elevation.
model00130.mp4,A matte gray untextured architectural massing model stands on a plain white background as the camera completes a smooth 360-degree orbit at a fixed elevation.
model02089.mp4,A matte gray untextured architectural massing model stands on a plain white background as the camera completes a smooth 360-degree orbit at a fixed elevation.
model02183.mp4,A matte gray untextured architectural massing model stands on a plain white background as the camera completes a smooth 360-degree orbit at a fixed elevation.
model00587.mp4,A matte gray untextured architectural massing model stands on a plain white background as the camera completes a smooth 360-degree orbit at a fixed elevation.
model02160.mp4,A matte gray untextured architectural massing model stands on a plain white background as the camera completes a smooth 360-degree orbit at a fixed elevation.
model01470.mp4,A matte gray untextured architectural massing model stands on a plain white background as the camera completes a smooth 360-degree orbit at a fixed elevation.
model01957.mp4,A matte gray untextured architectural massing model stands on a plain white background as the camera completes a smooth 360-degree orbit at a fixed elevation.
model00207.mp4,A matte gray untextured architectural massing model stands on a plain white background as the camera completes a smooth 360-degree orbit at a fixed elevation.
model01280.mp4,A matte gray untextured architectural massing model stands on a plain white background as the camera completes a smooth 360-degree orbit at a fixed elevation.
model01104.mp4,A matte gray untextured architectural massing model stands on a plain white background as the camera completes a smooth 360-degree orbit at a fixed elevation.
model01150.mp4,A matte gray untextured architectural massing model stands on a plain white background as the camera completes a smooth 360-degree orbit at a fixed elevation.
model00190.mp4,A matte gray untextured architectural massing model stands on a plain white background as the camera completes a smooth 360-degree orbit at a fixed elevation.
model01212.mp4,A matte gray untextured architectural massing model stands on a plain white background as the camera completes a smooth 360-degree orbit at a fixed elevation.
model01641.mp4,A matte gray untextured architectural massing model stands on a plain white background as the camera completes a smooth 360-degree orbit at a fixed elevation.
model00328.mp4,A matte gray untextured architectural massing model stands on a plain white background as the camera completes a smooth 360-degree orbit at a fixed elevation.
model01094.mp4,A matte gray untextured architectural massing model stands on a plain white background as the camera completes a smooth 360-degree orbit at a fixed elevation.
model01062.mp4,A matte gray untextured architectural massing model stands on a plain white background as the camera completes a smooth 360-degree orbit at a fixed elevation.
model00673.mp4,A matte gray untextured architectural massing model stands on a plain white background as the camera completes a smooth 360-degree orbit at a fixed elevation.
model00823.mp4,A matte gray untextured architectural massing model stands on a plain white background as the camera completes a smooth 360-degree orbit at a fixed elevation.
model00187.mp4,A matte gray untextured architectural massing model stands on a plain white background as the camera completes a smooth 360-degree orbit at a fixed elevation.
model00649.mp4,A matte gray untextured architectural massing model stands on a plain white background as the camera completes a smooth 360-degree orbit at a fixed elevation.
model01861.mp4,A matte gray untextured architectural massing model stands on a plain white background as the camera completes a smooth 360-degree orbit at a fixed elevation.
model01455.mp4,A matte gray untextured architectural massing model stands on a plain white background as the camera completes a smooth 360-degree orbit at a fixed elevation.
model01184.mp4,A matte gray untextured architectural massing model stands on a plain white background as the camera completes a smooth 360-degree orbit at a fixed elevation.
model02203.mp4,A matte gray untextured architectural massing model stands on a plain white background as the camera completes a smooth 360-degree orbit at a fixed elevation.
model02056.mp4,A matte gray untextured architectural massing model stands on a plain white background as the camera completes a smooth 360-degree orbit at a fixed elevation.
model02137.mp4,A matte gray untextured architectural massing model stands on a plain white background as the camera completes a smooth 360-degree orbit at a fixed elevation.
model00437.mp4,A matte gray untextured architectural massing model stands on a plain white background as the camera completes a smooth 360-degree orbit at a fixed elevation.
model00903.mp4,A matte gray untextured architectural massing model stands on a plain white background as the camera completes a smooth 360-degree orbit at a fixed elevation.
model00496.mp4,A matte gray untextured architectural massing model stands on a plain white background as the camera completes a smooth 360-degree orbit at a fixed elevation.
model01950.mp4,A matte gray untextured architectural massing model stands on a plain white background as the camera completes a smooth 360-degree orbit at a fixed elevation.
model00888.mp4,A matte gray untextured architectural massing model stands on a plain white background as the camera completes a smooth 360-degree orbit at a fixed elevation.
model01248.mp4,A matte gray untextured architectural massing model stands on a plain white background as the camera completes a smooth 360-degree orbit at a fixed elevation.
model01626.mp4,A matte gray untextured architectural massing model stands on a plain white background as the camera completes a smooth 360-degree orbit at a fixed elevation.
model01662.mp4,A matte gray untextured architectural massing model stands on a plain white background as the camera completes a smooth 360-degree orbit at a fixed elevation.
model01187.mp4,A matte gray untextured architectural massing model stands on a plain white background as the camera completes a smooth 360-degree orbit at a fixed elevation.
model01545.mp4,A matte gray untextured architectural massing model stands on a plain white background as the camera completes a smooth 360-degree orbit at a fixed elevation.
model01890.mp4,A matte gray untextured architectural massing model stands on a plain white background as the camera completes a smooth 360-degree orbit at a fixed elevation.
model00490.mp4,A matte gray untextured architectural massing model stands on a plain white background as the camera completes a smooth 360-degree orbit at a fixed elevation.
model01919.mp4,A matte gray untextured architectural massing model stands on a plain white background as the camera completes a smooth 360-degree orbit at a fixed elevation.
model00166.mp4,A matte gray untextured architectural massing model stands on a plain white background as the camera completes a smooth 360-degree orbit at a fixed elevation.
model01087.mp4,A matte gray untextured architectural massing model stands on a plain white background as the camera completes a smooth 360-degree orbit at a fixed elevation.
model01488.mp4,A matte gray untextured architectural massing model stands on a plain white background as the camera completes a smooth 360-degree orbit at a fixed elevation.
model01253.mp4,A matte gray untextured architectural massing model stands on a plain white background as the camera completes a smooth 360-degree orbit at a fixed elevation.
model02217.mp4,A matte gray untextured architectural massing model stands on a plain white background as the camera completes a smooth 360-degree orbit at a fixed elevation.
model01902.mp4,A matte gray untextured architectural massing model stands on a plain white background as the camera completes a smooth 360-degree orbit at a fixed elevation.
model02151.mp4,A matte gray untextured architectural massing model stands on a plain white background as the camera completes a smooth 360-degree orbit at a fixed elevation.
model00594.mp4,A matte gray untextured architectural massing model stands on a plain white background as the camera completes a smooth 360-degree orbit at a fixed elevation.
model00991.mp4,A matte gray untextured architectural massing model stands on a plain white background as the camera completes a smooth 360-degree orbit at a fixed elevation.
model02211.mp4,A matte gray untextured architectural massing model stands on a plain white background as the camera completes a smooth 360-degree orbit at a fixed elevation.
model00232.mp4,A matte gray untextured architectural massing model stands on a plain white background as the camera completes a smooth 360-degree orbit at a fixed elevation.
model01482.mp4,A matte gray untextured architectural massing model stands on a plain white background as the camera completes a smooth 360-degree orbit at a fixed elevation.
model01752.mp4,A matte gray untextured architectural massing model stands on a plain white background as the camera completes a smooth 360-degree orbit at a fixed elevation.
model02280.mp4,A matte gray untextured architectural massing model stands on a plain white background as the camera completes a smooth 360-degree orbit at a fixed elevation.
model00615.mp4,A matte gray untextured architectural massing model stands on a plain white background as the camera completes a smooth 360-degree orbit at a fixed elevation.
model00497.mp4,A matte gray untextured architectural massing model stands on a plain white background as the camera completes a smooth 360-degree orbit at a fixed elevation.
model01021.mp4,A matte gray untextured architectural massing model stands on a plain white background as the camera completes a smooth 360-degree orbit at a fixed elevation.
model01721.mp4,A matte gray untextured architectural massing model stands on a plain white background as the camera completes a smooth 360-degree orbit at a fixed elevation.
model00967.mp4,A matte gray untextured architectural massing model stands on a plain white background as the camera completes a smooth 360-degree orbit at a fixed elevation.
model02017.mp4,A matte gray untextured architectural massing model stands on a plain white background as the camera completes a smooth 360-degree orbit at a fixed elevation.
model01443.mp4,A matte gray untextured architectural massing model stands on a plain white background as the camera completes a smooth 360-degree orbit at a fixed elevation.
model01771.mp4,A matte gray untextured architectural massing model stands on a plain white background as the camera completes a smooth 360-degree orbit at a fixed elevation.
model00947.mp4,A matte gray untextured architectural massing model stands on a plain white background as the camera completes a smooth 360-degree orbit at a fixed elevation.
model02040.mp4,A matte gray untextured architectural massing model stands on a plain white background as the camera completes a smooth 360-degree orbit at a fixed elevation.
model00233.mp4,A matte gray untextured architectural massing model stands on a plain white background as the camera completes a smooth 360-degree orbit at a fixed elevation.
model01102.mp4,A matte gray untextured architectural massing model stands on a plain white background as the camera completes a smooth 360-degree orbit at a fixed elevation.
model00285.mp4,A matte gray untextured architectural massing model stands on a plain white background as the camera completes a smooth 360-degree orbit at a fixed elevation.
model02035.mp4,A matte gray untextured architectural massing model stands on a plain white background as the camera completes a smooth 360-degree orbit at a fixed elevation.
model01111.mp4,A matte gray untextured architectural massing model stands on a plain white background as the camera completes a smooth 360-degree orbit at a fixed elevation.
model01718.mp4,A matte gray untextured architectural massing model stands on a plain white background as the camera completes a smooth 360-degree orbit at a fixed elevation.
model02285.mp4,A matte gray untextured architectural massing model stands on a plain white background as the camera completes a smooth 360-degree orbit at a fixed elevation.
model02043.mp4,A matte gray untextured architectural massing model stands on a plain white background as the camera completes a smooth 360-degree orbit at a fixed elevation.
model01361.mp4,A matte gray untextured architectural massing model stands on a plain white background as the camera completes a smooth 360-degree orbit at a fixed elevation.
model00755.mp4,A matte gray untextured architectural massing model stands on a plain white background as the camera completes a smooth 360-degree orbit at a fixed elevation.
model02051.mp4,A matte gray untextured architectural massing model stands on a plain white background as the camera completes a smooth 360-degree orbit at a fixed elevation.
model00899.mp4,A matte gray untextured architectural massing model stands on a plain white background as the camera completes a smooth 360-degree orbit at a fixed elevation.
model00850.mp4,A matte gray untextured architectural massing model stands on a plain white background as the camera completes a smooth 360-degree orbit at a fixed elevation.
model01269.mp4,A matte gray untextured architectural massing model stands on a plain white background as the camera completes a smooth 360-degree orbit at a fixed elevation.
model01285.mp4,A matte gray untextured architectural massing model stands on a plain white background as the camera completes a smooth 360-degree orbit at a fixed elevation.
model01779.mp4,A matte gray untextured architectural massing model stands on a plain white background as the camera completes a smooth 360-degree orbit at a fixed elevation.
model01338.mp4,A matte gray untextured architectural massing model stands on a plain white background as the camera completes a smooth 360-degree orbit at a fixed elevation.
model02228.mp4,A matte gray untextured architectural massing model stands on a plain white background as the camera completes a smooth 360-degree orbit at a fixed elevation.
model01190.mp4,A matte gray untextured architectural massing model stands on a plain white background as the camera completes a smooth 360-degree orbit at a fixed elevation.
model01090.mp4,A matte gray untextured architectural massing model stands on a plain white background as the camera completes a smooth 360-degree orbit at a fixed elevation.
model01085.mp4,A matte gray untextured architectural massing model stands on a plain white background as the camera completes a smooth 360-degree orbit at a fixed elevation.
model01325.mp4,A matte gray untextured architectural massing model stands on a plain white background as the camera completes a smooth 360-degree orbit at a fixed elevation.
model00520.mp4,A matte gray untextured architectural massing model stands on a plain white background as the camera completes a smooth 360-degree orbit at a fixed elevation.
model00654.mp4,A matte gray untextured architectural massing model stands on a plain white background as the camera completes a smooth 360-degree orbit at a fixed elevation.
model01235.mp4,A matte gray untextured architectural massing model stands on a plain white background as the camera completes a smooth 360-degree orbit at a fixed elevation.
model01512.mp4,A matte gray untextured architectural massing model stands on a plain white background as the camera completes a smooth 360-degree orbit at a fixed elevation.
model00261.mp4,A matte gray untextured architectural massing model stands on a plain white background as the camera completes a smooth 360-degree orbit at a fixed elevation.
model00242.mp4,A matte gray untextured architectural massing model stands on a plain white background as the camera completes a smooth 360-degree orbit at a fixed elevation.
model01172.mp4,A matte gray untextured architectural massing model stands on a plain white background as the camera completes a smooth 360-degree orbit at a fixed elevation.
model02223.mp4,A matte gray untextured architectural massing model stands on a plain white background as the camera completes a smooth 360-degree orbit at a fixed elevation.
model02038.mp4,A matte gray untextured architectural massing model stands on a plain white background as the camera completes a smooth 360-degree orbit at a fixed elevation.
model00395.mp4,A matte gray untextured architectural massing model stands on a plain white background as the camera completes a smooth 360-degree orbit at a fixed elevation.
model00474.mp4,A matte gray untextured architectural massing model stands on a plain white background as the camera completes a smooth 360-degree orbit at a fixed elevation.
model00157.mp4,A matte gray untextured architectural massing model stands on a plain white background as the camera completes a smooth 360-degree orbit at a fixed elevation.
model00709.mp4,A matte gray untextured architectural massing model stands on a plain white background as the camera completes a smooth 360-degree orbit at a fixed elevation.
model01695.mp4,A matte gray untextured architectural massing model stands on a plain white background as the camera completes a smooth 360-degree orbit at a fixed elevation.
model00958.mp4,A matte gray untextured architectural massing model stands on a plain white background as the camera completes a smooth 360-degree orbit at a fixed elevation.
model02230.mp4,A matte gray untextured architectural massing model stands on a plain white background as the camera completes a smooth 360-degree orbit at a fixed elevation.
model00664.mp4,A matte gray untextured architectural massing model stands on a plain white background as the camera completes a smooth 360-degree orbit at a fixed elevation.
model01916.mp4,A matte gray untextured architectural massing model stands on a plain white background as the camera completes a smooth 360-degree orbit at a fixed elevation.
model01464.mp4,A matte gray untextured architectural massing model stands on a plain white background as the camera completes a smooth 360-degree orbit at a fixed elevation.
model01459.mp4,A matte gray untextured architectural massing model stands on a plain white background as the camera completes a smooth 360-degree orbit at a fixed elevation.
model00847.mp4,A matte gray untextured architectural massing model stands on a plain white background as the camera completes a smooth 360-degree orbit at a fixed elevation.
model01417.mp4,A matte gray untextured architectural massing model stands on a plain white background as the camera completes a smooth 360-degree orbit at a fixed elevation.
model02133.mp4,A matte gray untextured architectural massing model stands on a plain white background as the camera completes a smooth 360-degree orbit at a fixed elevation.
model02316.mp4,A matte gray untextured architectural massing model stands on a plain white background as the camera completes a smooth 360-degree orbit at a fixed elevation.
model00029.mp4,A matte gray untextured architectural massing model stands on a plain white background as the camera completes a smooth 360-degree orbit at a fixed elevation.
model02063.mp4,A matte gray untextured architectural massing model stands on a plain white background as the camera completes a smooth 360-degree orbit at a fixed elevation.
model02156.mp4,A matte gray untextured architectural massing model stands on a plain white background as the camera completes a smooth 360-degree orbit at a fixed elevation.
model00796.mp4,A matte gray untextured architectural massing model stands on a plain white background as the camera completes a smooth 360-degree orbit at a fixed elevation.
model01685.mp4,A matte gray untextured architectural massing model stands on a plain white background as the camera completes a smooth 360-degree orbit at a fixed elevation.
model00330.mp4,A matte gray untextured architectural massing model stands on a plain white background as the camera completes a smooth 360-degree orbit at a fixed elevation.
model00780.mp4,A matte gray untextured architectural massing model stands on a plain white background as the camera completes a smooth 360-degree orbit at a fixed elevation.
model01788.mp4,A matte gray untextured architectural massing model stands on a plain white background as the camera completes a smooth 360-degree orbit at a fixed elevation.
model00404.mp4,A matte gray untextured architectural massing model stands on a plain white background as the camera completes a smooth 360-degree orbit at a fixed elevation.
model00175.mp4,A matte gray untextured architectural massing model stands on a plain white background as the camera completes a smooth 360-degree orbit at a fixed elevation.
model01513.mp4,A matte gray untextured architectural massing model stands on a plain white background as the camera completes a smooth 360-degree orbit at a fixed elevation.
model01571.mp4,A matte gray untextured architectural massing model stands on a plain white background as the camera completes a smooth 360-degree orbit at a fixed elevation.
model02005.mp4,A matte gray untextured architectural massing model stands on a plain white background as the camera completes a smooth 360-degree orbit at a fixed elevation.
model01652.mp4,A matte gray untextured architectural massing model stands on a plain white background as the camera completes a smooth 360-degree orbit at a fixed elevation.
model01366.mp4,A matte gray untextured architectural massing model stands on a plain white background as the camera completes a smooth 360-degree orbit at a fixed elevation.
model01377.mp4,A matte gray untextured architectural massing model stands on a plain white background as the camera completes a smooth 360-degree orbit at a fixed elevation.
model01849.mp4,A matte gray untextured architectural massing model stands on a plain white background as the camera completes a smooth 360-degree orbit at a fixed elevation.
model01245.mp4,A matte gray untextured architectural massing model stands on a plain white background as the camera completes a smooth 360-degree orbit at a fixed elevation.
model00171.mp4,A matte gray untextured architectural massing model stands on a plain white background as the camera completes a smooth 360-degree orbit at a fixed elevation.
model01084.mp4,A matte gray untextured architectural massing model stands on a plain white background as the camera completes a smooth 360-degree orbit at a fixed elevation.
model00346.mp4,A matte gray untextured architectural massing model stands on a plain white background as the camera completes a smooth 360-degree orbit at a fixed elevation.
model01263.mp4,A matte gray untextured architectural massing model stands on a plain white background as the camera completes a smooth 360-degree orbit at a fixed elevation.
model02096.mp4,A matte gray untextured architectural massing model stands on a plain white background as the camera completes a smooth 360-degree orbit at a fixed elevation.
model01962.mp4,A matte gray untextured architectural massing model stands on a plain white background as the camera completes a smooth 360-degree orbit at a fixed elevation.
model02171.mp4,A matte gray untextured architectural massing model stands on a plain white background as the camera completes a smooth 360-degree orbit at a fixed elevation.
model00344.mp4,A matte gray untextured architectural massing model stands on a plain white background as the camera completes a smooth 360-degree orbit at a fixed elevation.
model01888.mp4,A matte gray untextured architectural massing model stands on a plain white background as the camera completes a smooth 360-degree orbit at a fixed elevation.
model02196.mp4,A matte gray untextured architectural massing model stands on a plain white background as the camera completes a smooth 360-degree orbit at a fixed elevation.
model01880.mp4,A matte gray untextured architectural massing model stands on a plain white background as the camera completes a smooth 360-degree orbit at a fixed elevation.
model02339.mp4,A matte gray untextured architectural massing model stands on a plain white background as the camera completes a smooth 360-degree orbit at a fixed elevation.
model01007.mp4,A matte gray untextured architectural massing model stands on a plain white background as the camera completes a smooth 360-degree orbit at a fixed elevation.
model00225.mp4,A matte gray untextured architectural massing model stands on a plain white background as the camera completes a smooth 360-degree orbit at a fixed elevation.
model00217.mp4,A matte gray untextured architectural massing model stands on a plain white background as the camera completes a smooth 360-degree orbit at a fixed elevation.
model00866.mp4,A matte gray untextured architectural massing model stands on a plain white background as the camera completes a smooth 360-degree orbit at a fixed elevation.
model01301.mp4,A matte gray untextured architectural massing model stands on a plain white background as the camera completes a smooth 360-degree orbit at a fixed elevation.
model00086.mp4,A matte gray untextured architectural massing model stands on a plain white background as the camera completes a smooth 360-degree orbit at a fixed elevation.
model01091.mp4,A matte gray untextured architectural massing model stands on a plain white background as the camera completes a smooth 360-degree orbit at a fixed elevation.
model00455.mp4,A matte gray untextured architectural massing model stands on a plain white background as the camera completes a smooth 360-degree orbit at a fixed elevation.
model01645.mp4,A matte gray untextured architectural massing model stands on a plain white background as the camera completes a smooth 360-degree orbit at a fixed elevation.
model02220.mp4,A matte gray untextured architectural massing model stands on a plain white background as the camera completes a smooth 360-degree orbit at a fixed elevation.
model01866.mp4,A matte gray untextured architectural massing model stands on a plain white background as the camera completes a smooth 360-degree orbit at a fixed elevation.
model00818.mp4,A matte gray untextured architectural massing model stands on a plain white background as the camera completes a smooth 360-degree orbit at a fixed elevation.
model02258.mp4,A matte gray untextured architectural massing model stands on a plain white background as the camera completes a smooth 360-degree orbit at a fixed elevation.
model01998.mp4,A matte gray untextured architectural massing model stands on a plain white background as the camera completes a smooth 360-degree orbit at a fixed elevation.
model00854.mp4,A matte gray untextured architectural massing model stands on a plain white background as the camera completes a smooth 360-degree orbit at a fixed elevation.
model01720.mp4,A matte gray untextured architectural massing model stands on a plain white background as the camera completes a smooth 360-degree orbit at a fixed elevation.
model00138.mp4,A matte gray untextured architectural massing model stands on a plain white background as the camera completes a smooth 360-degree orbit at a fixed elevation.
model00842.mp4,A matte gray untextured architectural massing model stands on a plain white background as the camera completes a smooth 360-degree orbit at a fixed elevation.
model00905.mp4,A matte gray untextured architectural massing model stands on a plain white background as the camera completes a smooth 360-degree orbit at a fixed elevation.
model01865.mp4,A matte gray untextured architectural massing model stands on a plain white background as the camera completes a smooth 360-degree orbit at a fixed elevation.
model00993.mp4,A matte gray untextured architectural massing model stands on a plain white background as the camera completes a smooth 360-degree orbit at a fixed elevation.
model01095.mp4,A matte gray untextured architectural massing model stands on a plain white background as the camera completes a smooth 360-degree orbit at a fixed elevation.
model00270.mp4,A matte gray untextured architectural massing model stands on a plain white background as the camera completes a smooth 360-degree orbit at a fixed elevation.
model01624.mp4,A matte gray untextured architectural massing model stands on a plain white background as the camera completes a smooth 360-degree orbit at a fixed elevation.
model01054.mp4,A matte gray untextured architectural massing model stands on a plain white background as the camera completes a smooth 360-degree orbit at a fixed elevation.
model00785.mp4,A matte gray untextured architectural massing model stands on a plain white background as the camera completes a smooth 360-degree orbit at a fixed elevation.
model00608.mp4,A matte gray untextured architectural massing model stands on a plain white background as the camera completes a smooth 360-degree orbit at a fixed elevation.
model00012.mp4,A matte gray untextured architectural massing model stands on a plain white background as the camera completes a smooth 360-degree orbit at a fixed elevation.
model00800.mp4,A matte gray untextured architectural massing model stands on a plain white background as the camera completes a smooth 360-degree orbit at a fixed elevation.
model00766.mp4,A matte gray untextured architectural massing model stands on a plain white background as the camera completes a smooth 360-degree orbit at a fixed elevation.
model00007.mp4,A matte gray untextured architectural massing model stands on a plain white background as the camera completes a smooth 360-degree orbit at a fixed elevation.
model00940.mp4,A matte gray untextured architectural massing model stands on a plain white background as the camera completes a smooth 360-degree orbit at a fixed elevation.
model02184.mp4,A matte gray untextured architectural massing model stands on a plain white background as the camera completes a smooth 360-degree orbit at a fixed elevation.
model00961.mp4,A matte gray untextured architectural massing model stands on a plain white background as the camera completes a smooth 360-degree orbit at a fixed elevation.
model01491.mp4,A matte gray untextured architectural massing model stands on a plain white background as the camera completes a smooth 360-degree orbit at a fixed elevation.
model00617.mp4,A matte gray untextured architectural massing model stands on a plain white background as the camera completes a smooth 360-degree orbit at a fixed elevation.
model02259.mp4,A matte gray untextured architectural massing model stands on a plain white background as the camera completes a smooth 360-degree orbit at a fixed elevation.
model01086.mp4,A matte gray untextured architectural massing model stands on a plain white background as the camera completes a smooth 360-degree orbit at a fixed elevation.
model00331.mp4,A matte gray untextured architectural massing model stands on a plain white background as the camera completes a smooth 360-degree orbit at a fixed elevation.
model01692.mp4,A matte gray untextured architectural massing model stands on a plain white background as the camera completes a smooth 360-degree orbit at a fixed elevation.
model00694.mp4,A matte gray untextured architectural massing model stands on a plain white background as the camera completes a smooth 360-degree orbit at a fixed elevation.
model00363.mp4,A matte gray untextured architectural massing model stands on a plain white background as the camera completes a smooth 360-degree orbit at a fixed elevation.
model00196.mp4,A matte gray untextured architectural massing model stands on a plain white background as the camera completes a smooth 360-degree orbit at a fixed elevation.
model00364.mp4,A matte gray untextured architectural massing model stands on a plain white background as the camera completes a smooth 360-degree orbit at a fixed elevation.
model02251.mp4,A matte gray untextured architectural massing model stands on a plain white background as the camera completes a smooth 360-degree orbit at a fixed elevation.
model00327.mp4,A matte gray untextured architectural massing model stands on a plain white background as the camera completes a smooth 360-degree orbit at a fixed elevation.
model00543.mp4,A matte gray untextured architectural massing model stands on a plain white background as the camera completes a smooth 360-degree orbit at a fixed elevation.
model00408.mp4,A matte gray untextured architectural massing model stands on a plain white background as the camera completes a smooth 360-degree orbit at a fixed elevation.
model02315.mp4,A matte gray untextured architectural massing model stands on a plain white background as the camera completes a smooth 360-degree orbit at a fixed elevation.
model00682.mp4,A matte gray untextured architectural massing model stands on a plain white background as the camera completes a smooth 360-degree orbit at a fixed elevation.
model01799.mp4,A matte gray untextured architectural massing model stands on a plain white background as the camera completes a smooth 360-degree orbit at a fixed elevation.
model00920.mp4,A matte gray untextured architectural massing model stands on a plain white background as the camera completes a smooth 360-degree orbit at a fixed elevation.
model00801.mp4,A matte gray untextured architectural massing model stands on a plain white background as the camera completes a smooth 360-degree orbit at a fixed elevation.
model01736.mp4,A matte gray untextured architectural massing model stands on a plain white background as the camera completes a smooth 360-degree orbit at a fixed elevation.
model01168.mp4,A matte gray untextured architectural massing model stands on a plain white background as the camera completes a smooth 360-degree orbit at a fixed elevation.
model02065.mp4,A matte gray untextured architectural massing model stands on a plain white background as the camera completes a smooth 360-degree orbit at a fixed elevation.
model00531.mp4,A matte gray untextured architectural massing model stands on a plain white background as the camera completes a smooth 360-degree orbit at a fixed elevation.
model00500.mp4,A matte gray untextured architectural massing model stands on a plain white background as the camera completes a smooth 360-degree orbit at a fixed elevation.
model01003.mp4,A matte gray untextured architectural massing model stands on a plain white background as the camera completes a smooth 360-degree orbit at a fixed elevation.
model01144.mp4,A matte gray untextured architectural massing model stands on a plain white background as the camera completes a smooth 360-degree orbit at a fixed elevation.
model01011.mp4,A matte gray untextured architectural massing model stands on a plain white background as the camera completes a smooth 360-degree orbit at a fixed elevation.
model00427.mp4,A matte gray untextured architectural massing model stands on a plain white background as the camera completes a smooth 360-degree orbit at a fixed elevation.
model01735.mp4,A matte gray untextured architectural massing model stands on a plain white background as the camera completes a smooth 360-degree orbit at a fixed elevation.
model00107.mp4,A matte gray untextured architectural massing model stands on a plain white background as the camera completes a smooth 360-degree orbit at a fixed elevation.
model00628.mp4,A matte gray untextured architectural massing model stands on a plain white background as the camera completes a smooth 360-degree orbit at a fixed elevation.
model00015.mp4,A matte gray untextured architectural massing model stands on a plain white background as the camera completes a smooth 360-degree orbit at a fixed elevation.
model01201.mp4,A matte gray untextured architectural massing model stands on a plain white background as the camera completes a smooth 360-degree orbit at a fixed elevation.
model00391.mp4,A matte gray untextured architectural massing model stands on a plain white background as the camera completes a smooth 360-degree orbit at a fixed elevation.
model01320.mp4,A matte gray untextured architectural massing model stands on a plain white background as the camera completes a smooth 360-degree orbit at a fixed elevation.
model00018.mp4,A matte gray untextured architectural massing model stands on a plain white background as the camera completes a smooth 360-degree orbit at a fixed elevation.
model00197.mp4,A matte gray untextured architectural massing model stands on a plain white background as the camera completes a smooth 360-degree orbit at a fixed elevation.
model02139.mp4,A matte gray untextured architectural massing model stands on a plain white background as the camera completes a smooth 360-degree orbit at a fixed elevation.
model01812.mp4,A matte gray untextured architectural massing model stands on a plain white background as the camera completes a smooth 360-degree orbit at a fixed elevation.
model01424.mp4,A matte gray untextured architectural massing model stands on a plain white background as the camera completes a smooth 360-degree orbit at a fixed elevation.
model01218.mp4,A matte gray untextured architectural massing model stands on a plain white background as the camera completes a smooth 360-degree orbit at a fixed elevation.
model02128.mp4,A matte gray untextured architectural massing model stands on a plain white background as the camera completes a smooth 360-degree orbit at a fixed elevation.
model01625.mp4,A matte gray untextured architectural massing model stands on a plain white background as the camera completes a smooth 360-degree orbit at a fixed elevation.
model01958.mp4,A matte gray untextured architectural massing model stands on a plain white background as the camera completes a smooth 360-degree orbit at a fixed elevation.
model00272.mp4,A matte gray untextured architectural massing model stands on a plain white background as the camera completes a smooth 360-degree orbit at a fixed elevation.
model00094.mp4,A matte gray untextured architectural massing model stands on a plain white background as the camera completes a smooth 360-degree orbit at a fixed elevation.
model01847.mp4,A matte gray untextured architectural massing model stands on a plain white background as the camera completes a smooth 360-degree orbit at a fixed elevation.
model01913.mp4,A matte gray untextured architectural massing model stands on a plain white background as the camera completes a smooth 360-degree orbit at a fixed elevation.
model01401.mp4,A matte gray untextured architectural massing model stands on a plain white background as the camera completes a smooth 360-degree orbit at a fixed elevation.
model01816.mp4,A matte gray untextured architectural massing model stands on a plain white background as the camera completes a smooth 360-degree orbit at a fixed elevation.
model01509.mp4,A matte gray untextured architectural massing model stands on a plain white background as the camera completes a smooth 360-degree orbit at a fixed elevation.
model01567.mp4,A matte gray untextured architectural massing model stands on a plain white background as the camera completes a smooth 360-degree orbit at a fixed elevation.
model01315.mp4,A matte gray untextured architectural massing model stands on a plain white background as the camera completes a smooth 360-degree orbit at a fixed elevation.
model00118.mp4,A matte gray untextured architectural massing model stands on a plain white background as the camera completes a smooth 360-degree orbit at a fixed elevation.
model00616.mp4,A matte gray untextured architectural massing model stands on a plain white background as the camera completes a smooth 360-degree orbit at a fixed elevation.
model00067.mp4,A matte gray untextured architectural massing model stands on a plain white background as the camera completes a smooth 360-degree orbit at a fixed elevation.
model00243.mp4,A matte gray untextured architectural massing model stands on a plain white background as the camera completes a smooth 360-degree orbit at a fixed elevation.
model00023.mp4,A matte gray untextured architectural massing model stands on a plain white background as the camera completes a smooth 360-degree orbit at a fixed elevation.
model00834.mp4,A matte gray untextured architectural massing model stands on a plain white background as the camera completes a smooth 360-degree orbit at a fixed elevation.
model00515.mp4,A matte gray untextured architectural massing model stands on a plain white background as the camera completes a smooth 360-degree orbit at a fixed elevation.
model00789.mp4,A matte gray untextured architectural massing model stands on a plain white background as the camera completes a smooth 360-degree orbit at a fixed elevation.
model01795.mp4,A matte gray untextured architectural massing model stands on a plain white background as the camera completes a smooth 360-degree orbit at a fixed elevation.
model00024.mp4,A matte gray untextured architectural massing model stands on a plain white background as the camera completes a smooth 360-degree orbit at a fixed elevation.
model01533.mp4,A matte gray untextured architectural massing model stands on a plain white background as the camera completes a smooth 360-degree orbit at a fixed elevation.
model02044.mp4,A matte gray untextured architectural massing model stands on a plain white background as the camera completes a smooth 360-degree orbit at a fixed elevation.
model01986.mp4,A matte gray untextured architectural massing model stands on a plain white background as the camera completes a smooth 360-degree orbit at a fixed elevation.
model01646.mp4,A matte gray untextured architectural massing model stands on a plain white background as the camera completes a smooth 360-degree orbit at a fixed elevation.
model01029.mp4,A matte gray untextured architectural massing model stands on a plain white background as the camera completes a smooth 360-degree orbit at a fixed elevation.
model01837.mp4,A matte gray untextured architectural massing model stands on a plain white background as the camera completes a smooth 360-degree orbit at a fixed elevation.
model01147.mp4,A matte gray untextured architectural massing model stands on a plain white background as the camera completes a smooth 360-degree orbit at a fixed elevation.
model02292.mp4,A matte gray untextured architectural massing model stands on a plain white background as the camera completes a smooth 360-degree orbit at a fixed elevation.
model01703.mp4,A matte gray untextured architectural massing model stands on a plain white background as the camera completes a smooth 360-degree orbit at a fixed elevation.
model00716.mp4,A matte gray untextured architectural massing model stands on a plain white background as the camera completes a smooth 360-degree orbit at a fixed elevation.
model01453.mp4,A matte gray untextured architectural massing model stands on a plain white background as the camera completes a smooth 360-degree orbit at a fixed elevation.
model00173.mp4,A matte gray untextured architectural massing model stands on a plain white background as the camera completes a smooth 360-degree orbit at a fixed elevation.
model00471.mp4,A matte gray untextured architectural massing model stands on a plain white background as the camera completes a smooth 360-degree orbit at a fixed elevation.
model01036.mp4,A matte gray untextured architectural massing model stands on a plain white background as the camera completes a smooth 360-degree orbit at a fixed elevation.
model00374.mp4,A matte gray untextured architectural massing model stands on a plain white background as the camera completes a smooth 360-degree orbit at a fixed elevation.
model01807.mp4,A matte gray untextured architectural massing model stands on a plain white background as the camera completes a smooth 360-degree orbit at a fixed elevation.
model01761.mp4,A matte gray untextured architectural massing model stands on a plain white background as the camera completes a smooth 360-degree orbit at a fixed elevation.
model02154.mp4,A matte gray untextured architectural massing model stands on a plain white background as the camera completes a smooth 360-degree orbit at a fixed elevation.
model01347.mp4,A matte gray untextured architectural massing model stands on a plain white background as the camera completes a smooth 360-degree orbit at a fixed elevation.
model01505.mp4,A matte gray untextured architectural massing model stands on a plain white background as the camera completes a smooth 360-degree orbit at a fixed elevation.
model01440.mp4,A matte gray untextured architectural massing model stands on a plain white background as the camera completes a smooth 360-degree orbit at a fixed elevation.
model02201.mp4,A matte gray untextured architectural massing model stands on a plain white background as the camera completes a smooth 360-degree orbit at a fixed elevation.
model02066.mp4,A matte gray untextured architectural massing model stands on a plain white background as the camera completes a smooth 360-degree orbit at a fixed elevation.
model01048.mp4,A matte gray untextured architectural massing model stands on a plain white background as the camera completes a smooth 360-degree orbit at a fixed elevation.
model01523.mp4,A matte gray untextured architectural massing model stands on a plain white background as the camera completes a smooth 360-degree orbit at a fixed elevation.
model01907.mp4,A matte gray untextured architectural massing model stands on a plain white background as the camera completes a smooth 360-degree orbit at a fixed elevation.
model02168.mp4,A matte gray untextured architectural massing model stands on a plain white background as the camera completes a smooth 360-degree orbit at a fixed elevation.
model00241.mp4,A matte gray untextured architectural massing model stands on a plain white background as the camera completes a smooth 360-degree orbit at a fixed elevation.
model01928.mp4,A matte gray untextured architectural massing model stands on a plain white background as the camera completes a smooth 360-degree orbit at a fixed elevation.
model01629.mp4,A matte gray untextured architectural massing model stands on a plain white background as the camera completes a smooth 360-degree orbit at a fixed elevation.
model01800.mp4,A matte gray untextured architectural massing model stands on a plain white background as the camera completes a smooth 360-degree orbit at a fixed elevation.
model00441.mp4,A matte gray untextured architectural massing model stands on a plain white background as the camera completes a smooth 360-degree orbit at a fixed elevation.
model00897.mp4,A matte gray untextured architectural massing model stands on a plain white background as the camera completes a smooth 360-degree orbit at a fixed elevation.
model01904.mp4,A matte gray untextured architectural massing model stands on a plain white background as the camera completes a smooth 360-degree orbit at a fixed elevation.
model01408.mp4,A matte gray untextured architectural massing model stands on a plain white background as the camera completes a smooth 360-degree orbit at a fixed elevation.
model01295.mp4,A matte gray untextured architectural massing model stands on a plain white background as the camera completes a smooth 360-degree orbit at a fixed elevation.
model01653.mp4,A matte gray untextured architectural massing model stands on a plain white background as the camera completes a smooth 360-degree orbit at a fixed elevation.
model01165.mp4,A matte gray untextured architectural massing model stands on a plain white background as the camera completes a smooth 360-degree orbit at a fixed elevation.
model00069.mp4,A matte gray untextured architectural massing model stands on a plain white background as the camera completes a smooth 360-degree orbit at a fixed elevation.
model00597.mp4,A matte gray untextured architectural massing model stands on a plain white background as the camera completes a smooth 360-degree orbit at a fixed elevation.
model00370.mp4,A matte gray untextured architectural massing model stands on a plain white background as the camera completes a smooth 360-degree orbit at a fixed elevation.
model01153.mp4,A matte gray untextured architectural massing model stands on a plain white background as the camera completes a smooth 360-degree orbit at a fixed elevation.
model00031.mp4,A matte gray untextured architectural massing model stands on a plain white background as the camera completes a smooth 360-degree orbit at a fixed elevation.
model01575.mp4,A matte gray untextured architectural massing model stands on a plain white background as the camera completes a smooth 360-degree orbit at a fixed elevation.
model00277.mp4,A matte gray untextured architectural massing model stands on a plain white background as the camera completes a smooth 360-degree orbit at a fixed elevation.
model00554.mp4,A matte gray untextured architectural massing model stands on a plain white background as the camera completes a smooth 360-degree orbit at a fixed elevation.
model02301.mp4,A matte gray untextured architectural massing model stands on a plain white background as the camera completes a smooth 360-degree orbit at a fixed elevation.
model02103.mp4,A matte gray untextured architectural massing model stands on a plain white background as the camera completes a smooth 360-degree orbit at a fixed elevation.
model00266.mp4,A matte gray untextured architectural massing model stands on a plain white background as the camera completes a smooth 360-degree orbit at a fixed elevation.
model01729.mp4,A matte gray untextured architectural massing model stands on a plain white background as the camera completes a smooth 360-degree orbit at a fixed elevation.
model01027.mp4,A matte gray untextured architectural massing model stands on a plain white background as the camera completes a smooth 360-degree orbit at a fixed elevation.
model02041.mp4,A matte gray untextured architectural massing model stands on a plain white background as the camera completes a smooth 360-degree orbit at a fixed elevation.
model00017.mp4,A matte gray untextured architectural massing model stands on a plain white background as the camera completes a smooth 360-degree orbit at a fixed elevation.
model01671.mp4,A matte gray untextured architectural massing model stands on a plain white background as the camera completes a smooth 360-degree orbit at a fixed elevation.
model01934.mp4,A matte gray untextured architectural massing model stands on a plain white background as the camera completes a smooth 360-degree orbit at a fixed elevation.
model00852.mp4,A matte gray untextured architectural massing model stands on a plain white background as the camera completes a smooth 360-degree orbit at a fixed elevation.
model01878.mp4,A matte gray untextured architectural massing model stands on a plain white background as the camera completes a smooth 360-degree orbit at a fixed elevation.
model01535.mp4,A matte gray untextured architectural massing model stands on a plain white background as the camera completes a smooth 360-degree orbit at a fixed elevation.
model01877.mp4,A matte gray untextured architectural massing model stands on a plain white background as the camera completes a smooth 360-degree orbit at a fixed elevation.
model00972.mp4,A matte gray untextured architectural massing model stands on a plain white background as the camera completes a smooth 360-degree orbit at a fixed elevation.
model00516.mp4,A matte gray untextured architectural massing model stands on a plain white background as the camera completes a smooth 360-degree orbit at a fixed elevation.
model02033.mp4,A matte gray untextured architectural massing model stands on a plain white background as the camera completes a smooth 360-degree orbit at a fixed elevation.
model01431.mp4,A matte gray untextured architectural massing model stands on a plain white background as the camera completes a smooth 360-degree orbit at a fixed elevation.
model01018.mp4,A matte gray untextured architectural massing model stands on a plain white background as the camera completes a smooth 360-degree orbit at a fixed elevation.
model01191.mp4,A matte gray untextured architectural massing model stands on a plain white background as the camera completes a smooth 360-degree orbit at a fixed elevation.
model00117.mp4,A matte gray untextured architectural massing model stands on a plain white background as the camera completes a smooth 360-degree orbit at a fixed elevation.
model01792.mp4,A matte gray untextured architectural massing model stands on a plain white background as the camera completes a smooth 360-degree orbit at a fixed elevation.
model02180.mp4,A matte gray untextured architectural massing model stands on a plain white background as the camera completes a smooth 360-degree orbit at a fixed elevation.
model02234.mp4,A matte gray untextured architectural massing model stands on a plain white background as the camera completes a smooth 360-degree orbit at a fixed elevation.
model01559.mp4,A matte gray untextured architectural massing model stands on a plain white background as the camera completes a smooth 360-degree orbit at a fixed elevation.
model00696.mp4,A matte gray untextured architectural massing model stands on a plain white background as the camera completes a smooth 360-degree orbit at a fixed elevation.
model00860.mp4,A matte gray untextured architectural massing model stands on a plain white background as the camera completes a smooth 360-degree orbit at a fixed elevation.
model00406.mp4,A matte gray untextured architectural massing model stands on a plain white background as the camera completes a smooth 360-degree orbit at a fixed elevation.
model01899.mp4,A matte gray untextured architectural massing model stands on a plain white background as the camera completes a smooth 360-degree orbit at a fixed elevation.
model00019.mp4,A matte gray untextured architectural massing model stands on a plain white background as the camera completes a smooth 360-degree orbit at a fixed elevation.
model00600.mp4,A matte gray untextured architectural massing model stands on a plain white background as the camera completes a smooth 360-degree orbit at a fixed elevation.
model01490.mp4,A matte gray untextured architectural massing model stands on a plain white background as the camera completes a smooth 360-degree orbit at a fixed elevation.
model00833.mp4,A matte gray untextured architectural massing model stands on a plain white background as the camera completes a smooth 360-degree orbit at a fixed elevation.
model00240.mp4,A matte gray untextured architectural massing model stands on a plain white background as the camera completes a smooth 360-degree orbit at a fixed elevation.
model00805.mp4,A matte gray untextured architectural massing model stands on a plain white background as the camera completes a smooth 360-degree orbit at a fixed elevation.
model01642.mp4,A matte gray untextured architectural massing model stands on a plain white background as the camera completes a smooth 360-degree orbit at a fixed elevation.
model00369.mp4,A matte gray untextured architectural massing model stands on a plain white background as the camera completes a smooth 360-degree orbit at a fixed elevation.
model00321.mp4,A matte gray untextured architectural massing model stands on a plain white background as the camera completes a smooth 360-degree orbit at a fixed elevation.
model01323.mp4,A matte gray untextured architectural massing model stands on a plain white background as the camera completes a smooth 360-degree orbit at a fixed elevation.
model00134.mp4,A matte gray untextured architectural massing model stands on a plain white background as the camera completes a smooth 360-degree orbit at a fixed elevation.
model01906.mp4,A matte gray untextured architectural massing model stands on a plain white background as the camera completes a smooth 360-degree orbit at a fixed elevation.
model00884.mp4,A matte gray untextured architectural massing model stands on a plain white background as the camera completes a smooth 360-degree orbit at a fixed elevation.
model01354.mp4,A matte gray untextured architectural massing model stands on a plain white background as the camera completes a smooth 360-degree orbit at a fixed elevation.
model02101.mp4,A matte gray untextured architectural massing model stands on a plain white background as the camera completes a smooth 360-degree orbit at a fixed elevation.
model01435.mp4,A matte gray untextured architectural massing model stands on a plain white background as the camera completes a smooth 360-degree orbit at a fixed elevation.
model02163.mp4,A matte gray untextured architectural massing model stands on a plain white background as the camera completes a smooth 360-degree orbit at a fixed elevation.
model00776.mp4,A matte gray untextured architectural massing model stands on a plain white background as the camera completes a smooth 360-degree orbit at a fixed elevation.
model02218.mp4,A matte gray untextured architectural massing model stands on a plain white background as the camera completes a smooth 360-degree orbit at a fixed elevation.
model00740.mp4,A matte gray untextured architectural massing model stands on a plain white background as the camera completes a smooth 360-degree orbit at a fixed elevation.
model01967.mp4,A matte gray untextured architectural massing model stands on a plain white background as the camera completes a smooth 360-degree orbit at a fixed elevation.
model01039.mp4,A matte gray untextured architectural massing model stands on a plain white background as the camera completes a smooth 360-degree orbit at a fixed elevation.
model01715.mp4,A matte gray untextured architectural massing model stands on a plain white background as the camera completes a smooth 360-degree orbit at a fixed elevation.
model00213.mp4,A matte gray untextured architectural massing model stands on a plain white background as the camera completes a smooth 360-degree orbit at a fixed elevation.
model00625.mp4,A matte gray untextured architectural massing model stands on a plain white background as the camera completes a smooth 360-degree orbit at a fixed elevation.
model00551.mp4,A matte gray untextured architectural massing model stands on a plain white background as the camera completes a smooth 360-degree orbit at a fixed elevation.
model00312.mp4,A matte gray untextured architectural massing model stands on a plain white background as the camera completes a smooth 360-degree orbit at a fixed elevation.
model02248.mp4,A matte gray untextured architectural massing model stands on a plain white background as the camera completes a smooth 360-degree orbit at a fixed elevation.
model01722.mp4,A matte gray untextured architectural massing model stands on a plain white background as the camera completes a smooth 360-degree orbit at a fixed elevation.
model02061.mp4,A matte gray untextured architectural massing model stands on a plain white background as the camera completes a smooth 360-degree orbit at a fixed elevation.
model01871.mp4,A matte gray untextured architectural massing model stands on a plain white background as the camera completes a smooth 360-degree orbit at a fixed elevation.
model00683.mp4,A matte gray untextured architectural massing model stands on a plain white background as the camera completes a smooth 360-degree orbit at a fixed elevation.
model00373.mp4,A matte gray untextured architectural massing model stands on a plain white background as the camera completes a smooth 360-degree orbit at a fixed elevation.
model01516.mp4,A matte gray untextured architectural massing model stands on a plain white background as the camera completes a smooth 360-degree orbit at a fixed elevation.
model00994.mp4,A matte gray untextured architectural massing model stands on a plain white background as the camera completes a smooth 360-degree orbit at a fixed elevation.
model02337.mp4,A matte gray untextured architectural massing model stands on a plain white background as the camera completes a smooth 360-degree orbit at a fixed elevation.
model00184.mp4,A matte gray untextured architectural massing model stands on a plain white background as the camera completes a smooth 360-degree orbit at a fixed elevation.
model02141.mp4,A matte gray untextured architectural massing model stands on a plain white background as the camera completes a smooth 360-degree orbit at a fixed elevation.
model01423.mp4,A matte gray untextured architectural massing model stands on a plain white background as the camera completes a smooth 360-degree orbit at a fixed elevation.
model01232.mp4,A matte gray untextured architectural massing model stands on a plain white background as the camera completes a smooth 360-degree orbit at a fixed elevation.
model00316.mp4,A matte gray untextured architectural massing model stands on a plain white background as the camera completes a smooth 360-degree orbit at a fixed elevation.
model00436.mp4,A matte gray untextured architectural massing model stands on a plain white background as the camera completes a smooth 360-degree orbit at a fixed elevation.
model00097.mp4,A matte gray untextured architectural massing model stands on a plain white background as the camera completes a smooth 360-degree orbit at a fixed elevation.
model00303.mp4,A matte gray untextured architectural massing model stands on a plain white background as the camera completes a smooth 360-degree orbit at a fixed elevation.
model02195.mp4,A matte gray untextured architectural massing model stands on a plain white background as the camera completes a smooth 360-degree orbit at a fixed elevation.
model01307.mp4,A matte gray untextured architectural massing model stands on a plain white background as the camera completes a smooth 360-degree orbit at a fixed elevation.
model00297.mp4,A matte gray untextured architectural massing model stands on a plain white background as the camera completes a smooth 360-degree orbit at a fixed elevation.
model00777.mp4,A matte gray untextured architectural massing model stands on a plain white background as the camera completes a smooth 360-degree orbit at a fixed elevation.
model01076.mp4,A matte gray untextured architectural massing model stands on a plain white background as the camera completes a smooth 360-degree orbit at a fixed elevation.
model01410.mp4,A matte gray untextured architectural massing model stands on a plain white background as the camera completes a smooth 360-degree orbit at a fixed elevation.
model00541.mp4,A matte gray untextured architectural massing model stands on a plain white background as the camera completes a smooth 360-degree orbit at a fixed elevation.
model00294.mp4,A matte gray untextured architectural massing model stands on a plain white background as the camera completes a smooth 360-degree orbit at a fixed elevation.
model01633.mp4,A matte gray untextured architectural massing model stands on a plain white background as the camera completes a smooth 360-degree orbit at a fixed elevation.
model00174.mp4,A matte gray untextured architectural massing model stands on a plain white background as the camera completes a smooth 360-degree orbit at a fixed elevation.
model00269.mp4,A matte gray untextured architectural massing model stands on a plain white background as the camera completes a smooth 360-degree orbit at a fixed elevation.
model01373.mp4,A matte gray untextured architectural massing model stands on a plain white background as the camera completes a smooth 360-degree orbit at a fixed elevation.
model00228.mp4,A matte gray untextured architectural massing model stands on a plain white background as the camera completes a smooth 360-degree orbit at a fixed elevation.
model00164.mp4,A matte gray untextured architectural massing model stands on a plain white background as the camera completes a smooth 360-degree orbit at a fixed elevation.
model00547.mp4,A matte gray untextured architectural massing model stands on a plain white background as the camera completes a smooth 360-degree orbit at a fixed elevation.
model00065.mp4,A matte gray untextured architectural massing model stands on a plain white background as the camera completes a smooth 360-degree orbit at a fixed elevation.
model01070.mp4,A matte gray untextured architectural massing model stands on a plain white background as the camera completes a smooth 360-degree orbit at a fixed elevation.
model01341.mp4,A matte gray untextured architectural massing model stands on a plain white background as the camera completes a smooth 360-degree orbit at a fixed elevation.
model00931.mp4,A matte gray untextured architectural massing model stands on a plain white background as the camera completes a smooth 360-degree orbit at a fixed elevation.
model01859.mp4,A matte gray untextured architectural massing model stands on a plain white background as the camera completes a smooth 360-degree orbit at a fixed elevation.
model01644.mp4,A matte gray untextured architectural massing model stands on a plain white background as the camera completes a smooth 360-degree orbit at a fixed elevation.
model00974.mp4,A matte gray untextured architectural massing model stands on a plain white background as the camera completes a smooth 360-degree orbit at a fixed elevation.
model00589.mp4,A matte gray untextured architectural massing model stands on a plain white background as the camera completes a smooth 360-degree orbit at a fixed elevation.
model00465.mp4,A matte gray untextured architectural massing model stands on a plain white background as the camera completes a smooth 360-degree orbit at a fixed elevation.
model00491.mp4,A matte gray untextured architectural massing model stands on a plain white background as the camera completes a smooth 360-degree orbit at a fixed elevation.
model02212.mp4,A matte gray untextured architectural massing model stands on a plain white background as the camera completes a smooth 360-degree orbit at a fixed elevation.
model01683.mp4,A matte gray untextured architectural massing model stands on a plain white background as the camera completes a smooth 360-degree orbit at a fixed elevation.
model01402.mp4,A matte gray untextured architectural massing model stands on a plain white background as the camera completes a smooth 360-degree orbit at a fixed elevation.
model00799.mp4,A matte gray untextured architectural massing model stands on a plain white background as the camera completes a smooth 360-degree orbit at a fixed elevation.
model02097.mp4,A matte gray untextured architectural massing model stands on a plain white background as the camera completes a smooth 360-degree orbit at a fixed elevation.
model00883.mp4,A matte gray untextured architectural massing model stands on a plain white background as the camera completes a smooth 360-degree orbit at a fixed elevation.
model01595.mp4,A matte gray untextured architectural massing model stands on a plain white background as the camera completes a smooth 360-degree orbit at a fixed elevation.
model00738.mp4,A matte gray untextured architectural massing model stands on a plain white background as the camera completes a smooth 360-degree orbit at a fixed elevation.
model02293.mp4,A matte gray untextured architectural massing model stands on a plain white background as the camera completes a smooth 360-degree orbit at a fixed elevation.
model02303.mp4,A matte gray untextured architectural massing model stands on a plain white background as the camera completes a smooth 360-degree orbit at a fixed elevation.
model02068.mp4,A matte gray untextured architectural massing model stands on a plain white background as the camera completes a smooth 360-degree orbit at a fixed elevation.
model01399.mp4,A matte gray untextured architectural massing model stands on a plain white background as the camera completes a smooth 360-degree orbit at a fixed elevation.
model00986.mp4,A matte gray untextured architectural massing model stands on a plain white background as the camera completes a smooth 360-degree orbit at a fixed elevation.
model00701.mp4,A matte gray untextured architectural massing model stands on a plain white background as the camera completes a smooth 360-degree orbit at a fixed elevation.
model01841.mp4,A matte gray untextured architectural massing model stands on a plain white background as the camera completes a smooth 360-degree orbit at a fixed elevation.
model00042.mp4,A matte gray untextured architectural massing model stands on a plain white background as the camera completes a smooth 360-degree orbit at a fixed elevation.
model01138.mp4,A matte gray untextured architectural massing model stands on a plain white background as the camera completes a smooth 360-degree orbit at a fixed elevation.
model01406.mp4,A matte gray untextured architectural massing model stands on a plain white background as the camera completes a smooth 360-degree orbit at a fixed elevation.
model02119.mp4,A matte gray untextured architectural massing model stands on a plain white background as the camera completes a smooth 360-degree orbit at a fixed elevation.
model01993.mp4,A matte gray untextured architectural massing model stands on a plain white background as the camera completes a smooth 360-degree orbit at a fixed elevation.
model00949.mp4,A matte gray untextured architectural massing model stands on a plain white background as the camera completes a smooth 360-degree orbit at a fixed elevation.
model00733.mp4,A matte gray untextured architectural massing model stands on a plain white background as the camera completes a smooth 360-degree orbit at a fixed elevation.
model00155.mp4,A matte gray untextured architectural massing model stands on a plain white background as the camera completes a smooth 360-degree orbit at a fixed elevation.
model01648.mp4,A matte gray untextured architectural massing model stands on a plain white background as the camera completes a smooth 360-degree orbit at a fixed elevation.
model00688.mp4,A matte gray untextured architectural massing model stands on a plain white background as the camera completes a smooth 360-degree orbit at a fixed elevation.
model01141.mp4,A matte gray untextured architectural massing model stands on a plain white background as the camera completes a smooth 360-degree orbit at a fixed elevation.
model00143.mp4,A matte gray untextured architectural massing model stands on a plain white background as the camera completes a smooth 360-degree orbit at a fixed elevation.
model00485.mp4,A matte gray untextured architectural massing model stands on a plain white background as the camera completes a smooth 360-degree orbit at a fixed elevation.
model01002.mp4,A matte gray untextured architectural massing model stands on a plain white background as the camera completes a smooth 360-degree orbit at a fixed elevation.
model01583.mp4,A matte gray untextured architectural massing model stands on a plain white background as the camera completes a smooth 360-degree orbit at a fixed elevation.
model00498.mp4,A matte gray untextured architectural massing model stands on a plain white background as the camera completes a smooth 360-degree orbit at a fixed elevation.
model02256.mp4,A matte gray untextured architectural massing model stands on a plain white background as the camera completes a smooth 360-degree orbit at a fixed elevation.
model01277.mp4,A matte gray untextured architectural massing model stands on a plain white background as the camera completes a smooth 360-degree orbit at a fixed elevation.
model02191.mp4,A matte gray untextured architectural massing model stands on a plain white background as the camera completes a smooth 360-degree orbit at a fixed elevation.
model01889.mp4,A matte gray untextured architectural massing model stands on a plain white background as the camera completes a smooth 360-degree orbit at a fixed elevation.
model00348.mp4,A matte gray untextured architectural massing model stands on a plain white background as the camera completes a smooth 360-degree orbit at a fixed elevation.
model02328.mp4,A matte gray untextured architectural massing model stands on a plain white background as the camera completes a smooth 360-degree orbit at a fixed elevation.
model01418.mp4,A matte gray untextured architectural massing model stands on a plain white background as the camera completes a smooth 360-degree orbit at a fixed elevation.
model00816.mp4,A matte gray untextured architectural massing model stands on a plain white background as the camera completes a smooth 360-degree orbit at a fixed elevation.
model01012.mp4,A matte gray untextured architectural massing model stands on a plain white background as the camera completes a smooth 360-degree orbit at a fixed elevation.
model00564.mp4,A matte gray untextured architectural massing model stands on a plain white background as the camera completes a smooth 360-degree orbit at a fixed elevation.
model00477.mp4,A matte gray untextured architectural massing model stands on a plain white background as the camera completes a smooth 360-degree orbit at a fixed elevation.
model01684.mp4,A matte gray untextured architectural massing model stands on a plain white background as the camera completes a smooth 360-degree orbit at a fixed elevation.
model01457.mp4,A matte gray untextured architectural massing model stands on a plain white background as the camera completes a smooth 360-degree orbit at a fixed elevation.
model00379.mp4,A matte gray untextured architectural massing model stands on a plain white background as the camera completes a smooth 360-degree orbit at a fixed elevation.
model00569.mp4,A matte gray untextured architectural massing model stands on a plain white background as the camera completes a smooth 360-degree orbit at a fixed elevation.
model00062.mp4,A matte gray untextured architectural massing model stands on a plain white background as the camera completes a smooth 360-degree orbit at a fixed elevation.
model01115.mp4,A matte gray untextured architectural massing model stands on a plain white background as the camera completes a smooth 360-degree orbit at a fixed elevation.
model01074.mp4,A matte gray untextured architectural massing model stands on a plain white background as the camera completes a smooth 360-degree orbit at a fixed elevation.
model02054.mp4,A matte gray untextured architectural massing model stands on a plain white background as the camera completes a smooth 360-degree orbit at a fixed elevation.
model00878.mp4,A matte gray untextured architectural massing model stands on a plain white background as the camera completes a smooth 360-degree orbit at a fixed elevation.
model00476.mp4,A matte gray untextured architectural massing model stands on a plain white background as the camera completes a smooth 360-degree orbit at a fixed elevation.
model00072.mp4,A matte gray untextured architectural massing model stands on a plain white background as the camera completes a smooth 360-degree orbit at a fixed elevation.
model00231.mp4,A matte gray untextured architectural massing model stands on a plain white background as the camera completes a smooth 360-degree orbit at a fixed elevation.
model00186.mp4,A matte gray untextured architectural massing model stands on a plain white background as the camera completes a smooth 360-degree orbit at a fixed elevation.
model01609.mp4,A matte gray untextured architectural massing model stands on a plain white background as the camera completes a smooth 360-degree orbit at a fixed elevation.
model01066.mp4,A matte gray untextured architectural massing model stands on a plain white background as the camera completes a smooth 360-degree orbit at a fixed elevation.
model01477.mp4,A matte gray untextured architectural massing model stands on a plain white background as the camera completes a smooth 360-degree orbit at a fixed elevation.
model00413.mp4,A matte gray untextured architectural massing model stands on a plain white background as the camera completes a smooth 360-degree orbit at a fixed elevation.
model02157.mp4,A matte gray untextured architectural massing model stands on a plain white background as the camera completes a smooth 360-degree orbit at a fixed elevation.
model00936.mp4,A matte gray untextured architectural massing model stands on a plain white background as the camera completes a smooth 360-degree orbit at a fixed elevation.
model00291.mp4,A matte gray untextured architectural massing model stands on a plain white background as the camera completes a smooth 360-degree orbit at a fixed elevation.
model00637.mp4,A matte gray untextured architectural massing model stands on a plain white background as the camera completes a smooth 360-degree orbit at a fixed elevation.
model00917.mp4,A matte gray untextured architectural massing model stands on a plain white background as the camera completes a smooth 360-degree orbit at a fixed elevation.
model01793.mp4,A matte gray untextured architectural massing model stands on a plain white background as the camera completes a smooth 360-degree orbit at a fixed elevation.
model00632.mp4,A matte gray untextured architectural massing model stands on a plain white background as the camera completes a smooth 360-degree orbit at a fixed elevation.
model01702.mp4,A matte gray untextured architectural massing model stands on a plain white background as the camera completes a smooth 360-degree orbit at a fixed elevation.
model00236.mp4,A matte gray untextured architectural massing model stands on a plain white background as the camera completes a smooth 360-degree orbit at a fixed elevation.
model00123.mp4,A matte gray untextured architectural massing model stands on a plain white background as the camera completes a smooth 360-degree orbit at a fixed elevation.
model02236.mp4,A matte gray untextured architectural massing model stands on a plain white background as the camera completes a smooth 360-degree orbit at a fixed elevation.
model00758.mp4,A matte gray untextured architectural massing model stands on a plain white background as the camera completes a smooth 360-degree orbit at a fixed elevation.
model01843.mp4,A matte gray untextured architectural massing model stands on a plain white background as the camera completes a smooth 360-degree orbit at a fixed elevation.
model00577.mp4,A matte gray untextured architectural massing model stands on a plain white background as the camera completes a smooth 360-degree orbit at a fixed elevation.
model00894.mp4,A matte gray untextured architectural massing model stands on a plain white background as the camera completes a smooth 360-degree orbit at a fixed elevation.
model00803.mp4,A matte gray untextured architectural massing model stands on a plain white background as the camera completes a smooth 360-degree orbit at a fixed elevation.
model02270.mp4,A matte gray untextured architectural massing model stands on a plain white background as the camera completes a smooth 360-degree orbit at a fixed elevation.
model01080.mp4,A matte gray untextured architectural massing model stands on a plain white background as the camera completes a smooth 360-degree orbit at a fixed elevation.
model02272.mp4,A matte gray untextured architectural massing model stands on a plain white background as the camera completes a smooth 360-degree orbit at a fixed elevation.
model02179.mp4,A matte gray untextured architectural massing model stands on a plain white background as the camera completes a smooth 360-degree orbit at a fixed elevation.
model01441.mp4,A matte gray untextured architectural massing model stands on a plain white background as the camera completes a smooth 360-degree orbit at a fixed elevation.
model01028.mp4,A matte gray untextured architectural massing model stands on a plain white background as the camera completes a smooth 360-degree orbit at a fixed elevation.
model00802.mp4,A matte gray untextured architectural massing model stands on a plain white background as the camera completes a smooth 360-degree orbit at a fixed elevation.
model01031.mp4,A matte gray untextured architectural massing model stands on a plain white background as the camera completes a smooth 360-degree orbit at a fixed elevation.
model00405.mp4,A matte gray untextured architectural massing model stands on a plain white background as the camera completes a smooth 360-degree orbit at a fixed elevation.
model00020.mp4,A matte gray untextured architectural massing model stands on a plain white background as the camera completes a smooth 360-degree orbit at a fixed elevation.
model00290.mp4,A matte gray untextured architectural massing model stands on a plain white background as the camera completes a smooth 360-degree orbit at a fixed elevation.
model00934.mp4,A matte gray untextured architectural massing model stands on a plain white background as the camera completes a smooth 360-degree orbit at a fixed elevation.
model00946.mp4,A matte gray untextured architectural massing model stands on a plain white background as the camera completes a smooth 360-degree orbit at a fixed elevation.
model00956.mp4,A matte gray untextured architectural massing model stands on a plain white background as the camera completes a smooth 360-degree orbit at a fixed elevation.
model00410.mp4,A matte gray untextured architectural massing model stands on a plain white background as the camera completes a smooth 360-degree orbit at a fixed elevation.
model00584.mp4,A matte gray untextured architectural massing model stands on a plain white background as the camera completes a smooth 360-degree orbit at a fixed elevation.
model00399.mp4,A matte gray untextured architectural massing model stands on a plain white background as the camera completes a smooth 360-degree orbit at a fixed elevation.
model01526.mp4,A matte gray untextured architectural massing model stands on a plain white background as the camera completes a smooth 360-degree orbit at a fixed elevation.
model00906.mp4,A matte gray untextured architectural massing model stands on a plain white background as the camera completes a smooth 360-degree orbit at a fixed elevation.
model02336.mp4,A matte gray untextured architectural massing model stands on a plain white background as the camera completes a smooth 360-degree orbit at a fixed elevation.
model02167.mp4,A matte gray untextured architectural massing model stands on a plain white background as the camera completes a smooth 360-degree orbit at a fixed elevation.
model00519.mp4,A matte gray untextured architectural massing model stands on a plain white background as the camera completes a smooth 360-degree orbit at a fixed elevation.
model01211.mp4,A matte gray untextured architectural massing model stands on a plain white background as the camera completes a smooth 360-degree orbit at a fixed elevation.
model01613.mp4,A matte gray untextured architectural massing model stands on a plain white background as the camera completes a smooth 360-degree orbit at a fixed elevation.
model01475.mp4,A matte gray untextured architectural massing model stands on a plain white background as the camera completes a smooth 360-degree orbit at a fixed elevation.
model01063.mp4,A matte gray untextured architectural massing model stands on a plain white background as the camera completes a smooth 360-degree orbit at a fixed elevation.
model01260.mp4,A matte gray untextured architectural massing model stands on a plain white background as the camera completes a smooth 360-degree orbit at a fixed elevation.
model00076.mp4,A matte gray untextured architectural massing model stands on a plain white background as the camera completes a smooth 360-degree orbit at a fixed elevation.
model00797.mp4,A matte gray untextured architectural massing model stands on a plain white background as the camera completes a smooth 360-degree orbit at a fixed elevation.
model01238.mp4,A matte gray untextured architectural massing model stands on a plain white background as the camera completes a smooth 360-degree orbit at a fixed elevation.
model01719.mp4,A matte gray untextured architectural massing model stands on a plain white background as the camera completes a smooth 360-degree orbit at a fixed elevation.
model01445.mp4,A matte gray untextured architectural massing model stands on a plain white background as the camera completes a smooth 360-degree orbit at a fixed elevation.
model02273.mp4,A matte gray untextured architectural massing model stands on a plain white background as the camera completes a smooth 360-degree orbit at a fixed elevation.
model01343.mp4,A matte gray untextured architectural massing model stands on a plain white background as the camera completes a smooth 360-degree orbit at a fixed elevation.
model01024.mp4,A matte gray untextured architectural massing model stands on a plain white background as the camera completes a smooth 360-degree orbit at a fixed elevation.
model00140.mp4,A matte gray untextured architectural massing model stands on a plain white background as the camera completes a smooth 360-degree orbit at a fixed elevation.
model00670.mp4,A matte gray untextured architectural massing model stands on a plain white background as the camera completes a smooth 360-degree orbit at a fixed elevation.
model00729.mp4,A matte gray untextured architectural massing model stands on a plain white background as the camera completes a smooth 360-degree orbit at a fixed elevation.
model02321.mp4,A matte gray untextured architectural massing model stands on a plain white background as the camera completes a smooth 360-degree orbit at a fixed elevation.
model01590.mp4,A matte gray untextured architectural massing model stands on a plain white background as the camera completes a smooth 360-degree orbit at a fixed elevation.
model01903.mp4,A matte gray untextured architectural massing model stands on a plain white background as the camera completes a smooth 360-degree orbit at a fixed elevation.
model01386.mp4,A matte gray untextured architectural massing model stands on a plain white background as the camera completes a smooth 360-degree orbit at a fixed elevation.
model01804.mp4,A matte gray untextured architectural massing model stands on a plain white background as the camera completes a smooth 360-degree orbit at a fixed elevation.
model01989.mp4,A matte gray untextured architectural massing model stands on a plain white background as the camera completes a smooth 360-degree orbit at a fixed elevation.
model00912.mp4,A matte gray untextured architectural massing model stands on a plain white background as the camera completes a smooth 360-degree orbit at a fixed elevation.
model00933.mp4,A matte gray untextured architectural massing model stands on a plain white background as the camera completes a smooth 360-degree orbit at a fixed elevation.
model01553.mp4,A matte gray untextured architectural massing model stands on a plain white background as the camera completes a smooth 360-degree orbit at a fixed elevation.
model00656.mp4,A matte gray untextured architectural massing model stands on a plain white background as the camera completes a smooth 360-degree orbit at a fixed elevation.
model00710.mp4,A matte gray untextured architectural massing model stands on a plain white background as the camera completes a smooth 360-degree orbit at a fixed elevation.
model01971.mp4,A matte gray untextured architectural massing model stands on a plain white background as the camera completes a smooth 360-degree orbit at a fixed elevation.
model01966.mp4,A matte gray untextured architectural massing model stands on a plain white background as the camera completes a smooth 360-degree orbit at a fixed elevation.
model01700.mp4,A matte gray untextured architectural massing model stands on a plain white background as the camera completes a smooth 360-degree orbit at a fixed elevation.
model01124.mp4,A matte gray untextured architectural massing model stands on a plain white background as the camera completes a smooth 360-degree orbit at a fixed elevation.
model01223.mp4,A matte gray untextured architectural massing model stands on a plain white background as the camera completes a smooth 360-degree orbit at a fixed elevation.
model00040.mp4,A matte gray untextured architectural massing model stands on a plain white background as the camera completes a smooth 360-degree orbit at a fixed elevation.
model01495.mp4,A matte gray untextured architectural massing model stands on a plain white background as the camera completes a smooth 360-degree orbit at a fixed elevation.
model01485.mp4,A matte gray untextured architectural massing model stands on a plain white background as the camera completes a smooth 360-degree orbit at a fixed elevation.
model00082.mp4,A matte gray untextured architectural massing model stands on a plain white background as the camera completes a smooth 360-degree orbit at a fixed elevation.
model00102.mp4,A matte gray untextured architectural massing model stands on a plain white background as the camera completes a smooth 360-degree orbit at a fixed elevation.
model00944.mp4,A matte gray untextured architectural massing model stands on a plain white background as the camera completes a smooth 360-degree orbit at a fixed elevation.
model01632.mp4,A matte gray untextured architectural massing model stands on a plain white background as the camera completes a smooth 360-degree orbit at a fixed elevation.
model01831.mp4,A matte gray untextured architectural massing model stands on a plain white background as the camera completes a smooth 360-degree orbit at a fixed elevation.
model00224.mp4,A matte gray untextured architectural massing model stands on a plain white background as the camera completes a smooth 360-degree orbit at a fixed elevation.
model01261.mp4,A matte gray untextured architectural massing model stands on a plain white background as the camera completes a smooth 360-degree orbit at a fixed elevation.
model00772.mp4,A matte gray untextured architectural massing model stands on a plain white background as the camera completes a smooth 360-degree orbit at a fixed elevation.
model01985.mp4,A matte gray untextured architectural massing model stands on a plain white background as the camera completes a smooth 360-degree orbit at a fixed elevation.
model00820.mp4,A matte gray untextured architectural massing model stands on a plain white background as the camera completes a smooth 360-degree orbit at a fixed elevation.
model02240.mp4,A matte gray untextured architectural massing model stands on a plain white background as the camera completes a smooth 360-degree orbit at a fixed elevation.
model01416.mp4,A matte gray untextured architectural massing model stands on a plain white background as the camera completes a smooth 360-degree orbit at a fixed elevation.
model00512.mp4,A matte gray untextured architectural massing model stands on a plain white background as the camera completes a smooth 360-degree orbit at a fixed elevation.
model01724.mp4,A matte gray untextured architectural massing model stands on a plain white background as the camera completes a smooth 360-degree orbit at a fixed elevation.
model00653.mp4,A matte gray untextured architectural massing model stands on a plain white background as the camera completes a smooth 360-degree orbit at a fixed elevation.
model00837.mp4,A matte gray untextured architectural massing model stands on a plain white background as the camera completes a smooth 360-degree orbit at a fixed elevation.
model01392.mp4,A matte gray untextured architectural massing model stands on a plain white background as the camera completes a smooth 360-degree orbit at a fixed elevation.
model01429.mp4,A matte gray untextured architectural massing model stands on a plain white background as the camera completes a smooth 360-degree orbit at a fixed elevation.
model00954.mp4,A matte gray untextured architectural massing model stands on a plain white background as the camera completes a smooth 360-degree orbit at a fixed elevation.
model00534.mp4,A matte gray untextured architectural massing model stands on a plain white background as the camera completes a smooth 360-degree orbit at a fixed elevation.
model01079.mp4,A matte gray untextured architectural massing model stands on a plain white background as the camera completes a smooth 360-degree orbit at a fixed elevation.
model00787.mp4,A matte gray untextured architectural massing model stands on a plain white background as the camera completes a smooth 360-degree orbit at a fixed elevation.
model00047.mp4,A matte gray untextured architectural massing model stands on a plain white background as the camera completes a smooth 360-degree orbit at a fixed elevation.
model00099.mp4,A matte gray untextured architectural massing model stands on a plain white background as the camera completes a smooth 360-degree orbit at a fixed elevation.
model01909.mp4,A matte gray untextured architectural massing model stands on a plain white background as the camera completes a smooth 360-degree orbit at a fixed elevation.
model00627.mp4,A matte gray untextured architectural massing model stands on a plain white background as the camera completes a smooth 360-degree orbit at a fixed elevation.
model00289.mp4,A matte gray untextured architectural massing model stands on a plain white background as the camera completes a smooth 360-degree orbit at a fixed elevation.
model01716.mp4,A matte gray untextured architectural massing model stands on a plain white background as the camera completes a smooth 360-degree orbit at a fixed elevation.
model00804.mp4,A matte gray untextured architectural massing model stands on a plain white background as the camera completes a smooth 360-degree orbit at a fixed elevation.
model00846.mp4,A matte gray untextured architectural massing model stands on a plain white background as the camera completes a smooth 360-degree orbit at a fixed elevation.
model01817.mp4,A matte gray untextured architectural massing model stands on a plain white background as the camera completes a smooth 360-degree orbit at a fixed elevation.
model02266.mp4,A matte gray untextured architectural massing model stands on a plain white background as the camera completes a smooth 360-degree orbit at a fixed elevation.
model00181.mp4,A matte gray untextured architectural massing model stands on a plain white background as the camera completes a smooth 360-degree orbit at a fixed elevation.
model01306.mp4,A matte gray untextured architectural massing model stands on a plain white background as the camera completes a smooth 360-degree orbit at a fixed elevation.
model00911.mp4,A matte gray untextured architectural massing model stands on a plain white background as the camera completes a smooth 360-degree orbit at a fixed elevation.
model01747.mp4,A matte gray untextured architectural massing model stands on a plain white background as the camera completes a smooth 360-degree orbit at a fixed elevation.
model01511.mp4,A matte gray untextured architectural massing model stands on a plain white background as the camera completes a smooth 360-degree orbit at a fixed elevation.
model02284.mp4,A matte gray untextured architectural massing model stands on a plain white background as the camera completes a smooth 360-degree orbit at a fixed elevation.
model01281.mp4,A matte gray untextured architectural massing model stands on a plain white background as the camera completes a smooth 360-degree orbit at a fixed elevation.
model01498.mp4,A matte gray untextured architectural massing model stands on a plain white background as the camera completes a smooth 360-degree orbit at a fixed elevation.
model00146.mp4,A matte gray untextured architectural massing model stands on a plain white background as the camera completes a smooth 360-degree orbit at a fixed elevation.
model01317.mp4,A matte gray untextured architectural massing model stands on a plain white background as the camera completes a smooth 360-degree orbit at a fixed elevation.
model00794.mp4,A matte gray untextured architectural massing model stands on a plain white background as the camera completes a smooth 360-degree orbit at a fixed elevation.
model00038.mp4,A matte gray untextured architectural massing model stands on a plain white background as the camera completes a smooth 360-degree orbit at a fixed elevation.
model00567.mp4,A matte gray untextured architectural massing model stands on a plain white background as the camera completes a smooth 360-degree orbit at a fixed elevation.
model00492.mp4,A matte gray untextured architectural massing model stands on a plain white background as the camera completes a smooth 360-degree orbit at a fixed elevation.
model02308.mp4,A matte gray untextured architectural massing model stands on a plain white background as the camera completes a smooth 360-degree orbit at a fixed elevation.
model00779.mp4,A matte gray untextured architectural massing model stands on a plain white background as the camera completes a smooth 360-degree orbit at a fixed elevation.
model02286.mp4,A matte gray untextured architectural massing model stands on a plain white background as the camera completes a smooth 360-degree orbit at a fixed elevation.
model01055.mp4,A matte gray untextured architectural massing model stands on a plain white background as the camera completes a smooth 360-degree orbit at a fixed elevation.
model01554.mp4,A matte gray untextured architectural massing model stands on a plain white background as the camera completes a smooth 360-degree orbit at a fixed elevation.
model00101.mp4,A matte gray untextured architectural massing model stands on a plain white background as the camera completes a smooth 360-degree orbit at a fixed elevation.
model01246.mp4,A matte gray untextured architectural massing model stands on a plain white background as the camera completes a smooth 360-degree orbit at a fixed elevation.
model00319.mp4,A matte gray untextured architectural massing model stands on a plain white background as the camera completes a smooth 360-degree orbit at a fixed elevation.
model01574.mp4,A matte gray untextured architectural massing model stands on a plain white background as the camera completes a smooth 360-degree orbit at a fixed elevation.
model00423.mp4,A matte gray untextured architectural massing model stands on a plain white background as the camera completes a smooth 360-degree orbit at a fixed elevation.
model01071.mp4,A matte gray untextured architectural massing model stands on a plain white background as the camera completes a smooth 360-degree orbit at a fixed elevation.
model01775.mp4,A matte gray untextured architectural massing model stands on a plain white background as the camera completes a smooth 360-degree orbit at a fixed elevation.
model00574.mp4,A matte gray untextured architectural massing model stands on a plain white background as the camera completes a smooth 360-degree orbit at a fixed elevation.
model00298.mp4,A matte gray untextured architectural massing model stands on a plain white background as the camera completes a smooth 360-degree orbit at a fixed elevation.
model01266.mp4,A matte gray untextured architectural massing model stands on a plain white background as the camera completes a smooth 360-degree orbit at a fixed elevation.
model00021.mp4,A matte gray untextured architectural massing model stands on a plain white background as the camera completes a smooth 360-degree orbit at a fixed elevation.
model01456.mp4,A matte gray untextured architectural massing model stands on a plain white background as the camera completes a smooth 360-degree orbit at a fixed elevation.
model01167.mp4,A matte gray untextured architectural massing model stands on a plain white background as the camera completes a smooth 360-degree orbit at a fixed elevation.
model00859.mp4,A matte gray untextured architectural massing model stands on a plain white background as the camera completes a smooth 360-degree orbit at a fixed elevation.
model00739.mp4,A matte gray untextured architectural massing model stands on a plain white background as the camera completes a smooth 360-degree orbit at a fixed elevation.
model00930.mp4,A matte gray untextured architectural massing model stands on a plain white background as the camera completes a smooth 360-degree orbit at a fixed elevation.
model01312.mp4,A matte gray untextured architectural massing model stands on a plain white background as the camera completes a smooth 360-degree orbit at a fixed elevation.
model02082.mp4,A matte gray untextured architectural massing model stands on a plain white background as the camera completes a smooth 360-degree orbit at a fixed elevation.
model01016.mp4,A matte gray untextured architectural massing model stands on a plain white background as the camera completes a smooth 360-degree orbit at a fixed elevation.
model00760.mp4,A matte gray untextured architectural massing model stands on a plain white background as the camera completes a smooth 360-degree orbit at a fixed elevation.
model01942.mp4,A matte gray untextured architectural massing model stands on a plain white background as the camera completes a smooth 360-degree orbit at a fixed elevation.
model00057.mp4,A matte gray untextured architectural massing model stands on a plain white background as the camera completes a smooth 360-degree orbit at a fixed elevation.
model00937.mp4,A matte gray untextured architectural massing model stands on a plain white background as the camera completes a smooth 360-degree orbit at a fixed elevation.
model01134.mp4,A matte gray untextured architectural massing model stands on a plain white background as the camera completes a smooth 360-degree orbit at a fixed elevation.
model00092.mp4,A matte gray untextured architectural massing model stands on a plain white background as the camera completes a smooth 360-degree orbit at a fixed elevation.
model01599.mp4,A matte gray untextured architectural massing model stands on a plain white background as the camera completes a smooth 360-degree orbit at a fixed elevation.
model01042.mp4,A matte gray untextured architectural massing model stands on a plain white background as the camera completes a smooth 360-degree orbit at a fixed elevation.
model01125.mp4,A matte gray untextured architectural massing model stands on a plain white background as the camera completes a smooth 360-degree orbit at a fixed elevation.
model00382.mp4,A matte gray untextured architectural massing model stands on a plain white background as the camera completes a smooth 360-degree orbit at a fixed elevation.
model00347.mp4,A matte gray untextured architectural massing model stands on a plain white background as the camera completes a smooth 360-degree orbit at a fixed elevation.
model01143.mp4,A matte gray untextured architectural massing model stands on a plain white background as the camera completes a smooth 360-degree orbit at a fixed elevation.
model00573.mp4,A matte gray untextured architectural massing model stands on a plain white background as the camera completes a smooth 360-degree orbit at a fixed elevation.
model00470.mp4,A matte gray untextured architectural massing model stands on a plain white background as the camera completes a smooth 360-degree orbit at a fixed elevation.
model01628.mp4,A matte gray untextured architectural massing model stands on a plain white background as the camera completes a smooth 360-degree orbit at a fixed elevation.
model00282.mp4,A matte gray untextured architectural massing model stands on a plain white background as the camera completes a smooth 360-degree orbit at a fixed elevation.
model00311.mp4,A matte gray untextured architectural massing model stands on a plain white background as the camera completes a smooth 360-degree orbit at a fixed elevation.
model01099.mp4,A matte gray untextured architectural massing model stands on a plain white background as the camera completes a smooth 360-degree orbit at a fixed elevation.
model01328.mp4,A matte gray untextured architectural massing model stands on a plain white background as the camera completes a smooth 360-degree orbit at a fixed elevation.
model01630.mp4,A matte gray untextured architectural massing model stands on a plain white background as the camera completes a smooth 360-degree orbit at a fixed elevation.
model01681.mp4,A matte gray untextured architectural massing model stands on a plain white background as the camera completes a smooth 360-degree orbit at a fixed elevation.
model02098.mp4,A matte gray untextured architectural massing model stands on a plain white background as the camera completes a smooth 360-degree orbit at a fixed elevation.
model01901.mp4,A matte gray untextured architectural massing model stands on a plain white background as the camera completes a smooth 360-degree orbit at a fixed elevation.
model02178.mp4,A matte gray untextured architectural massing model stands on a plain white background as the camera completes a smooth 360-degree orbit at a fixed elevation.
model00874.mp4,A matte gray untextured architectural massing model stands on a plain white background as the camera completes a smooth 360-degree orbit at a fixed elevation.
model02092.mp4,A matte gray untextured architectural massing model stands on a plain white background as the camera completes a smooth 360-degree orbit at a fixed elevation.
model01462.mp4,A matte gray untextured architectural massing model stands on a plain white background as the camera completes a smooth 360-degree orbit at a fixed elevation.
model00904.mp4,A matte gray untextured architectural massing model stands on a plain white background as the camera completes a smooth 360-degree orbit at a fixed elevation.
model01614.mp4,A matte gray untextured architectural massing model stands on a plain white background as the camera completes a smooth 360-degree orbit at a fixed elevation.
model00306.mp4,A matte gray untextured architectural massing model stands on a plain white background as the camera completes a smooth 360-degree orbit at a fixed elevation.
model02170.mp4,A matte gray untextured architectural massing model stands on a plain white background as the camera completes a smooth 360-degree orbit at a fixed elevation.
model01762.mp4,A matte gray untextured architectural massing model stands on a plain white background as the camera completes a smooth 360-degree orbit at a fixed elevation.
model00989.mp4,A matte gray untextured architectural massing model stands on a plain white background as the camera completes a smooth 360-degree orbit at a fixed elevation.
model00041.mp4,A matte gray untextured architectural massing model stands on a plain white background as the camera completes a smooth 360-degree orbit at a fixed elevation.
model00932.mp4,A matte gray untextured architectural massing model stands on a plain white background as the camera completes a smooth 360-degree orbit at a fixed elevation.
model01388.mp4,A matte gray untextured architectural massing model stands on a plain white background as the camera completes a smooth 360-degree orbit at a fixed elevation.
model00719.mp4,A matte gray untextured architectural massing model stands on a plain white background as the camera completes a smooth 360-degree orbit at a fixed elevation.
model01922.mp4,A matte gray untextured architectural massing model stands on a plain white background as the camera completes a smooth 360-degree orbit at a fixed elevation.
model01996.mp4,A matte gray untextured architectural massing model stands on a plain white background as the camera completes a smooth 360-degree orbit at a fixed elevation.
model01565.mp4,A matte gray untextured architectural massing model stands on a plain white background as the camera completes a smooth 360-degree orbit at a fixed elevation.
model00563.mp4,A matte gray untextured architectural massing model stands on a plain white background as the camera completes a smooth 360-degree orbit at a fixed elevation.
model01707.mp4,A matte gray untextured architectural massing model stands on a plain white background as the camera completes a smooth 360-degree orbit at a fixed elevation.
model01974.mp4,A matte gray untextured architectural massing model stands on a plain white background as the camera completes a smooth 360-degree orbit at a fixed elevation.
model02000.mp4,A matte gray untextured architectural massing model stands on a plain white background as the camera completes a smooth 360-degree orbit at a fixed elevation.
model01200.mp4,A matte gray untextured architectural massing model stands on a plain white background as the camera completes a smooth 360-degree orbit at a fixed elevation.
model00245.mp4,A matte gray untextured architectural massing model stands on a plain white background as the camera completes a smooth 360-degree orbit at a fixed elevation.
model00368.mp4,A matte gray untextured architectural massing model stands on a plain white background as the camera completes a smooth 360-degree orbit at a fixed elevation.
model01438.mp4,A matte gray untextured architectural massing model stands on a plain white background as the camera completes a smooth 360-degree orbit at a fixed elevation.
model00951.mp4,A matte gray untextured architectural massing model stands on a plain white background as the camera completes a smooth 360-degree orbit at a fixed elevation.
model00618.mp4,A matte gray untextured architectural massing model stands on a plain white background as the camera completes a smooth 360-degree orbit at a fixed elevation.
model02118.mp4,A matte gray untextured architectural massing model stands on a plain white background as the camera completes a smooth 360-degree orbit at a fixed elevation.
model00769.mp4,A matte gray untextured architectural massing model stands on a plain white background as the camera completes a smooth 360-degree orbit at a fixed elevation.
model00987.mp4,A matte gray untextured architectural massing model stands on a plain white background as the camera completes a smooth 360-degree orbit at a fixed elevation.
model00172.mp4,A matte gray untextured architectural massing model stands on a plain white background as the camera completes a smooth 360-degree orbit at a fixed elevation.
model01786.mp4,A matte gray untextured architectural massing model stands on a plain white background as the camera completes a smooth 360-degree orbit at a fixed elevation.
model00538.mp4,A matte gray untextured architectural massing model stands on a plain white background as the camera completes a smooth 360-degree orbit at a fixed elevation.
model00199.mp4,A matte gray untextured architectural massing model stands on a plain white background as the camera completes a smooth 360-degree orbit at a fixed elevation.
model02116.mp4,A matte gray untextured architectural massing model stands on a plain white background as the camera completes a smooth 360-degree orbit at a fixed elevation.
model00829.mp4,A matte gray untextured architectural massing model stands on a plain white background as the camera completes a smooth 360-degree orbit at a fixed elevation.
model00844.mp4,A matte gray untextured architectural massing model stands on a plain white background as the camera completes a smooth 360-degree orbit at a fixed elevation.
model01411.mp4,A matte gray untextured architectural massing model stands on a plain white background as the camera completes a smooth 360-degree orbit at a fixed elevation.
model01046.mp4,A matte gray untextured architectural massing model stands on a plain white background as the camera completes a smooth 360-degree orbit at a fixed elevation.
model02340.mp4,A matte gray untextured architectural massing model stands on a plain white background as the camera completes a smooth 360-degree orbit at a fixed elevation.
model00254.mp4,A matte gray untextured architectural massing model stands on a plain white background as the camera completes a smooth 360-degree orbit at a fixed elevation.
model00341.mp4,A matte gray untextured architectural massing model stands on a plain white background as the camera completes a smooth 360-degree orbit at a fixed elevation.
model01359.mp4,A matte gray untextured architectural massing model stands on a plain white background as the camera completes a smooth 360-degree orbit at a fixed elevation.
model00952.mp4,A matte gray untextured architectural massing model stands on a plain white background as the camera completes a smooth 360-degree orbit at a fixed elevation.
model00604.mp4,A matte gray untextured architectural massing model stands on a plain white background as the camera completes a smooth 360-degree orbit at a fixed elevation.
model00620.mp4,A matte gray untextured architectural massing model stands on a plain white background as the camera completes a smooth 360-degree orbit at a fixed elevation.
model00711.mp4,A matte gray untextured architectural massing model stands on a plain white background as the camera completes a smooth 360-degree orbit at a fixed elevation.
model02053.mp4,A matte gray untextured architectural massing model stands on a plain white background as the camera completes a smooth 360-degree orbit at a fixed elevation.
model00918.mp4,A matte gray untextured architectural massing model stands on a plain white background as the camera completes a smooth 360-degree orbit at a fixed elevation.
model01284.mp4,A matte gray untextured architectural massing model stands on a plain white background as the camera completes a smooth 360-degree orbit at a fixed elevation.
model00176.mp4,A matte gray untextured architectural massing model stands on a plain white background as the camera completes a smooth 360-degree orbit at a fixed elevation.
model01210.mp4,A matte gray untextured architectural massing model stands on a plain white background as the camera completes a smooth 360-degree orbit at a fixed elevation.
model00416.mp4,A matte gray untextured architectural massing model stands on a plain white background as the camera completes a smooth 360-degree orbit at a fixed elevation.
model01415.mp4,A matte gray untextured architectural massing model stands on a plain white background as the camera completes a smooth 360-degree orbit at a fixed elevation.
model00902.mp4,A matte gray untextured architectural massing model stands on a plain white background as the camera completes a smooth 360-degree orbit at a fixed elevation.
model01860.mp4,A matte gray untextured architectural massing model stands on a plain white background as the camera completes a smooth 360-degree orbit at a fixed elevation.
model01955.mp4,A matte gray untextured architectural massing model stands on a plain white background as the camera completes a smooth 360-degree orbit at a fixed elevation.
model01603.mp4,A matte gray untextured architectural massing model stands on a plain white background as the camera completes a smooth 360-degree orbit at a fixed elevation.
model01528.mp4,A matte gray untextured architectural massing model stands on a plain white background as the camera completes a smooth 360-degree orbit at a fixed elevation.
model01725.mp4,A matte gray untextured architectural massing model stands on a plain white background as the camera completes a smooth 360-degree orbit at a fixed elevation.
model01618.mp4,A matte gray untextured architectural massing model stands on a plain white background as the camera completes a smooth 360-degree orbit at a fixed elevation.
model00923.mp4,A matte gray untextured architectural massing model stands on a plain white background as the camera completes a smooth 360-degree orbit at a fixed elevation.
model00136.mp4,A matte gray untextured architectural massing model stands on a plain white background as the camera completes a smooth 360-degree orbit at a fixed elevation.
model02311.mp4,A matte gray untextured architectural massing model stands on a plain white background as the camera completes a smooth 360-degree orbit at a fixed elevation.
model00083.mp4,A matte gray untextured architectural massing model stands on a plain white background as the camera completes a smooth 360-degree orbit at a fixed elevation.
model00365.mp4,A matte gray untextured architectural massing model stands on a plain white background as the camera completes a smooth 360-degree orbit at a fixed elevation.
model01939.mp4,A matte gray untextured architectural massing model stands on a plain white background as the camera completes a smooth 360-degree orbit at a fixed elevation.
model02108.mp4,A matte gray untextured architectural massing model stands on a plain white background as the camera completes a smooth 360-degree orbit at a fixed elevation.
model01951.mp4,A matte gray untextured architectural massing model stands on a plain white background as the camera completes a smooth 360-degree orbit at a fixed elevation.
model01811.mp4,A matte gray untextured architectural massing model stands on a plain white background as the camera completes a smooth 360-degree orbit at a fixed elevation.
model00557.mp4,A matte gray untextured architectural massing model stands on a plain white background as the camera completes a smooth 360-degree orbit at a fixed elevation.
model01741.mp4,A matte gray untextured architectural massing model stands on a plain white background as the camera completes a smooth 360-degree orbit at a fixed elevation.
model00765.mp4,A matte gray untextured architectural massing model stands on a plain white background as the camera completes a smooth 360-degree orbit at a fixed elevation.
model00841.mp4,A matte gray untextured architectural massing model stands on a plain white background as the camera completes a smooth 360-degree orbit at a fixed elevation.
model01025.mp4,A matte gray untextured architectural massing model stands on a plain white background as the camera completes a smooth 360-degree orbit at a fixed elevation.
model01503.mp4,A matte gray untextured architectural massing model stands on a plain white background as the camera completes a smooth 360-degree orbit at a fixed elevation.
model00549.mp4,A matte gray untextured architectural massing model stands on a plain white background as the camera completes a smooth 360-degree orbit at a fixed elevation.
model02120.mp4,A matte gray untextured architectural massing model stands on a plain white background as the camera completes a smooth 360-degree orbit at a fixed elevation.
model01118.mp4,A matte gray untextured architectural massing model stands on a plain white background as the camera completes a smooth 360-degree orbit at a fixed elevation.
model00647.mp4,A matte gray untextured architectural massing model stands on a plain white background as the camera completes a smooth 360-degree orbit at a fixed elevation.
model00265.mp4,A matte gray untextured architectural massing model stands on a plain white background as the camera completes a smooth 360-degree orbit at a fixed elevation.
model00544.mp4,A matte gray untextured architectural massing model stands on a plain white background as the camera completes a smooth 360-degree orbit at a fixed elevation.
model01893.mp4,A matte gray untextured architectural massing model stands on a plain white background as the camera completes a smooth 360-degree orbit at a fixed elevation.
model00098.mp4,A matte gray untextured architectural massing model stands on a plain white background as the camera completes a smooth 360-degree orbit at a fixed elevation.
model00401.mp4,A matte gray untextured architectural massing model stands on a plain white background as the camera completes a smooth 360-degree orbit at a fixed elevation.
model00292.mp4,A matte gray untextured architectural massing model stands on a plain white background as the camera completes a smooth 360-degree orbit at a fixed elevation.
model00133.mp4,A matte gray untextured architectural massing model stands on a plain white background as the camera completes a smooth 360-degree orbit at a fixed elevation.
model01474.mp4,A matte gray untextured architectural massing model stands on a plain white background as the camera completes a smooth 360-degree orbit at a fixed elevation.
model01739.mp4,A matte gray untextured architectural massing model stands on a plain white background as the camera completes a smooth 360-degree orbit at a fixed elevation.
model01612.mp4,A matte gray untextured architectural massing model stands on a plain white background as the camera completes a smooth 360-degree orbit at a fixed elevation.
model01615.mp4,A matte gray untextured architectural massing model stands on a plain white background as the camera completes a smooth 360-degree orbit at a fixed elevation.
model01346.mp4,A matte gray untextured architectural massing model stands on a plain white background as the camera completes a smooth 360-degree orbit at a fixed elevation.
model02229.mp4,A matte gray untextured architectural massing model stands on a plain white background as the camera completes a smooth 360-degree orbit at a fixed elevation.
model00396.mp4,A matte gray untextured architectural massing model stands on a plain white background as the camera completes a smooth 360-degree orbit at a fixed elevation.
model01669.mp4,A matte gray untextured architectural massing model stands on a plain white background as the camera completes a smooth 360-degree orbit at a fixed elevation.
model02105.mp4,A matte gray untextured architectural massing model stands on a plain white background as the camera completes a smooth 360-degree orbit at a fixed elevation.
model00885.mp4,A matte gray untextured architectural massing model stands on a plain white background as the camera completes a smooth 360-degree orbit at a fixed elevation.
model02165.mp4,A matte gray untextured architectural massing model stands on a plain white background as the camera completes a smooth 360-degree orbit at a fixed elevation.
model01850.mp4,A matte gray untextured architectural massing model stands on a plain white background as the camera completes a smooth 360-degree orbit at a fixed elevation.
model00767.mp4,A matte gray untextured architectural massing model stands on a plain white background as the camera completes a smooth 360-degree orbit at a fixed elevation.
model00736.mp4,A matte gray untextured architectural massing model stands on a plain white background as the camera completes a smooth 360-degree orbit at a fixed elevation.
model00443.mp4,A matte gray untextured architectural massing model stands on a plain white background as the camera completes a smooth 360-degree orbit at a fixed elevation.
model01166.mp4,A matte gray untextured architectural massing model stands on a plain white background as the camera completes a smooth 360-degree orbit at a fixed elevation.
model01933.mp4,A matte gray untextured architectural massing model stands on a plain white background as the camera completes a smooth 360-degree orbit at a fixed elevation.
model01808.mp4,A matte gray untextured architectural massing model stands on a plain white background as the camera completes a smooth 360-degree orbit at a fixed elevation.
model01839.mp4,A matte gray untextured architectural massing model stands on a plain white background as the camera completes a smooth 360-degree orbit at a fixed elevation.
model00536.mp4,A matte gray untextured architectural massing model stands on a plain white background as the camera completes a smooth 360-degree orbit at a fixed elevation.
model02161.mp4,A matte gray untextured architectural massing model stands on a plain white background as the camera completes a smooth 360-degree orbit at a fixed elevation.
model00418.mp4,A matte gray untextured architectural massing model stands on a plain white background as the camera completes a smooth 360-degree orbit at a fixed elevation.
model02036.mp4,A matte gray untextured architectural massing model stands on a plain white background as the camera completes a smooth 360-degree orbit at a fixed elevation.
model01129.mp4,A matte gray untextured architectural massing model stands on a plain white background as the camera completes a smooth 360-degree orbit at a fixed elevation.
model01726.mp4,A matte gray untextured architectural massing model stands on a plain white background as the camera completes a smooth 360-degree orbit at a fixed elevation.
model01649.mp4,A matte gray untextured architectural massing model stands on a plain white background as the camera completes a smooth 360-degree orbit at a fixed elevation.
model01558.mp4,A matte gray untextured architectural massing model stands on a plain white background as the camera completes a smooth 360-degree orbit at a fixed elevation.
model01698.mp4,A matte gray untextured architectural massing model stands on a plain white background as the camera completes a smooth 360-degree orbit at a fixed elevation.
model00208.mp4,A matte gray untextured architectural massing model stands on a plain white background as the camera completes a smooth 360-degree orbit at a fixed elevation.
model01805.mp4,A matte gray untextured architectural massing model stands on a plain white background as the camera completes a smooth 360-degree orbit at a fixed elevation.
model01077.mp4,A matte gray untextured architectural massing model stands on a plain white background as the camera completes a smooth 360-degree orbit at a fixed elevation.
model02341.mp4,A matte gray untextured architectural massing model stands on a plain white background as the camera completes a smooth 360-degree orbit at a fixed elevation.
model01569.mp4,A matte gray untextured architectural massing model stands on a plain white background as the camera completes a smooth 360-degree orbit at a fixed elevation.
model01439.mp4,A matte gray untextured architectural massing model stands on a plain white background as the camera completes a smooth 360-degree orbit at a fixed elevation.
model01781.mp4,A matte gray untextured architectural massing model stands on a plain white background as the camera completes a smooth 360-degree orbit at a fixed elevation.
model01059.mp4,A matte gray untextured architectural massing model stands on a plain white background as the camera completes a smooth 360-degree orbit at a fixed elevation.
model01977.mp4,A matte gray untextured architectural massing model stands on a plain white background as the camera completes a smooth 360-degree orbit at a fixed elevation.
model00596.mp4,A matte gray untextured architectural massing model stands on a plain white background as the camera completes a smooth 360-degree orbit at a fixed elevation.
model01322.mp4,A matte gray untextured architectural massing model stands on a plain white background as the camera completes a smooth 360-degree orbit at a fixed elevation.
model01708.mp4,A matte gray untextured architectural massing model stands on a plain white background as the camera completes a smooth 360-degree orbit at a fixed elevation.
model01712.mp4,A matte gray untextured architectural massing model stands on a plain white background as the camera completes a smooth 360-degree orbit at a fixed elevation.
model01161.mp4,A matte gray untextured architectural massing model stands on a plain white background as the camera completes a smooth 360-degree orbit at a fixed elevation.
model01938.mp4,A matte gray untextured architectural massing model stands on a plain white background as the camera completes a smooth 360-degree orbit at a fixed elevation.
model02327.mp4,A matte gray untextured architectural massing model stands on a plain white background as the camera completes a smooth 360-degree orbit at a fixed elevation.
model01015.mp4,A matte gray untextured architectural massing model stands on a plain white background as the camera completes a smooth 360-degree orbit at a fixed elevation.
model00601.mp4,A matte gray untextured architectural massing model stands on a plain white background as the camera completes a smooth 360-degree orbit at a fixed elevation.
model01529.mp4,A matte gray untextured architectural massing model stands on a plain white background as the camera completes a smooth 360-degree orbit at a fixed elevation.
model00700.mp4,A matte gray untextured architectural massing model stands on a plain white background as the camera completes a smooth 360-degree orbit at a fixed elevation.
model00555.mp4,A matte gray untextured architectural massing model stands on a plain white background as the camera completes a smooth 360-degree orbit at a fixed elevation.
model00252.mp4,A matte gray untextured architectural massing model stands on a plain white background as the camera completes a smooth 360-degree orbit at a fixed elevation.
model00467.mp4,A matte gray untextured architectural massing model stands on a plain white background as the camera completes a smooth 360-degree orbit at a fixed elevation.
model01268.mp4,A matte gray untextured architectural massing model stands on a plain white background as the camera completes a smooth 360-degree orbit at a fixed elevation.
model01733.mp4,A matte gray untextured architectural massing model stands on a plain white background as the camera completes a smooth 360-degree orbit at a fixed elevation.
model02278.mp4,A matte gray untextured architectural massing model stands on a plain white background as the camera completes a smooth 360-degree orbit at a fixed elevation.
model00320.mp4,A matte gray untextured architectural massing model stands on a plain white background as the camera completes a smooth 360-degree orbit at a fixed elevation.
model00229.mp4,A matte gray untextured architectural massing model stands on a plain white background as the camera completes a smooth 360-degree orbit at a fixed elevation.
model00071.mp4,A matte gray untextured architectural massing model stands on a plain white background as the camera completes a smooth 360-degree orbit at a fixed elevation.
model00034.mp4,A matte gray untextured architectural massing model stands on a plain white background as the camera completes a smooth 360-degree orbit at a fixed elevation.
model02288.mp4,A matte gray untextured architectural massing model stands on a plain white background as the camera completes a smooth 360-degree orbit at a fixed elevation.
model00503.mp4,A matte gray untextured architectural massing model stands on a plain white background as the camera completes a smooth 360-degree orbit at a fixed elevation.
model01179.mp4,A matte gray untextured architectural massing model stands on a plain white background as the camera completes a smooth 360-degree orbit at a fixed elevation.
model00353.mp4,A matte gray untextured architectural massing model stands on a plain white background as the camera completes a smooth 360-degree orbit at a fixed elevation.
model00053.mp4,A matte gray untextured architectural massing model stands on a plain white background as the camera completes a smooth 360-degree orbit at a fixed elevation.
model02077.mp4,A matte gray untextured architectural massing model stands on a plain white background as the camera completes a smooth 360-degree orbit at a fixed elevation.
model00752.mp4,A matte gray untextured architectural massing model stands on a plain white background as the camera completes a smooth 360-degree orbit at a fixed elevation.
model01286.mp4,A matte gray untextured architectural massing model stands on a plain white background as the camera completes a smooth 360-degree orbit at a fixed elevation.
model00238.mp4,A matte gray untextured architectural massing model stands on a plain white background as the camera completes a smooth 360-degree orbit at a fixed elevation.
model02025.mp4,A matte gray untextured architectural massing model stands on a plain white background as the camera completes a smooth 360-degree orbit at a fixed elevation.
model01299.mp4,A matte gray untextured architectural massing model stands on a plain white background as the camera completes a smooth 360-degree orbit at a fixed elevation.
model00605.mp4,A matte gray untextured architectural massing model stands on a plain white background as the camera completes a smooth 360-degree orbit at a fixed elevation.
model01383.mp4,A matte gray untextured architectural massing model stands on a plain white background as the camera completes a smooth 360-degree orbit at a fixed elevation.
model00314.mp4,A matte gray untextured architectural massing model stands on a plain white background as the camera completes a smooth 360-degree orbit at a fixed elevation.
model01844.mp4,A matte gray untextured architectural massing model stands on a plain white background as the camera completes a smooth 360-degree orbit at a fixed elevation.
model00889.mp4,A matte gray untextured architectural massing model stands on a plain white background as the camera completes a smooth 360-degree orbit at a fixed elevation.
model00119.mp4,A matte gray untextured architectural massing model stands on a plain white background as the camera completes a smooth 360-degree orbit at a fixed elevation.
model02094.mp4,A matte gray untextured architectural massing model stands on a plain white background as the camera completes a smooth 360-degree orbit at a fixed elevation.
model01870.mp4,A matte gray untextured architectural massing model stands on a plain white background as the camera completes a smooth 360-degree orbit at a fixed elevation.
model01221.mp4,A matte gray untextured architectural massing model stands on a plain white background as the camera completes a smooth 360-degree orbit at a fixed elevation.
model00880.mp4,A matte gray untextured architectural massing model stands on a plain white background as the camera completes a smooth 360-degree orbit at a fixed elevation.
model02015.mp4,A matte gray untextured architectural massing model stands on a plain white background as the camera completes a smooth 360-degree orbit at a fixed elevation.
model00572.mp4,A matte gray untextured architectural massing model stands on a plain white background as the camera completes a smooth 360-degree orbit at a fixed elevation.
model01604.mp4,A matte gray untextured architectural massing model stands on a plain white background as the camera completes a smooth 360-degree orbit at a fixed elevation.
model02317.mp4,A matte gray untextured architectural massing model stands on a plain white background as the camera completes a smooth 360-degree orbit at a fixed elevation.
model01931.mp4,A matte gray untextured architectural massing model stands on a plain white background as the camera completes a smooth 360-degree orbit at a fixed elevation.
model02112.mp4,A matte gray untextured architectural massing model stands on a plain white background as the camera completes a smooth 360-degree orbit at a fixed elevation.
model02209.mp4,A matte gray untextured architectural massing model stands on a plain white background as the camera completes a smooth 360-degree orbit at a fixed elevation.
model02001.mp4,A matte gray untextured architectural massing model stands on a plain white background as the camera completes a smooth 360-degree orbit at a fixed elevation.
model00830.mp4,A matte gray untextured architectural massing model stands on a plain white background as the camera completes a smooth 360-degree orbit at a fixed elevation.
model00218.mp4,A matte gray untextured architectural massing model stands on a plain white background as the camera completes a smooth 360-degree orbit at a fixed elevation.
model01978.mp4,A matte gray untextured architectural massing model stands on a plain white background as the camera completes a smooth 360-degree orbit at a fixed elevation.
model01592.mp4,A matte gray untextured architectural massing model stands on a plain white background as the camera completes a smooth 360-degree orbit at a fixed elevation.
model01651.mp4,A matte gray untextured architectural massing model stands on a plain white background as the camera completes a smooth 360-degree orbit at a fixed elevation.
model00606.mp4,A matte gray untextured architectural massing model stands on a plain white background as the camera completes a smooth 360-degree orbit at a fixed elevation.
model02104.mp4,A matte gray untextured architectural massing model stands on a plain white background as the camera completes a smooth 360-degree orbit at a fixed elevation.
model01873.mp4,A matte gray untextured architectural massing model stands on a plain white background as the camera completes a smooth 360-degree orbit at a fixed elevation.
model02215.mp4,A matte gray untextured architectural massing model stands on a plain white background as the camera completes a smooth 360-degree orbit at a fixed elevation.
model01525.mp4,A matte gray untextured architectural massing model stands on a plain white background as the camera completes a smooth 360-degree orbit at a fixed elevation.
model01442.mp4,A matte gray untextured architectural massing model stands on a plain white background as the camera completes a smooth 360-degree orbit at a fixed elevation.
model00959.mp4,A matte gray untextured architectural massing model stands on a plain white background as the camera completes a smooth 360-degree orbit at a fixed elevation.
model01680.mp4,A matte gray untextured architectural massing model stands on a plain white background as the camera completes a smooth 360-degree orbit at a fixed elevation.
model01114.mp4,A matte gray untextured architectural massing model stands on a plain white background as the camera completes a smooth 360-degree orbit at a fixed elevation.
model02300.mp4,A matte gray untextured architectural massing model stands on a plain white background as the camera completes a smooth 360-degree orbit at a fixed elevation.
model00667.mp4,A matte gray untextured architectural massing model stands on a plain white background as the camera completes a smooth 360-degree orbit at a fixed elevation.
model02083.mp4,A matte gray untextured architectural massing model stands on a plain white background as the camera completes a smooth 360-degree orbit at a fixed elevation.
model01661.mp4,A matte gray untextured architectural massing model stands on a plain white background as the camera completes a smooth 360-degree orbit at a fixed elevation.
model02009.mp4,A matte gray untextured architectural massing model stands on a plain white background as the camera completes a smooth 360-degree orbit at a fixed elevation.
model02197.mp4,A matte gray untextured architectural massing model stands on a plain white background as the camera completes a smooth 360-degree orbit at a fixed elevation.
model00307.mp4,A matte gray untextured architectural massing model stands on a plain white background as the camera completes a smooth 360-degree orbit at a fixed elevation.
model01321.mp4,A matte gray untextured architectural massing model stands on a plain white background as the camera completes a smooth 360-degree orbit at a fixed elevation.
model01133.mp4,A matte gray untextured architectural massing model stands on a plain white background as the camera completes a smooth 360-degree orbit at a fixed elevation.
model00502.mp4,A matte gray untextured architectural massing model stands on a plain white background as the camera completes a smooth 360-degree orbit at a fixed elevation.
model00652.mp4,A matte gray untextured architectural massing model stands on a plain white background as the camera completes a smooth 360-degree orbit at a fixed elevation.
model01666.mp4,A matte gray untextured architectural massing model stands on a plain white background as the camera completes a smooth 360-degree orbit at a fixed elevation.
model02010.mp4,A matte gray untextured architectural massing model stands on a plain white background as the camera completes a smooth 360-degree orbit at a fixed elevation.
model00638.mp4,A matte gray untextured architectural massing model stands on a plain white background as the camera completes a smooth 360-degree orbit at a fixed elevation.
model02069.mp4,A matte gray untextured architectural massing model stands on a plain white background as the camera completes a smooth 360-degree orbit at a fixed elevation.
model00279.mp4,A matte gray untextured architectural massing model stands on a plain white background as the camera completes a smooth 360-degree orbit at a fixed elevation.
model01214.mp4,A matte gray untextured architectural massing model stands on a plain white background as the camera completes a smooth 360-degree orbit at a fixed elevation.
model01606.mp4,A matte gray untextured architectural massing model stands on a plain white background as the camera completes a smooth 360-degree orbit at a fixed elevation.
model01206.mp4,A matte gray untextured architectural massing model stands on a plain white background as the camera completes a smooth 360-degree orbit at a fixed elevation.
model01802.mp4,A matte gray untextured architectural massing model stands on a plain white background as the camera completes a smooth 360-degree orbit at a fixed elevation.
model00576.mp4,A matte gray untextured architectural massing model stands on a plain white background as the camera completes a smooth 360-degree orbit at a fixed elevation.
model01372.mp4,A matte gray untextured architectural massing model stands on a plain white background as the camera completes a smooth 360-degree orbit at a fixed elevation.
model01534.mp4,A matte gray untextured architectural massing model stands on a plain white background as the camera completes a smooth 360-degree orbit at a fixed elevation.
model01892.mp4,A matte gray untextured architectural massing model stands on a plain white background as the camera completes a smooth 360-degree orbit at a fixed elevation.
model00751.mp4,A matte gray untextured architectural massing model stands on a plain white background as the camera completes a smooth 360-degree orbit at a fixed elevation.
model00992.mp4,A matte gray untextured architectural massing model stands on a plain white background as the camera completes a smooth 360-degree orbit at a fixed elevation.
model00469.mp4,A matte gray untextured architectural massing model stands on a plain white background as the camera completes a smooth 360-degree orbit at a fixed elevation.
model02225.mp4,A matte gray untextured architectural massing model stands on a plain white background as the camera completes a smooth 360-degree orbit at a fixed elevation.
model00953.mp4,A matte gray untextured architectural massing model stands on a plain white background as the camera completes a smooth 360-degree orbit at a fixed elevation.
model01497.mp4,A matte gray untextured architectural massing model stands on a plain white background as the camera completes a smooth 360-degree orbit at a fixed elevation.
model00202.mp4,A matte gray untextured architectural massing model stands on a plain white background as the camera completes a smooth 360-degree orbit at a fixed elevation.
model01026.mp4,A matte gray untextured architectural massing model stands on a plain white background as the camera completes a smooth 360-degree orbit at a fixed elevation.
model00432.mp4,A matte gray untextured architectural massing model stands on a plain white background as the camera completes a smooth 360-degree orbit at a fixed elevation.
model01163.mp4,A matte gray untextured architectural massing model stands on a plain white background as the camera completes a smooth 360-degree orbit at a fixed elevation.
model02148.mp4,A matte gray untextured architectural massing model stands on a plain white background as the camera completes a smooth 360-degree orbit at a fixed elevation.
model00324.mp4,A matte gray untextured architectural massing model stands on a plain white background as the camera completes a smooth 360-degree orbit at a fixed elevation.
model00731.mp4,A matte gray untextured architectural massing model stands on a plain white background as the camera completes a smooth 360-degree orbit at a fixed elevation.
model02205.mp4,A matte gray untextured architectural massing model stands on a plain white background as the camera completes a smooth 360-degree orbit at a fixed elevation.
model01208.mp4,A matte gray untextured architectural massing model stands on a plain white background as the camera completes a smooth 360-degree orbit at a fixed elevation.
model02182.mp4,A matte gray untextured architectural massing model stands on a plain white background as the camera completes a smooth 360-degree orbit at a fixed elevation.
model01305.mp4,A matte gray untextured architectural massing model stands on a plain white background as the camera completes a smooth 360-degree orbit at a fixed elevation.
model00219.mp4,A matte gray untextured architectural massing model stands on a plain white background as the camera completes a smooth 360-degree orbit at a fixed elevation.
model01426.mp4,A matte gray untextured architectural massing model stands on a plain white background as the camera completes a smooth 360-degree orbit at a fixed elevation.
model00033.mp4,A matte gray untextured architectural massing model stands on a plain white background as the camera completes a smooth 360-degree orbit at a fixed elevation.
model01777.mp4,A matte gray untextured architectural massing model stands on a plain white background as the camera completes a smooth 360-degree orbit at a fixed elevation.
model00537.mp4,A matte gray untextured architectural massing model stands on a plain white background as the camera completes a smooth 360-degree orbit at a fixed elevation.
model00412.mp4,A matte gray untextured architectural massing model stands on a plain white background as the camera completes a smooth 360-degree orbit at a fixed elevation.
model01947.mp4,A matte gray untextured architectural massing model stands on a plain white background as the camera completes a smooth 360-degree orbit at a fixed elevation.
model01546.mp4,A matte gray untextured architectural massing model stands on a plain white background as the camera completes a smooth 360-degree orbit at a fixed elevation.
model00586.mp4,A matte gray untextured architectural massing model stands on a plain white background as the camera completes a smooth 360-degree orbit at a fixed elevation.
model01940.mp4,A matte gray untextured architectural massing model stands on a plain white background as the camera completes a smooth 360-degree orbit at a fixed elevation.
model01276.mp4,A matte gray untextured architectural massing model stands on a plain white background as the camera completes a smooth 360-degree orbit at a fixed elevation.
model01126.mp4,A matte gray untextured architectural massing model stands on a plain white background as the camera completes a smooth 360-degree orbit at a fixed elevation.
model00985.mp4,A matte gray untextured architectural massing model stands on a plain white background as the camera completes a smooth 360-degree orbit at a fixed elevation.
model00338.mp4,A matte gray untextured architectural massing model stands on a plain white background as the camera completes a smooth 360-degree orbit at a fixed elevation.
model01982.mp4,A matte gray untextured architectural massing model stands on a plain white background as the camera completes a smooth 360-degree orbit at a fixed elevation.
model01502.mp4,A matte gray untextured architectural massing model stands on a plain white background as the camera completes a smooth 360-degree orbit at a fixed elevation.
model01236.mp4,A matte gray untextured architectural massing model stands on a plain white background as the camera completes a smooth 360-degree orbit at a fixed elevation.
model00703.mp4,A matte gray untextured architectural massing model stands on a plain white background as the camera completes a smooth 360-degree orbit at a fixed elevation.
model01404.mp4,A matte gray untextured architectural massing model stands on a plain white background as the camera completes a smooth 360-degree orbit at a fixed elevation.
model02007.mp4,A matte gray untextured architectural massing model stands on a plain white background as the camera completes a smooth 360-degree orbit at a fixed elevation.
model00593.mp4,A matte gray untextured architectural massing model stands on a plain white background as the camera completes a smooth 360-degree orbit at a fixed elevation.
model02206.mp4,A matte gray untextured architectural massing model stands on a plain white background as the camera completes a smooth 360-degree orbit at a fixed elevation.
model00672.mp4,A matte gray untextured architectural massing model stands on a plain white background as the camera completes a smooth 360-degree orbit at a fixed elevation.
model01033.mp4,A matte gray untextured architectural massing model stands on a plain white background as the camera completes a smooth 360-degree orbit at a fixed elevation.
model00869.mp4,A matte gray untextured architectural massing model stands on a plain white background as the camera completes a smooth 360-degree orbit at a fixed elevation.
model00872.mp4,A matte gray untextured architectural massing model stands on a plain white background as the camera completes a smooth 360-degree orbit at a fixed elevation.
model00858.mp4,A matte gray untextured architectural massing model stands on a plain white background as the camera completes a smooth 360-degree orbit at a fixed elevation.
model02012.mp4,A matte gray untextured architectural massing model stands on a plain white background as the camera completes a smooth 360-degree orbit at a fixed elevation.
model00287.mp4,A matte gray untextured architectural massing model stands on a plain white background as the camera completes a smooth 360-degree orbit at a fixed elevation.
model00145.mp4,A matte gray untextured architectural massing model stands on a plain white background as the camera completes a smooth 360-degree orbit at a fixed elevation.
model02199.mp4,A matte gray untextured architectural massing model stands on a plain white background as the camera completes a smooth 360-degree orbit at a fixed elevation.
model00867.mp4,A matte gray untextured architectural massing model stands on a plain white background as the camera completes a smooth 360-degree orbit at a fixed elevation.
model00666.mp4,A matte gray untextured architectural massing model stands on a plain white background as the camera completes a smooth 360-degree orbit at a fixed elevation.
model01616.mp4,A matte gray untextured architectural massing model stands on a plain white background as the camera completes a smooth 360-degree orbit at a fixed elevation.
model00251.mp4,A matte gray untextured architectural massing model stands on a plain white background as the camera completes a smooth 360-degree orbit at a fixed elevation.
model02283.mp4,A matte gray untextured architectural massing model stands on a plain white background as the camera completes a smooth 360-degree orbit at a fixed elevation.
model02255.mp4,A matte gray untextured architectural massing model stands on a plain white background as the camera completes a smooth 360-degree orbit at a fixed elevation.
model00246.mp4,A matte gray untextured architectural massing model stands on a plain white background as the camera completes a smooth 360-degree orbit at a fixed elevation.
model02124.mp4,A matte gray untextured architectural massing model stands on a plain white background as the camera completes a smooth 360-degree orbit at a fixed elevation.
model01677.mp4,A matte gray untextured architectural massing model stands on a plain white background as the camera completes a smooth 360-degree orbit at a fixed elevation.
model01394.mp4,A matte gray untextured architectural massing model stands on a plain white background as the camera completes a smooth 360-degree orbit at a fixed elevation.
model02074.mp4,A matte gray untextured architectural massing model stands on a plain white background as the camera completes a smooth 360-degree orbit at a fixed elevation.
model00588.mp4,A matte gray untextured architectural massing model stands on a plain white background as the camera completes a smooth 360-degree orbit at a fixed elevation.
model00325.mp4,A matte gray untextured architectural massing model stands on a plain white background as the camera completes a smooth 360-degree orbit at a fixed elevation.
model02029.mp4,A matte gray untextured architectural massing model stands on a plain white background as the camera completes a smooth 360-degree orbit at a fixed elevation.
model01303.mp4,A matte gray untextured architectural massing model stands on a plain white background as the camera completes a smooth 360-degree orbit at a fixed elevation.
model01060.mp4,A matte gray untextured architectural massing model stands on a plain white background as the camera completes a smooth 360-degree orbit at a fixed elevation.
model02039.mp4,A matte gray untextured architectural massing model stands on a plain white background as the camera completes a smooth 360-degree orbit at a fixed elevation.
model01550.mp4,A matte gray untextured architectural massing model stands on a plain white background as the camera completes a smooth 360-degree orbit at a fixed elevation.
model00275.mp4,A matte gray untextured architectural massing model stands on a plain white background as the camera completes a smooth 360-degree orbit at a fixed elevation.
model00356.mp4,A matte gray untextured architectural massing model stands on a plain white background as the camera completes a smooth 360-degree orbit at a fixed elevation.
model01158.mp4,A matte gray untextured architectural massing model stands on a plain white background as the camera completes a smooth 360-degree orbit at a fixed elevation.
model00622.mp4,A matte gray untextured architectural massing model stands on a plain white background as the camera completes a smooth 360-degree orbit at a fixed elevation.
model00759.mp4,A matte gray untextured architectural massing model stands on a plain white background as the camera completes a smooth 360-degree orbit at a fixed elevation.
model01601.mp4,A matte gray untextured architectural massing model stands on a plain white background as the camera completes a smooth 360-degree orbit at a fixed elevation.
model00864.mp4,A matte gray untextured architectural massing model stands on a plain white background as the camera completes a smooth 360-degree orbit at a fixed elevation.
model01620.mp4,A matte gray untextured architectural massing model stands on a plain white background as the camera completes a smooth 360-degree orbit at a fixed elevation.
model00507.mp4,A matte gray untextured architectural massing model stands on a plain white background as the camera completes a smooth 360-degree orbit at a fixed elevation.
model01912.mp4,A matte gray untextured architectural massing model stands on a plain white background as the camera completes a smooth 360-degree orbit at a fixed elevation.
model01222.mp4,A matte gray untextured architectural massing model stands on a plain white background as the camera completes a smooth 360-degree orbit at a fixed elevation.
model01854.mp4,A matte gray untextured architectural massing model stands on a plain white background as the camera completes a smooth 360-degree orbit at a fixed elevation.
model00602.mp4,A matte gray untextured architectural massing model stands on a plain white background as the camera completes a smooth 360-degree orbit at a fixed elevation.
model00367.mp4,A matte gray untextured architectural massing model stands on a plain white background as the camera completes a smooth 360-degree orbit at a fixed elevation.
model01508.mp4,A matte gray untextured architectural massing model stands on a plain white background as the camera completes a smooth 360-degree orbit at a fixed elevation.
model01460.mp4,A matte gray untextured architectural massing model stands on a plain white background as the camera completes a smooth 360-degree orbit at a fixed elevation.
model01344.mp4,A matte gray untextured architectural massing model stands on a plain white background as the camera completes a smooth 360-degree orbit at a fixed elevation.
model00929.mp4,A matte gray untextured architectural massing model stands on a plain white background as the camera completes a smooth 360-degree orbit at a fixed elevation.
model01376.mp4,A matte gray untextured architectural massing model stands on a plain white background as the camera completes a smooth 360-degree orbit at a fixed elevation.
model00757.mp4,A matte gray untextured architectural massing model stands on a plain white background as the camera completes a smooth 360-degree orbit at a fixed elevation.
model01655.mp4,A matte gray untextured architectural massing model stands on a plain white background as the camera completes a smooth 360-degree orbit at a fixed elevation.
model00687.mp4,A matte gray untextured architectural massing model stands on a plain white background as the camera completes a smooth 360-degree orbit at a fixed elevation.
model01040.mp4,A matte gray untextured architectural massing model stands on a plain white background as the camera completes a smooth 360-degree orbit at a fixed elevation.
model01023.mp4,A matte gray untextured architectural massing model stands on a plain white background as the camera completes a smooth 360-degree orbit at a fixed elevation.
model01803.mp4,A matte gray untextured architectural massing model stands on a plain white background as the camera completes a smooth 360-degree orbit at a fixed elevation.
model00488.mp4,A matte gray untextured architectural massing model stands on a plain white background as the camera completes a smooth 360-degree orbit at a fixed elevation.
model01258.mp4,A matte gray untextured architectural massing model stands on a plain white background as the camera completes a smooth 360-degree orbit at a fixed elevation.
model00043.mp4,A matte gray untextured architectural massing model stands on a plain white background as the camera completes a smooth 360-degree orbit at a fixed elevation.
model00598.mp4,A matte gray untextured architectural massing model stands on a plain white background as the camera completes a smooth 360-degree orbit at a fixed elevation.
model00607.mp4,A matte gray untextured architectural massing model stands on a plain white background as the camera completes a smooth 360-degree orbit at a fixed elevation.
model01980.mp4,A matte gray untextured architectural massing model stands on a plain white background as the camera completes a smooth 360-degree orbit at a fixed elevation.
model02109.mp4,A matte gray untextured architectural massing model stands on a plain white background as the camera completes a smooth 360-degree orbit at a fixed elevation.
model02100.mp4,A matte gray untextured architectural massing model stands on a plain white background as the camera completes a smooth 360-degree orbit at a fixed elevation.
model01745.mp4,A matte gray untextured architectural massing model stands on a plain white background as the camera completes a smooth 360-degree orbit at a fixed elevation.
model00970.mp4,A matte gray untextured architectural massing model stands on a plain white background as the camera completes a smooth 360-degree orbit at a fixed elevation.
model02081.mp4,A matte gray untextured architectural massing model stands on a plain white background as the camera completes a smooth 360-degree orbit at a fixed elevation.
model01216.mp4,A matte gray untextured architectural massing model stands on a plain white background as the camera completes a smooth 360-degree orbit at a fixed elevation.
model01160.mp4,A matte gray untextured architectural massing model stands on a plain white background as the camera completes a smooth 360-degree orbit at a fixed elevation.
model00226.mp4,A matte gray untextured architectural massing model stands on a plain white background as the camera completes a smooth 360-degree orbit at a fixed elevation.
model00763.mp4,A matte gray untextured architectural massing model stands on a plain white background as the camera completes a smooth 360-degree orbit at a fixed elevation.
model00770.mp4,A matte gray untextured architectural massing model stands on a plain white background as the camera completes a smooth 360-degree orbit at a fixed elevation.
model01853.mp4,A matte gray untextured architectural massing model stands on a plain white background as the camera completes a smooth 360-degree orbit at a fixed elevation.
model01758.mp4,A matte gray untextured architectural massing model stands on a plain white background as the camera completes a smooth 360-degree orbit at a fixed elevation.
model01818.mp4,A matte gray untextured architectural massing model stands on a plain white background as the camera completes a smooth 360-degree orbit at a fixed elevation.
model01563.mp4,A matte gray untextured architectural massing model stands on a plain white background as the camera completes a smooth 360-degree orbit at a fixed elevation.
model00614.mp4,A matte gray untextured architectural massing model stands on a plain white background as the camera completes a smooth 360-degree orbit at a fixed elevation.
model01353.mp4,A matte gray untextured architectural massing model stands on a plain white background as the camera completes a smooth 360-degree orbit at a fixed elevation.
model00840.mp4,A matte gray untextured architectural massing model stands on a plain white background as the camera completes a smooth 360-degree orbit at a fixed elevation.
model01734.mp4,A matte gray untextured architectural massing model stands on a plain white background as the camera completes a smooth 360-degree orbit at a fixed elevation.
model00720.mp4,A matte gray untextured architectural massing model stands on a plain white background as the camera completes a smooth 360-degree orbit at a fixed elevation.
model01333.mp4,A matte gray untextured architectural massing model stands on a plain white background as the camera completes a smooth 360-degree orbit at a fixed elevation.
model01690.mp4,A matte gray untextured architectural massing model stands on a plain white background as the camera completes a smooth 360-degree orbit at a fixed elevation.
model02202.mp4,A matte gray untextured architectural massing model stands on a plain white background as the camera completes a smooth 360-degree orbit at a fixed elevation.
model00611.mp4,A matte gray untextured architectural massing model stands on a plain white background as the camera completes a smooth 360-degree orbit at a fixed elevation.
model01693.mp4,A matte gray untextured architectural massing model stands on a plain white background as the camera completes a smooth 360-degree orbit at a fixed elevation.
model01378.mp4,A matte gray untextured architectural massing model stands on a plain white background as the camera completes a smooth 360-degree orbit at a fixed elevation.
model00613.mp4,A matte gray untextured architectural massing model stands on a plain white background as the camera completes a smooth 360-degree orbit at a fixed elevation.
model02106.mp4,A matte gray untextured architectural massing model stands on a plain white background as the camera completes a smooth 360-degree orbit at a fixed elevation.
model00966.mp4,A matte gray untextured architectural massing model stands on a plain white background as the camera completes a smooth 360-degree orbit at a fixed elevation.
model00995.mp4,A matte gray untextured architectural massing model stands on a plain white background as the camera completes a smooth 360-degree orbit at a fixed elevation.
model00351.mp4,A matte gray untextured architectural massing model stands on a plain white background as the camera completes a smooth 360-degree orbit at a fixed elevation.
model00835.mp4,A matte gray untextured architectural massing model stands on a plain white background as the camera completes a smooth 360-degree orbit at a fixed elevation.
model01573.mp4,A matte gray untextured architectural massing model stands on a plain white background as the camera completes a smooth 360-degree orbit at a fixed elevation.
model01427.mp4,A matte gray untextured architectural massing model stands on a plain white background as the camera completes a smooth 360-degree orbit at a fixed elevation.
model00337.mp4,A matte gray untextured architectural massing model stands on a plain white background as the camera completes a smooth 360-degree orbit at a fixed elevation.
model00141.mp4,A matte gray untextured architectural massing model stands on a plain white background as the camera completes a smooth 360-degree orbit at a fixed elevation.
model02231.mp4,A matte gray untextured architectural massing model stands on a plain white background as the camera completes a smooth 360-degree orbit at a fixed elevation.
model01650.mp4,A matte gray untextured architectural massing model stands on a plain white background as the camera completes a smooth 360-degree orbit at a fixed elevation.
model01785.mp4,A matte gray untextured architectural massing model stands on a plain white background as the camera completes a smooth 360-degree orbit at a fixed elevation.
model01233.mp4,A matte gray untextured architectural massing model stands on a plain white background as the camera completes a smooth 360-degree orbit at a fixed elevation.
model01527.mp4,A matte gray untextured architectural massing model stands on a plain white background as the camera completes a smooth 360-degree orbit at a fixed elevation.
model01856.mp4,A matte gray untextured architectural massing model stands on a plain white background as the camera completes a smooth 360-degree orbit at a fixed elevation.
model00274.mp4,A matte gray untextured architectural massing model stands on a plain white background as the camera completes a smooth 360-degree orbit at a fixed elevation.
model00639.mp4,A matte gray untextured architectural massing model stands on a plain white background as the camera completes a smooth 360-degree orbit at a fixed elevation.
model00626.mp4,A matte gray untextured architectural massing model stands on a plain white background as the camera completes a smooth 360-degree orbit at a fixed elevation.
model02079.mp4,A matte gray untextured architectural massing model stands on a plain white background as the camera completes a smooth 360-degree orbit at a fixed elevation.
model01706.mp4,A matte gray untextured architectural massing model stands on a plain white background as the camera completes a smooth 360-degree orbit at a fixed elevation.
model00421.mp4,A matte gray untextured architectural massing model stands on a plain white background as the camera completes a smooth 360-degree orbit at a fixed elevation.
model01581.mp4,A matte gray untextured architectural massing model stands on a plain white background as the camera completes a smooth 360-degree orbit at a fixed elevation.
model00333.mp4,A matte gray untextured architectural massing model stands on a plain white background as the camera completes a smooth 360-degree orbit at a fixed elevation.
model00343.mp4,A matte gray untextured architectural massing model stands on a plain white background as the camera completes a smooth 360-degree orbit at a fixed elevation.
model01636.mp4,A matte gray untextured architectural massing model stands on a plain white background as the camera completes a smooth 360-degree orbit at a fixed elevation.
model02333.mp4,A matte gray untextured architectural massing model stands on a plain white background as the camera completes a smooth 360-degree orbit at a fixed elevation.
model01663.mp4,A matte gray untextured architectural massing model stands on a plain white background as the camera completes a smooth 360-degree orbit at a fixed elevation.
model01704.mp4,A matte gray untextured architectural massing model stands on a plain white background as the camera completes a smooth 360-degree orbit at a fixed elevation.
model01487.mp4,A matte gray untextured architectural massing model stands on a plain white background as the camera completes a smooth 360-degree orbit at a fixed elevation.
model01052.mp4,A matte gray untextured architectural massing model stands on a plain white background as the camera completes a smooth 360-degree orbit at a fixed elevation.
model00505.mp4,A matte gray untextured architectural massing model stands on a plain white background as the camera completes a smooth 360-degree orbit at a fixed elevation.
model00916.mp4,A matte gray untextured architectural massing model stands on a plain white background as the camera completes a smooth 360-degree orbit at a fixed elevation.
model00150.mp4,A matte gray untextured architectural massing model stands on a plain white background as the camera completes a smooth 360-degree orbit at a fixed elevation.
model00273.mp4,A matte gray untextured architectural massing model stands on a plain white background as the camera completes a smooth 360-degree orbit at a fixed elevation.
model01053.mp4,A matte gray untextured architectural massing model stands on a plain white background as the camera completes a smooth 360-degree orbit at a fixed elevation.
model00681.mp4,A matte gray untextured architectural massing model stands on a plain white background as the camera completes a smooth 360-degree orbit at a fixed elevation.
model01199.mp4,A matte gray untextured architectural massing model stands on a plain white background as the camera completes a smooth 360-degree orbit at a fixed elevation.
model01709.mp4,A matte gray untextured architectural massing model stands on a plain white background as the camera completes a smooth 360-degree orbit at a fixed elevation.
model02042.mp4,A matte gray untextured architectural massing model stands on a plain white background as the camera completes a smooth 360-degree orbit at a fixed elevation.
model00178.mp4,A matte gray untextured architectural massing model stands on a plain white background as the camera completes a smooth 360-degree orbit at a fixed elevation.
model00945.mp4,A matte gray untextured architectural massing model stands on a plain white background as the camera completes a smooth 360-degree orbit at a fixed elevation.
model01170.mp4,A matte gray untextured architectural massing model stands on a plain white background as the camera completes a smooth 360-degree orbit at a fixed elevation.
model02095.mp4,A matte gray untextured architectural massing model stands on a plain white background as the camera completes a smooth 360-degree orbit at a fixed elevation.
model02249.mp4,A matte gray untextured architectural massing model stands on a plain white background as the camera completes a smooth 360-degree orbit at a fixed elevation.
model01205.mp4,A matte gray untextured architectural massing model stands on a plain white background as the camera completes a smooth 360-degree orbit at a fixed elevation.
model02194.mp4,A matte gray untextured architectural massing model stands on a plain white background as the camera completes a smooth 360-degree orbit at a fixed elevation.
model01314.mp4,A matte gray untextured architectural massing model stands on a plain white background as the camera completes a smooth 360-degree orbit at a fixed elevation.
model00898.mp4,A matte gray untextured architectural massing model stands on a plain white background as the camera completes a smooth 360-degree orbit at a fixed elevation.
model01895.mp4,A matte gray untextured architectural massing model stands on a plain white background as the camera completes a smooth 360-degree orbit at a fixed elevation.
model02320.mp4,A matte gray untextured architectural massing model stands on a plain white background as the camera completes a smooth 360-degree orbit at a fixed elevation.
model00426.mp4,A matte gray untextured architectural massing model stands on a plain white background as the camera completes a smooth 360-degree orbit at a fixed elevation.
model00680.mp4,A matte gray untextured architectural massing model stands on a plain white background as the camera completes a smooth 360-degree orbit at a fixed elevation.
model00342.mp4,A matte gray untextured architectural massing model stands on a plain white background as the camera completes a smooth 360-degree orbit at a fixed elevation.
model00942.mp4,A matte gray untextured architectural massing model stands on a plain white background as the camera completes a smooth 360-degree orbit at a fixed elevation.
model01602.mp4,A matte gray untextured architectural massing model stands on a plain white background as the camera completes a smooth 360-degree orbit at a fixed elevation.
model02028.mp4,A matte gray untextured architectural massing model stands on a plain white background as the camera completes a smooth 360-degree orbit at a fixed elevation.
model01430.mp4,A matte gray untextured architectural massing model stands on a plain white background as the camera completes a smooth 360-degree orbit at a fixed elevation.
model00103.mp4,A matte gray untextured architectural massing model stands on a plain white background as the camera completes a smooth 360-degree orbit at a fixed elevation.
model00350.mp4,A matte gray untextured architectural massing model stands on a plain white background as the camera completes a smooth 360-degree orbit at a fixed elevation.
model01122.mp4,A matte gray untextured architectural massing model stands on a plain white background as the camera completes a smooth 360-degree orbit at a fixed elevation.
model01355.mp4,A matte gray untextured architectural massing model stands on a plain white background as the camera completes a smooth 360-degree orbit at a fixed elevation.
model01370.mp4,A matte gray untextured architectural massing model stands on a plain white background as the camera completes a smooth 360-degree orbit at a fixed elevation.
model00227.mp4,A matte gray untextured architectural massing model stands on a plain white background as the camera completes a smooth 360-degree orbit at a fixed elevation.
model01032.mp4,A matte gray untextured architectural massing model stands on a plain white background as the camera completes a smooth 360-degree orbit at a fixed elevation.
model01207.mp4,A matte gray untextured architectural massing model stands on a plain white background as the camera completes a smooth 360-degree orbit at a fixed elevation.
model01334.mp4,A matte gray untextured architectural massing model stands on a plain white background as the camera completes a smooth 360-degree orbit at a fixed elevation.
model01813.mp4,A matte gray untextured architectural massing model stands on a plain white background as the camera completes a smooth 360-degree orbit at a fixed elevation.
model00129.mp4,A matte gray untextured architectural massing model stands on a plain white background as the camera completes a smooth 360-degree orbit at a fixed elevation.
model01872.mp4,A matte gray untextured architectural massing model stands on a plain white background as the camera completes a smooth 360-degree orbit at a fixed elevation.
model01717.mp4,A matte gray untextured architectural massing model stands on a plain white background as the camera completes a smooth 360-degree orbit at a fixed elevation.
model01227.mp4,A matte gray untextured architectural massing model stands on a plain white background as the camera completes a smooth 360-degree orbit at a fixed elevation.
