video,prompt
model00000.mp4,a clean 3D architectural building model rotating on a white background
model00001.mp4,a clean 3D architectural building model rotating on a white background
model00004.mp4,a clean 3D architectural building model rotating on a white background
model00005.mp4,a clean 3D architectural building model rotating on a white background
model00007.mp4,a clean 3D architectural building model rotating on a white background
model00008.mp4,a clean 3D architectural building model rotating on a white background
model00009.mp4,a clean 3D architectural building model rotating on a white background
model00011.mp4,a clean 3D architectural building model rotating on a white background
model00014.mp4,a clean 3D architectural building model rotating on a white background
model00016.mp4,a clean 3D architectural building model rotating on a white background
model00017.mp4,a clean 3D architectural building model rotating on a white background
model00018.mp4,a clean 3D architectural building model rotating on a white background
model00019.mp4,a clean 3D architectural building model rotating on a white background
model00020.mp4,a clean 3D architectural building model rotating on a white background
model00021.mp4,a clean 3D architectural building model rotating on a white background
model00022.mp4,a clean 3D architectural building model rotating on a white background
model00024.mp4,a clean 3D architectural building model rotating on a white background
model00026.mp4,a clean 3D architectural building model rotating on a white background
model00028.mp4,a clean 3D architectural building model rotating on a white background
model00029.mp4,a clean 3D architectural building model rotating on a white background
model00031.mp4,a clean 3D architectural building model rotating on a white background
model00032.mp4,a clean 3D architectural building model rotating on a white background
model00033.mp4,a clean 3D architectural building model rotating on a white background
model00035.mp4,a clean 3D architectural building model rotating on a white background
model00036.mp4,a clean 3D architectural building model rotating on a white background
model00037.mp4,a clean 3D architectural building model rotating on a white background
model00038.mp4,a clean 3D architectural building model rotating on a white background
model00039.mp4,a clean 3D architectural building model rotating on a white background
model00042.mp4,a clean 3D architectural building model rotating on a white background
model00043.mp4,a clean 3D architectural building model rotating on a white background
model00044.mp4,a clean 3D architectural building model rotating on a white background
model00045.mp4,a clean 3D architectural building model rotating on a white background
model00046.mp4,a clean 3D architectural building model rotating on a white background
model00047.mp4,a clean 3D architectural building model rotating on a white background
model00048.mp4,a clean 3D architectural building model rotating on a white background
model00049.mp4,a clean 3D architectural building model rotating on a white background
model00050.mp4,a clean 3D architectural building model rotating on a white background
model00051.mp4,a clean 3D architectural building model rotating on a white background
model00053.mp4,a clean 3D architectural building model rotating on a white background
model00054.mp4,a clean 3D architectural building model rotating on a white background
model00055.mp4,a clean 3D architectural building model rotating on a white background
model00056.mp4,a clean 3D architectural building model rotating on a white background
model00058.mp4,a clean 3D architectural building model rotating on a white background
model00059.mp4,a clean 3D architectural building model rotating on a white background
model00060.mp4,a clean 3D architectural building model rotating on a white background
model00061.mp4,a clean 3D architectural building model rotating on a white background
model00064.mp4,a clean 3D architectural building model rotating on a white background
model00065.mp4,a clean 3D architectural building model rotating on a white background
model00067.mp4,a clean 3D architectural building model rotating on a white background
model00068.mp4,a clean 3D architectural building model rotating on a white background
model00069.mp4,a clean 3D architectural building model rotating on a white background
model00070.mp4,a clean 3D architectural building model rotating on a white background
model00071.mp4,a clean 3D architectural building model rotating on a white background
model00072.mp4,a clean 3D architectural building model rotating on a white background
model00073.mp4,a clean 3D architectural building model rotating on a white background
model00074.mp4,a clean 3D architectural building model rotating on a white background
model00075.mp4,a clean 3D architectural building model rotating on a white background
model00076.mp4,a clean 3D architectural building model rotating on a white background
model00077.mp4,a clean 3D architectural building model rotating on a white background
model00078.mp4,a clean 3D architectural building model rotating on a white background
model00079.mp4,a clean 3D architectural building model rotating on a white background
model00080.mp4,a clean 3D architectural building model rotating on a white background
model00081.mp4,a clean 3D architectural building model rotating on a white background
model00082.mp4,a clean 3D architectural building model rotating on a white background
model00084.mp4,a clean 3D architectural building model rotating on a white background
model00085.mp4,a clean 3D architectural building model rotating on a white background
model00087.mp4,a clean 3D architectural building model rotating on a white background
model00089.mp4,a clean 3D architectural building model rotating on a white background
model00091.mp4,a clean 3D architectural building model rotating on a white background
model00092.mp4,a clean 3D architectural building model rotating on a white background
model00094.mp4,a clean 3D architectural building model rotating on a white background
model00096.mp4,a clean 3D architectural building model rotating on a white background
model00097.mp4,a clean 3D architectural building model rotating on a white background
model00098.mp4,a clean 3D architectural building model rotating on a white background
model00100.mp4,a clean 3D architectural building model rotating on a white background
model00101.mp4,a clean 3D architectural building model rotating on a white background
model00102.mp4,a clean 3D architectural building model rotating on a white background
model00103.mp4,a clean 3D architectural building model rotating on a white background
model00104.mp4,a clean 3D architectural building model rotating on a white background
model00106.mp4,a clean 3D architectural building model rotating on a white background
model00109.mp4,a clean 3D architectural building model rotating on a white background
model00110.mp4,a clean 3D architectural building model rotating on a white background
model00113.mp4,a clean 3D architectural building model rotating on a white background
model00115.mp4,a clean 3D architectural building model rotating on a white background
model00116.mp4,a clean 3D architectural building model rotating on a white background
model00117.mp4,a clean 3D architectural building model rotating on a white background
model00120.mp4,a clean 3D architectural building model rotating on a white background
model00121.mp4,a clean 3D architectural building model rotating on a white background
model00122.mp4,a clean 3D architectural building model rotating on a white background
model00123.mp4,a clean 3D architectural building model rotating on a white background
model00124.mp4,a clean 3D architectural building model rotating on a white background
model00125.mp4,a clean 3D architectural building model rotating on a white background
model00126.mp4,a clean 3D architectural building model rotating on a white background
model00127.mp4,a clean 3D architectural building model rotating on a white background
model00129.mp4,a clean 3D architectural building model rotating on a white background
model00131.mp4,a clean 3D architectural building model rotating on a white background
model00133.mp4,a clean 3D architectural building model rotating on a white background
model00134.mp4,a clean 3D architectural building model rotating on a white background
model00135.mp4,a clean 3D architectural building model rotating on a white background
model00136.mp4,a clean 3D architectural building model rotating on a white background
model00137.mp4,a clean 3D architectural building model rotating on a white background
model00138.mp4,a clean 3D architectural building model rotating on a white background
model00139.mp4,a clean 3D architectural building model rotating on a white background
model00140.mp4,a clean 3D architectural building model rotating on a white background
model00141.mp4,a clean 3D architectural building model rotating on a white background
model00142.mp4,a clean 3D architectural building model rotating on a white background
model00143.mp4,a clean 3D architectural building model rotating on a white background
model00144.mp4,a clean 3D architectural building model rotating on a white background
model00145.mp4,a clean 3D architectural building model rotating on a white background
model00147.mp4,a clean 3D architectural building model rotating on a white background
model00148.mp4,a clean 3D architectural building model rotating on a white background
model00149.mp4,a clean 3D architectural building model rotating on a white background
model00150.mp4,a clean 3D architectural building model rotating on a white background
model00151.mp4,a clean 3D architectural building model rotating on a white background
model00152.mp4,a clean 3D architectural building model rotating on a white background
model00153.mp4,a clean 3D architectural building model rotating on a white background
model00154.mp4,a clean 3D architectural building model rotating on a white background
model00155.mp4,a clean 3D architectural building model rotating on a white background
model00157.mp4,a clean 3D architectural building model rotating on a white background
model00158.mp4,a clean 3D architectural building model rotating on a white background
model00159.mp4,a clean 3D architectural building model rotating on a white background
model00160.mp4,a clean 3D architectural building model rotating on a white background
model00161.mp4,a clean 3D architectural building model rotating on a white background
model00163.mp4,a clean 3D architectural building model rotating on a white background
model00164.mp4,a clean 3D architectural building model rotating on a white background
model00165.mp4,a clean 3D architectural building model rotating on a white background
model00166.mp4,a clean 3D architectural building model rotating on a white background
model00168.mp4,a clean 3D architectural building model rotating on a white background
model00169.mp4,a clean 3D architectural building model rotating on a white background
model00170.mp4,a clean 3D architectural building model rotating on a white background
model00172.mp4,a clean 3D architectural building model rotating on a white background
model00175.mp4,a clean 3D architectural building model rotating on a white background
model00177.mp4,a clean 3D architectural building model rotating on a white background
model00178.mp4,a clean 3D architectural building model rotating on a white background
model00181.mp4,a clean 3D architectural building model rotating on a white background
model00182.mp4,a clean 3D architectural building model rotating on a white background
model00183.mp4,a clean 3D architectural building model rotating on a white background
model00184.mp4,a clean 3D architectural building model rotating on a white background
model00186.mp4,a clean 3D architectural building model rotating on a white background
model00189.mp4,a clean 3D architectural building model rotating on a white background
model00190.mp4,a clean 3D architectural building model rotating on a white background
model00191.mp4,a clean 3D architectural building model rotating on a white background
model00192.mp4,a clean 3D architectural building model rotating on a white background
model00194.mp4,a clean 3D architectural building model rotating on a white background
model00195.mp4,a clean 3D architectural building model rotating on a white background
model00197.mp4,a clean 3D architectural building model rotating on a white background
model00198.mp4,a clean 3D architectural building model rotating on a white background
model00199.mp4,a clean 3D architectural building model rotating on a white background
model00200.mp4,a clean 3D architectural building model rotating on a white background
model00201.mp4,a clean 3D architectural building model rotating on a white background
model00202.mp4,a clean 3D architectural building model rotating on a white background
model00204.mp4,a clean 3D architectural building model rotating on a white background
model00205.mp4,a clean 3D architectural building model rotating on a white background
model00206.mp4,a clean 3D architectural building model rotating on a white background
model00207.mp4,a clean 3D architectural building model rotating on a white background
model00208.mp4,a clean 3D architectural building model rotating on a white background
model00209.mp4,a clean 3D architectural building model rotating on a white background
model00211.mp4,a clean 3D architectural building model rotating on a white background
model00212.mp4,a clean 3D architectural building model rotating on a white background
model00213.mp4,a clean 3D architectural building model rotating on a white background
model00219.mp4,a clean 3D architectural building model rotating on a white background
model00220.mp4,a clean 3D architectural building model rotating on a white background
model00221.mp4,a clean 3D architectural building model rotating on a white background
model00222.mp4,a clean 3D architectural building model rotating on a white background
model00223.mp4,a clean 3D architectural building model rotating on a white background
model00224.mp4,a clean 3D architectural building model rotating on a white background
model00225.mp4,a clean 3D architectural building model rotating on a white background
model00226.mp4,a clean 3D architectural building model rotating on a white background
model00227.mp4,a clean 3D architectural building model rotating on a white background
model00228.mp4,a clean 3D architectural building model rotating on a white background
model00229.mp4,a clean 3D architectural building model rotating on a white background
model00231.mp4,a clean 3D architectural building model rotating on a white background
model00233.mp4,a clean 3D architectural building model rotating on a white background
model00235.mp4,a clean 3D architectural building model rotating on a white background
model00236.mp4,a clean 3D architectural building model rotating on a white background
model00239.mp4,a clean 3D architectural building model rotating on a white background
model00240.mp4,a clean 3D architectural building model rotating on a white background
model00241.mp4,a clean 3D architectural building model rotating on a white background
model00242.mp4,a clean 3D architectural building model rotating on a white background
model00243.mp4,a clean 3D architectural building model rotating on a white background
model00244.mp4,a clean 3D architectural building model rotating on a white background
model00245.mp4,a clean 3D architectural building model rotating on a white background
model00246.mp4,a clean 3D architectural building model rotating on a white background
model00247.mp4,a clean 3D architectural building model rotating on a white background
model00248.mp4,a clean 3D architectural building model rotating on a white background
model00249.mp4,a clean 3D architectural building model rotating on a white background
model00250.mp4,a clean 3D architectural building model rotating on a white background
model00251.mp4,a clean 3D architectural building model rotating on a white background
model00252.mp4,a clean 3D architectural building model rotating on a white background
model00254.mp4,a clean 3D architectural building model rotating on a white background
model00255.mp4,a clean 3D architectural building model rotating on a white background
model00257.mp4,a clean 3D architectural building model rotating on a white background
model00260.mp4,a clean 3D architectural building model rotating on a white background
model00261.mp4,a clean 3D architectural building model rotating on a white background
model00265.mp4,a clean 3D architectural building model rotating on a white background
model00266.mp4,a clean 3D architectural building model rotating on a white background
model00267.mp4,a clean 3D architectural building model rotating on a white background
model00269.mp4,a clean 3D architectural building model rotating on a white background
model00270.mp4,a clean 3D architectural building model rotating on a white background
model00272.mp4,a clean 3D architectural building model rotating on a white background
model00273.mp4,a clean 3D architectural building model rotating on a white background
model00274.mp4,a clean 3D architectural building model rotating on a white background
model00275.mp4,a clean 3D architectural building model rotating on a white background
model00276.mp4,a clean 3D architectural building model rotating on a white background
model00277.mp4,a clean 3D architectural building model rotating on a white background
model00278.mp4,a clean 3D architectural building model rotating on a white background
model00279.mp4,a clean 3D architectural building model rotating on a white background
model00280.mp4,a clean 3D architectural building model rotating on a white background
model00281.mp4,a clean 3D architectural building model rotating on a white background
model00282.mp4,a clean 3D architectural building model rotating on a white background
model00284.mp4,a clean 3D architectural building model rotating on a white background
model00285.mp4,a clean 3D architectural building model rotating on a white background
model00287.mp4,a clean 3D architectural building model rotating on a white background
model00288.mp4,a clean 3D architectural building model rotating on a white background
model00289.mp4,a clean 3D architectural building model rotating on a white background
model00290.mp4,a clean 3D architectural building model rotating on a white background
model00291.mp4,a clean 3D architectural building model rotating on a white background
model00292.mp4,a clean 3D architectural building model rotating on a white background
model00293.mp4,a clean 3D architectural building model rotating on a white background
model00295.mp4,a clean 3D architectural building model rotating on a white background
model00297.mp4,a clean 3D architectural building model rotating on a white background
model00298.mp4,a clean 3D architectural building model rotating on a white background
model00299.mp4,a clean 3D architectural building model rotating on a white background
model00300.mp4,a clean 3D architectural building model rotating on a white background
model00302.mp4,a clean 3D architectural building model rotating on a white background
model00303.mp4,a clean 3D architectural building model rotating on a white background
model00304.mp4,a clean 3D architectural building model rotating on a white background
model00306.mp4,a clean 3D architectural building model rotating on a white background
model00307.mp4,a clean 3D architectural building model rotating on a white background
model00309.mp4,a clean 3D architectural building model rotating on a white background
model00310.mp4,a clean 3D architectural building model rotating on a white background
model00312.mp4,a clean 3D architectural building model rotating on a white background
model00313.mp4,a clean 3D architectural building model rotating on a white background
model00314.mp4,a clean 3D architectural building model rotating on a white background
model00315.mp4,a clean 3D architectural building model rotating on a white background
model00316.mp4,a clean 3D architectural building model rotating on a white background
model00317.mp4,a clean 3D architectural building model rotating on a white background
model00319.mp4,a clean 3D architectural building model rotating on a white background
model00320.mp4,a clean 3D architectural building model rotating on a white background
model00321.mp4,a clean 3D architectural building model rotating on a white background
model00322.mp4,a clean 3D architectural building model rotating on a white background
model00323.mp4,a clean 3D architectural building model rotating on a white background
model00324.mp4,a clean 3D architectural building model rotating on a white background
model00325.mp4,a clean 3D architectural building model rotating on a white background
model00326.mp4,a clean 3D architectural building model rotating on a white background
model00327.mp4,a clean 3D architectural building model rotating on a white background
model00328.mp4,a clean 3D architectural building model rotating on a white background
model00329.mp4,a clean 3D architectural building model rotating on a white background
model00331.mp4,a clean 3D architectural building model rotating on a white background
model00332.mp4,a clean 3D architectural building model rotating on a white background
model00333.mp4,a clean 3D architectural building model rotating on a white background
model00334.mp4,a clean 3D architectural building model rotating on a white background
model00335.mp4,a clean 3D architectural building model rotating on a white background
model00336.mp4,a clean 3D architectural building model rotating on a white background
model00337.mp4,a clean 3D architectural building model rotating on a white background
model00338.mp4,a clean 3D architectural building model rotating on a white background
model00339.mp4,a clean 3D architectural building model rotating on a white background
model00340.mp4,a clean 3D architectural building model rotating on a white background
model00341.mp4,a clean 3D architectural building model rotating on a white background
model00342.mp4,a clean 3D architectural building model rotating on a white background
model00343.mp4,a clean 3D architectural building model rotating on a white background
model00344.mp4,a clean 3D architectural building model rotating on a white background
model00346.mp4,a clean 3D architectural building model rotating on a white background
model00347.mp4,a clean 3D architectural building model rotating on a white background
model00349.mp4,a clean 3D architectural building model rotating on a white background
model00350.mp4,a clean 3D architectural building model rotating on a white background
model00351.mp4,a clean 3D architectural building model rotating on a white background
model00354.mp4,a clean 3D architectural building model rotating on a white background
model00355.mp4,a clean 3D architectural building model rotating on a white background
model00356.mp4,a clean 3D architectural building model rotating on a white background
model00357.mp4,a clean 3D architectural building model rotating on a white background
model00358.mp4,a clean 3D architectural building model rotating on a white background
model00359.mp4,a clean 3D architectural building model rotating on a white background
model00361.mp4,a clean 3D architectural building model rotating on a white background
model00362.mp4,a clean 3D architectural building model rotating on a white background
model00363.mp4,a clean 3D architectural building model rotating on a white background
model00364.mp4,a clean 3D architectural building model rotating on a white background
model00367.mp4,a clean 3D architectural building model rotating on a white background
model00368.mp4,a clean 3D architectural building model rotating on a white background
model00369.mp4,a clean 3D architectural building model rotating on a white background
model00370.mp4,a clean 3D architectural building model rotating on a white background
model00371.mp4,a clean 3D architectural building model rotating on a white background
model00372.mp4,a clean 3D architectural building model rotating on a white background
model00373.mp4,a clean 3D architectural building model rotating on a white background
model00374.mp4,a clean 3D architectural building model rotating on a white background
model00375.mp4,a clean 3D architectural building model rotating on a white background
model00376.mp4,a clean 3D architectural building model rotating on a white background
model00377.mp4,a clean 3D architectural building model rotating on a white background
model00378.mp4,a clean 3D architectural building model rotating on a white background
model00379.mp4,a clean 3D architectural building model rotating on a white background
model00380.mp4,a clean 3D architectural building model rotating on a white background
model00381.mp4,a clean 3D architectural building model rotating on a white background
model00382.mp4,a clean 3D architectural building model rotating on a white background
model00383.mp4,a clean 3D architectural building model rotating on a white background
model00384.mp4,a clean 3D architectural building model rotating on a white background
model00385.mp4,a clean 3D architectural building model rotating on a white background
model00386.mp4,a clean 3D architectural building model rotating on a white background
model00387.mp4,a clean 3D architectural building model rotating on a white background
model00388.mp4,a clean 3D architectural building model rotating on a white background
model00389.mp4,a clean 3D architectural building model rotating on a white background
model00390.mp4,a clean 3D architectural building model rotating on a white background
model00391.mp4,a clean 3D architectural building model rotating on a white background
model00392.mp4,a clean 3D architectural building model rotating on a white background
model00393.mp4,a clean 3D architectural building model rotating on a white background
model00394.mp4,a clean 3D architectural building model rotating on a white background
model00395.mp4,a clean 3D architectural building model rotating on a white background
model00397.mp4,a clean 3D architectural building model rotating on a white background
model00398.mp4,a clean 3D architectural building model rotating on a white background
model00400.mp4,a clean 3D architectural building model rotating on a white background
model00401.mp4,a clean 3D architectural building model rotating on a white background
model00403.mp4,a clean 3D architectural building model rotating on a white background
model00404.mp4,a clean 3D architectural building model rotating on a white background
model00405.mp4,a clean 3D architectural building model rotating on a white background
model00406.mp4,a clean 3D architectural building model rotating on a white background
model00407.mp4,a clean 3D architectural building model rotating on a white background
model00408.mp4,a clean 3D architectural building model rotating on a white background
model00410.mp4,a clean 3D architectural building model rotating on a white background
model00411.mp4,a clean 3D architectural building model rotating on a white background
model00412.mp4,a clean 3D architectural building model rotating on a white background
model00414.mp4,a clean 3D architectural building model rotating on a white background
model00415.mp4,a clean 3D architectural building model rotating on a white background
model00416.mp4,a clean 3D architectural building model rotating on a white background
model00417.mp4,a clean 3D architectural building model rotating on a white background
model00419.mp4,a clean 3D architectural building model rotating on a white background
model00420.mp4,a clean 3D architectural building model rotating on a white background
model00421.mp4,a clean 3D architectural building model rotating on a white background
model00422.mp4,a clean 3D architectural building model rotating on a white background
model00423.mp4,a clean 3D architectural building model rotating on a white background
model00424.mp4,a clean 3D architectural building model rotating on a white background
model00425.mp4,a clean 3D architectural building model rotating on a white background
model00426.mp4,a clean 3D architectural building model rotating on a white background
model00427.mp4,a clean 3D architectural building model rotating on a white background
model00430.mp4,a clean 3D architectural building model rotating on a white background
model00431.mp4,a clean 3D architectural building model rotating on a white background
model00432.mp4,a clean 3D architectural building model rotating on a white background
model00433.mp4,a clean 3D architectural building model rotating on a white background
model00434.mp4,a clean 3D architectural building model rotating on a white background
model00435.mp4,a clean 3D architectural building model rotating on a white background
model00437.mp4,a clean 3D architectural building model rotating on a white background
model00438.mp4,a clean 3D architectural building model rotating on a white background
model00439.mp4,a clean 3D architectural building model rotating on a white background
model00441.mp4,a clean 3D architectural building model rotating on a white background
model00442.mp4,a clean 3D architectural building model rotating on a white background
model00444.mp4,a clean 3D architectural building model rotating on a white background
model00445.mp4,a clean 3D architectural building model rotating on a white background
model00446.mp4,a clean 3D architectural building model rotating on a white background
model00448.mp4,a clean 3D architectural building model rotating on a white background
model00449.mp4,a clean 3D architectural building model rotating on a white background
model00450.mp4,a clean 3D architectural building model rotating on a white background
model00451.mp4,a clean 3D architectural building model rotating on a white background
model00452.mp4,a clean 3D architectural building model rotating on a white background
model00453.mp4,a clean 3D architectural building model rotating on a white background
model00454.mp4,a clean 3D architectural building model rotating on a white background
model00455.mp4,a clean 3D architectural building model rotating on a white background
model00457.mp4,a clean 3D architectural building model rotating on a white background
model00458.mp4,a clean 3D architectural building model rotating on a white background
model00459.mp4,a clean 3D architectural building model rotating on a white background
model00460.mp4,a clean 3D architectural building model rotating on a white background
model00461.mp4,a clean 3D architectural building model rotating on a white background
model00462.mp4,a clean 3D architectural building model rotating on a white background
model00463.mp4,a clean 3D architectural building model rotating on a white background
model00464.mp4,a clean 3D architectural building model rotating on a white background
model00465.mp4,a clean 3D architectural building model rotating on a white background
model00466.mp4,a clean 3D architectural building model rotating on a white background
model00467.mp4,a clean 3D architectural building model rotating on a white background
model00468.mp4,a clean 3D architectural building model rotating on a white background
model00469.mp4,a clean 3D architectural building model rotating on a white background
model00470.mp4,a clean 3D architectural building model rotating on a white background
model00471.mp4,a clean 3D architectural building model rotating on a white background
model00472.mp4,a clean 3D architectural building model rotating on a white background
model00473.mp4,a clean 3D architectural building model rotating on a white background
model00474.mp4,a clean 3D architectural building model rotating on a white background
model00475.mp4,a clean 3D architectural building model rotating on a white background
model00476.mp4,a clean 3D architectural building model rotating on a white background
model00477.mp4,a clean 3D architectural building model rotating on a white background
model00478.mp4,a clean 3D architectural building model rotating on a white background
model00479.mp4,a clean 3D architectural building model rotating on a white background
model00482.mp4,a clean 3D architectural building model rotating on a white background
model00483.mp4,a clean 3D architectural building model rotating on a white background
model00484.mp4,a clean 3D architectural building model rotating on a white background
model00485.mp4,a clean 3D architectural building model rotating on a white background
model00486.mp4,a clean 3D architectural building model rotating on a white background
model00487.mp4,a clean 3D architectural building model rotating on a white background
model00488.mp4,a clean 3D architectural building model rotating on a white background
model00489.mp4,a clean 3D architectural building model rotating on a white background
model00491.mp4,a clean 3D architectural building model rotating on a white background
model00492.mp4,a clean 3D architectural building model rotating on a white background
model00493.mp4,a clean 3D architectural building model rotating on a white background
model00494.mp4,a clean 3D architectural building model rotating on a white background
model00495.mp4,a clean 3D architectural building model rotating on a white background
model00496.mp4,a clean 3D architectural building model rotating on a white background
model00498.mp4,a clean 3D architectural building model rotating on a white background
model00499.mp4,a clean 3D architectural building model rotating on a white background
model00501.mp4,a clean 3D architectural building model rotating on a white background
model00502.mp4,a clean 3D architectural building model rotating on a white background
model00504.mp4,a clean 3D architectural building model rotating on a white background
model00505.mp4,a clean 3D architectural building model rotating on a white background
model00509.mp4,a clean 3D architectural building model rotating on a white background
model00510.mp4,a clean 3D architectural building model rotating on a white background
model00511.mp4,a clean 3D architectural building model rotating on a white background
model00512.mp4,a clean 3D architectural building model rotating on a white background
model00513.mp4,a clean 3D architectural building model rotating on a white background
model00514.mp4,a clean 3D architectural building model rotating on a white background
model00515.mp4,a clean 3D architectural building model rotating on a white background
model00516.mp4,a clean 3D architectural building model rotating on a white background
model00517.mp4,a clean 3D architectural building model rotating on a white background
model00518.mp4,a clean 3D architectural building model rotating on a white background
model00519.mp4,a clean 3D architectural building model rotating on a white background
model00521.mp4,a clean 3D architectural building model rotating on a white background
model00522.mp4,a clean 3D architectural building model rotating on a white background
model00523.mp4,a clean 3D architectural building model rotating on a white background
model00524.mp4,a clean 3D architectural building model rotating on a white background
model00525.mp4,a clean 3D architectural building model rotating on a white background
model00526.mp4,a clean 3D architectural building model rotating on a white background
model00528.mp4,a clean 3D architectural building model rotating on a white background
model00529.mp4,a clean 3D architectural building model rotating on a white background
model00530.mp4,a clean 3D architectural building model rotating on a white background
model00532.mp4,a clean 3D architectural building model rotating on a white background
model00533.mp4,a clean 3D architectural building model rotating on a white background
model00534.mp4,a clean 3D architectural building model rotating on a white background
model00535.mp4,a clean 3D architectural building model rotating on a white background
model00537.mp4,a clean 3D architectural building model rotating on a white background
model00538.mp4,a clean 3D architectural building model rotating on a white background
model00539.mp4,a clean 3D architectural building model rotating on a white background
model00540.mp4,a clean 3D architectural building model rotating on a white background
model00541.mp4,a clean 3D architectural building model rotating on a white background
model00542.mp4,a clean 3D architectural building model rotating on a white background
model00543.mp4,a clean 3D architectural building model rotating on a white background
model00544.mp4,a clean 3D architectural building model rotating on a white background
model00546.mp4,a clean 3D architectural building model rotating on a white background
model00547.mp4,a clean 3D architectural building model rotating on a white background
model00548.mp4,a clean 3D architectural building model rotating on a white background
model00549.mp4,a clean 3D architectural building model rotating on a white background
model00550.mp4,a clean 3D architectural building model rotating on a white background
model00553.mp4,a clean 3D architectural building model rotating on a white background
model00554.mp4,a clean 3D architectural building model rotating on a white background
model00555.mp4,a clean 3D architectural building model rotating on a white background
model00556.mp4,a clean 3D architectural building model rotating on a white background
model00557.mp4,a clean 3D architectural building model rotating on a white background
model00558.mp4,a clean 3D architectural building model rotating on a white background
model00559.mp4,a clean 3D architectural building model rotating on a white background
model00560.mp4,a clean 3D architectural building model rotating on a white background
model00561.mp4,a clean 3D architectural building model rotating on a white background
model00562.mp4,a clean 3D architectural building model rotating on a white background
model00563.mp4,a clean 3D architectural building model rotating on a white background
model00564.mp4,a clean 3D architectural building model rotating on a white background
model00567.mp4,a clean 3D architectural building model rotating on a white background
model00570.mp4,a clean 3D architectural building model rotating on a white background
model00571.mp4,a clean 3D architectural building model rotating on a white background
model00572.mp4,a clean 3D architectural building model rotating on a white background
model00573.mp4,a clean 3D architectural building model rotating on a white background
model00575.mp4,a clean 3D architectural building model rotating on a white background
model00576.mp4,a clean 3D architectural building model rotating on a white background
model00577.mp4,a clean 3D architectural building model rotating on a white background
model00580.mp4,a clean 3D architectural building model rotating on a white background
model00581.mp4,a clean 3D architectural building model rotating on a white background
model00582.mp4,a clean 3D architectural building model rotating on a white background
model00583.mp4,a clean 3D architectural building model rotating on a white background
model00584.mp4,a clean 3D architectural building model rotating on a white background
model00585.mp4,a clean 3D architectural building model rotating on a white background
model00586.mp4,a clean 3D architectural building model rotating on a white background
model00592.mp4,a clean 3D architectural building model rotating on a white background
model00593.mp4,a clean 3D architectural building model rotating on a white background
model00596.mp4,a clean 3D architectural building model rotating on a white background
model00597.mp4,a clean 3D architectural building model rotating on a white background
model00598.mp4,a clean 3D architectural building model rotating on a white background
model00600.mp4,a clean 3D architectural building model rotating on a white background
model00601.mp4,a clean 3D architectural building model rotating on a white background
model00603.mp4,a clean 3D architectural building model rotating on a white background
model00605.mp4,a clean 3D architectural building model rotating on a white background
model00606.mp4,a clean 3D architectural building model rotating on a white background
model00607.mp4,a clean 3D architectural building model rotating on a white background
model00608.mp4,a clean 3D architectural building model rotating on a white background
model00610.mp4,a clean 3D architectural building model rotating on a white background
model00612.mp4,a clean 3D architectural building model rotating on a white background
model00613.mp4,a clean 3D architectural building model rotating on a white background
model00615.mp4,a clean 3D architectural building model rotating on a white background
model00616.mp4,a clean 3D architectural building model rotating on a white background
model00617.mp4,a clean 3D architectural building model rotating on a white background
model00618.mp4,a clean 3D architectural building model rotating on a white background
model00620.mp4,a clean 3D architectural building model rotating on a white background
model00621.mp4,a clean 3D architectural building model rotating on a white background
model00622.mp4,a clean 3D architectural building model rotating on a white background
model00623.mp4,a clean 3D architectural building model rotating on a white background
model00624.mp4,a clean 3D architectural building model rotating on a white background
model00625.mp4,a clean 3D architectural building model rotating on a white background
model00626.mp4,a clean 3D architectural building model rotating on a white background
model00627.mp4,a clean 3D architectural building model rotating on a white background
model00628.mp4,a clean 3D architectural building model rotating on a white background
model00630.mp4,a clean 3D architectural building model rotating on a white background
model00631.mp4,a clean 3D architectural building model rotating on a white background
model00633.mp4,a clean 3D architectural building model rotating on a white background
model00634.mp4,a clean 3D architectural building model rotating on a white background
model00635.mp4,a clean 3D architectural building model rotating on a white background
model00636.mp4,a clean 3D architectural building model rotating on a white background
model00637.mp4,a clean 3D architectural building model rotating on a white background
model00638.mp4,a clean 3D architectural building model rotating on a white background
model00639.mp4,a clean 3D architectural building model rotating on a white background
model00640.mp4,a clean 3D architectural building model rotating on a white background
model00641.mp4,a clean 3D architectural building model rotating on a white background
model00642.mp4,a clean 3D architectural building model rotating on a white background
model00643.mp4,a clean 3D architectural building model rotating on a white background
model00644.mp4,a clean 3D architectural building model rotating on a white background
model00645.mp4,a clean 3D architectural building model rotating on a white background
model00646.mp4,a clean 3D architectural building model rotating on a white background
model00647.mp4,a clean 3D architectural building model rotating on a white background
model00648.mp4,a clean 3D architectural building model rotating on a white background
model00649.mp4,a clean 3D architectural building model rotating on a white background
model00650.mp4,a clean 3D architectural building model rotating on a white background
model00651.mp4,a clean 3D architectural building model rotating on a white background
model00652.mp4,a clean 3D architectural building model rotating on a white background
model00653.mp4,a clean 3D architectural building model rotating on a white background
model00654.mp4,a clean 3D architectural building model rotating on a white background
model00655.mp4,a clean 3D architectural building model rotating on a white background
model00656.mp4,a clean 3D architectural building model rotating on a white background
model00657.mp4,a clean 3D architectural building model rotating on a white background
model00659.mp4,a clean 3D architectural building model rotating on a white background
model00660.mp4,a clean 3D architectural building model rotating on a white background
model00661.mp4,a clean 3D architectural building model rotating on a white background
model00662.mp4,a clean 3D architectural building model rotating on a white background
model00663.mp4,a clean 3D architectural building model rotating on a white background
model00668.mp4,a clean 3D architectural building model rotating on a white background
model00669.mp4,a clean 3D architectural building model rotating on a white background
model00670.mp4,a clean 3D architectural building model rotating on a white background
model00671.mp4,a clean 3D architectural building model rotating on a white background
model00672.mp4,a clean 3D architectural building model rotating on a white background
model00674.mp4,a clean 3D architectural building model rotating on a white background
model00676.mp4,a clean 3D architectural building model rotating on a white background
model00677.mp4,a clean 3D architectural building model rotating on a white background
model00680.mp4,a clean 3D architectural building model rotating on a white background
model00681.mp4,a clean 3D architectural building model rotating on a white background
model00683.mp4,a clean 3D architectural building model rotating on a white background
model00684.mp4,a clean 3D architectural building model rotating on a white background
model00685.mp4,a clean 3D architectural building model rotating on a white background
model00687.mp4,a clean 3D architectural building model rotating on a white background
model00688.mp4,a clean 3D architectural building model rotating on a white background
model00689.mp4,a clean 3D architectural building model rotating on a white background
model00692.mp4,a clean 3D architectural building model rotating on a white background
model00693.mp4,a clean 3D architectural building model rotating on a white background
model00695.mp4,a clean 3D architectural building model rotating on a white background
model00696.mp4,a clean 3D architectural building model rotating on a white background
model00697.mp4,a clean 3D architectural building model rotating on a white background
model00698.mp4,a clean 3D architectural building model rotating on a white background
model00699.mp4,a clean 3D architectural building model rotating on a white background
model00701.mp4,a clean 3D architectural building model rotating on a white background
model00702.mp4,a clean 3D architectural building model rotating on a white background
model00703.mp4,a clean 3D architectural building model rotating on a white background
model00705.mp4,a clean 3D architectural building model rotating on a white background
model00706.mp4,a clean 3D architectural building model rotating on a white background
model00707.mp4,a clean 3D architectural building model rotating on a white background
model00708.mp4,a clean 3D architectural building model rotating on a white background
model00710.mp4,a clean 3D architectural building model rotating on a white background
model00711.mp4,a clean 3D architectural building model rotating on a white background
model00712.mp4,a clean 3D architectural building model rotating on a white background
model00715.mp4,a clean 3D architectural building model rotating on a white background
model00717.mp4,a clean 3D architectural building model rotating on a white background
model00718.mp4,a clean 3D architectural building model rotating on a white background
model00719.mp4,a clean 3D architectural building model rotating on a white background
model00720.mp4,a clean 3D architectural building model rotating on a white background
model00723.mp4,a clean 3D architectural building model rotating on a white background
model00724.mp4,a clean 3D architectural building model rotating on a white background
model00725.mp4,a clean 3D architectural building model rotating on a white background
model00726.mp4,a clean 3D architectural building model rotating on a white background
model00727.mp4,a clean 3D architectural building model rotating on a white background
model00728.mp4,a clean 3D architectural building model rotating on a white background
model00729.mp4,a clean 3D architectural building model rotating on a white background
model00730.mp4,a clean 3D architectural building model rotating on a white background
model00731.mp4,a clean 3D architectural building model rotating on a white background
model00732.mp4,a clean 3D architectural building model rotating on a white background
model00733.mp4,a clean 3D architectural building model rotating on a white background
model00734.mp4,a clean 3D architectural building model rotating on a white background
model00735.mp4,a clean 3D architectural building model rotating on a white background
model00736.mp4,a clean 3D architectural building model rotating on a white background
model00737.mp4,a clean 3D architectural building model rotating on a white background
model00738.mp4,a clean 3D architectural building model rotating on a white background
model00739.mp4,a clean 3D architectural building model rotating on a white background
model00740.mp4,a clean 3D architectural building model rotating on a white background
model00741.mp4,a clean 3D architectural building model rotating on a white background
model00742.mp4,a clean 3D architectural building model rotating on a white background
model00743.mp4,a clean 3D architectural building model rotating on a white background
model00744.mp4,a clean 3D architectural building model rotating on a white background
model00746.mp4,a clean 3D architectural building model rotating on a white background
model00747.mp4,a clean 3D architectural building model rotating on a white background
model00749.mp4,a clean 3D architectural building model rotating on a white background
model00750.mp4,a clean 3D architectural building model rotating on a white background
model00751.mp4,a clean 3D architectural building model rotating on a white background
model00752.mp4,a clean 3D architectural building model rotating on a white background
model00753.mp4,a clean 3D architectural building model rotating on a white background
model00754.mp4,a clean 3D architectural building model rotating on a white background
model00755.mp4,a clean 3D architectural building model rotating on a white background
model00756.mp4,a clean 3D architectural building model rotating on a white background
model00758.mp4,a clean 3D architectural building model rotating on a white background
model00759.mp4,a clean 3D architectural building model rotating on a white background
model00760.mp4,a clean 3D architectural building model rotating on a white background
model00761.mp4,a clean 3D architectural building model rotating on a white background
model00762.mp4,a clean 3D architectural building model rotating on a white background
model00763.mp4,a clean 3D architectural building model rotating on a white background
model00765.mp4,a clean 3D architectural building model rotating on a white background
model00766.mp4,a clean 3D architectural building model rotating on a white background
model00767.mp4,a clean 3D architectural building model rotating on a white background
model00769.mp4,a clean 3D architectural building model rotating on a white background
model00770.mp4,a clean 3D architectural building model rotating on a white background
model00771.mp4,a clean 3D architectural building model rotating on a white background
model00772.mp4,a clean 3D architectural building model rotating on a white background
model00773.mp4,a clean 3D architectural building model rotating on a white background
model00774.mp4,a clean 3D architectural building model rotating on a white background
model00775.mp4,a clean 3D architectural building model rotating on a white background
model00776.mp4,a clean 3D architectural building model rotating on a white background
model00778.mp4,a clean 3D architectural building model rotating on a white background
model00780.mp4,a clean 3D architectural building model rotating on a white background
model00781.mp4,a clean 3D architectural building model rotating on a white background
model00782.mp4,a clean 3D architectural building model rotating on a white background
model00783.mp4,a clean 3D architectural building model rotating on a white background
model00784.mp4,a clean 3D architectural building model rotating on a white background
model00785.mp4,a clean 3D architectural building model rotating on a white background
model00789.mp4,a clean 3D architectural building model rotating on a white background
model00790.mp4,a clean 3D architectural building model rotating on a white background
model00792.mp4,a clean 3D architectural building model rotating on a white background
model00793.mp4,a clean 3D architectural building model rotating on a white background
model00794.mp4,a clean 3D architectural building model rotating on a white background
model00795.mp4,a clean 3D architectural building model rotating on a white background
model00796.mp4,a clean 3D architectural building model rotating on a white background
model00800.mp4,a clean 3D architectural building model rotating on a white background
model00801.mp4,a clean 3D architectural building model rotating on a white background
model00805.mp4,a clean 3D architectural building model rotating on a white background
model00807.mp4,a clean 3D architectural building model rotating on a white background
model00808.mp4,a clean 3D architectural building model rotating on a white background
model00809.mp4,a clean 3D architectural building model rotating on a white background
model00810.mp4,a clean 3D architectural building model rotating on a white background
model00811.mp4,a clean 3D architectural building model rotating on a white background
model00812.mp4,a clean 3D architectural building model rotating on a white background
model00813.mp4,a clean 3D architectural building model rotating on a white background
model00814.mp4,a clean 3D architectural building model rotating on a white background
model00815.mp4,a clean 3D architectural building model rotating on a white background
model00816.mp4,a clean 3D architectural building model rotating on a white background
model00817.mp4,a clean 3D architectural building model rotating on a white background
model00819.mp4,a clean 3D architectural building model rotating on a white background
model00820.mp4,a clean 3D architectural building model rotating on a white background
model00821.mp4,a clean 3D architectural building model rotating on a white background
model00823.mp4,a clean 3D architectural building model rotating on a white background
model00824.mp4,a clean 3D architectural building model rotating on a white background
model00825.mp4,a clean 3D architectural building model rotating on a white background
model00826.mp4,a clean 3D architectural building model rotating on a white background
model00827.mp4,a clean 3D architectural building model rotating on a white background
model00828.mp4,a clean 3D architectural building model rotating on a white background
model00830.mp4,a clean 3D architectural building model rotating on a white background
model00832.mp4,a clean 3D architectural building model rotating on a white background
model00833.mp4,a clean 3D architectural building model rotating on a white background
model00834.mp4,a clean 3D architectural building model rotating on a white background
model00835.mp4,a clean 3D architectural building model rotating on a white background
model00836.mp4,a clean 3D architectural building model rotating on a white background
model00837.mp4,a clean 3D architectural building model rotating on a white background
model00838.mp4,a clean 3D architectural building model rotating on a white background
model00839.mp4,a clean 3D architectural building model rotating on a white background
model00840.mp4,a clean 3D architectural building model rotating on a white background
model00841.mp4,a clean 3D architectural building model rotating on a white background
model00842.mp4,a clean 3D architectural building model rotating on a white background
model00843.mp4,a clean 3D architectural building model rotating on a white background
model00844.mp4,a clean 3D architectural building model rotating on a white background
model00846.mp4,a clean 3D architectural building model rotating on a white background
model00847.mp4,a clean 3D architectural building model rotating on a white background
model00848.mp4,a clean 3D architectural building model rotating on a white background
model00849.mp4,a clean 3D architectural building model rotating on a white background
model00850.mp4,a clean 3D architectural building model rotating on a white background
model00851.mp4,a clean 3D architectural building model rotating on a white background
model00852.mp4,a clean 3D architectural building model rotating on a white background
model00853.mp4,a clean 3D architectural building model rotating on a white background
model00854.mp4,a clean 3D architectural building model rotating on a white background
model00855.mp4,a clean 3D architectural building model rotating on a white background
model00856.mp4,a clean 3D architectural building model rotating on a white background
model00857.mp4,a clean 3D architectural building model rotating on a white background
model00858.mp4,a clean 3D architectural building model rotating on a white background
model00859.mp4,a clean 3D architectural building model rotating on a white background
model00860.mp4,a clean 3D architectural building model rotating on a white background
model00861.mp4,a clean 3D architectural building model rotating on a white background
model00863.mp4,a clean 3D architectural building model rotating on a white background
model00864.mp4,a clean 3D architectural building model rotating on a white background
model00865.mp4,a clean 3D architectural building model rotating on a white background
model00867.mp4,a clean 3D architectural building model rotating on a white background
model00869.mp4,a clean 3D architectural building model rotating on a white background
model00870.mp4,a clean 3D architectural building model rotating on a white background
model00872.mp4,a clean 3D architectural building model rotating on a white background
model00873.mp4,a clean 3D architectural building model rotating on a white background
model00874.mp4,a clean 3D architectural building model rotating on a white background
model00875.mp4,a clean 3D architectural building model rotating on a white background
model00876.mp4,a clean 3D architectural building model rotating on a white background
model00877.mp4,a clean 3D architectural building model rotating on a white background
model00881.mp4,a clean 3D architectural building model rotating on a white background
model00884.mp4,a clean 3D architectural building model rotating on a white background
model00885.mp4,a clean 3D architectural building model rotating on a white background
model00886.mp4,a clean 3D architectural building model rotating on a white background
model00887.mp4,a clean 3D architectural building model rotating on a white background
model00888.mp4,a clean 3D architectural building model rotating on a white background
model00889.mp4,a clean 3D architectural building model rotating on a white background
model00891.mp4,a clean 3D architectural building model rotating on a white background
model00892.mp4,a clean 3D architectural building model rotating on a white background
model00894.mp4,a clean 3D architectural building model rotating on a white background
model00895.mp4,a clean 3D architectural building model rotating on a white background
model00896.mp4,a clean 3D architectural building model rotating on a white background
model00897.mp4,a clean 3D architectural building model rotating on a white background
model00898.mp4,a clean 3D architectural building model rotating on a white background
model00899.mp4,a clean 3D architectural building model rotating on a white background
model00900.mp4,a clean 3D architectural building model rotating on a white background
model00901.mp4,a clean 3D architectural building model rotating on a white background
model00902.mp4,a clean 3D architectural building model rotating on a white background
model00903.mp4,a clean 3D architectural building model rotating on a white background
model00905.mp4,a clean 3D architectural building model rotating on a white background
model00906.mp4,a clean 3D architectural building model rotating on a white background
model00907.mp4,a clean 3D architectural building model rotating on a white background
model00908.mp4,a clean 3D architectural building model rotating on a white background
model00909.mp4,a clean 3D architectural building model rotating on a white background
model00910.mp4,a clean 3D architectural building model rotating on a white background
model00912.mp4,a clean 3D architectural building model rotating on a white background
model00913.mp4,a clean 3D architectural building model rotating on a white background
model00915.mp4,a clean 3D architectural building model rotating on a white background
model00916.mp4,a clean 3D architectural building model rotating on a white background
model00918.mp4,a clean 3D architectural building model rotating on a white background
model00921.mp4,a clean 3D architectural building model rotating on a white background
model00922.mp4,a clean 3D architectural building model rotating on a white background
model00924.mp4,a clean 3D architectural building model rotating on a white background
model00925.mp4,a clean 3D architectural building model rotating on a white background
model00926.mp4,a clean 3D architectural building model rotating on a white background
model00928.mp4,a clean 3D architectural building model rotating on a white background
model00929.mp4,a clean 3D architectural building model rotating on a white background
model00930.mp4,a clean 3D architectural building model rotating on a white background
model00931.mp4,a clean 3D architectural building model rotating on a white background
model00932.mp4,a clean 3D architectural building model rotating on a white background
model00933.mp4,a clean 3D architectural building model rotating on a white background
model00934.mp4,a clean 3D architectural building model rotating on a white background
model00936.mp4,a clean 3D architectural building model rotating on a white background
model00937.mp4,a clean 3D architectural building model rotating on a white background
model00938.mp4,a clean 3D architectural building model rotating on a white background
model00939.mp4,a clean 3D architectural building model rotating on a white background
model00940.mp4,a clean 3D architectural building model rotating on a white background
model00941.mp4,a clean 3D architectural building model rotating on a white background
model00942.mp4,a clean 3D architectural building model rotating on a white background
model00944.mp4,a clean 3D architectural building model rotating on a white background
model00945.mp4,a clean 3D architectural building model rotating on a white background
model00946.mp4,a clean 3D architectural building model rotating on a white background
model00947.mp4,a clean 3D architectural building model rotating on a white background
model00948.mp4,a clean 3D architectural building model rotating on a white background
model00950.mp4,a clean 3D architectural building model rotating on a white background
model00951.mp4,a clean 3D architectural building model rotating on a white background
model00952.mp4,a clean 3D architectural building model rotating on a white background
model00953.mp4,a clean 3D architectural building model rotating on a white background
model00954.mp4,a clean 3D architectural building model rotating on a white background
model00955.mp4,a clean 3D architectural building model rotating on a white background
model00956.mp4,a clean 3D architectural building model rotating on a white background
model00957.mp4,a clean 3D architectural building model rotating on a white background
model00958.mp4,a clean 3D architectural building model rotating on a white background
model00959.mp4,a clean 3D architectural building model rotating on a white background
model00961.mp4,a clean 3D architectural building model rotating on a white background
model00962.mp4,a clean 3D architectural building model rotating on a white background
model00963.mp4,a clean 3D architectural building model rotating on a white background
model00965.mp4,a clean 3D architectural building model rotating on a white background
model00966.mp4,a clean 3D architectural building model rotating on a white background
model00967.mp4,a clean 3D architectural building model rotating on a white background
model00968.mp4,a clean 3D architectural building model rotating on a white background
model00969.mp4,a clean 3D architectural building model rotating on a white background
model00970.mp4,a clean 3D architectural building model rotating on a white background
model00971.mp4,a clean 3D architectural building model rotating on a white background
model00972.mp4,a clean 3D architectural building model rotating on a white background
model00973.mp4,a clean 3D architectural building model rotating on a white background
model00974.mp4,a clean 3D architectural building model rotating on a white background
model00975.mp4,a clean 3D architectural building model rotating on a white background
model00976.mp4,a clean 3D architectural building model rotating on a white background
model00978.mp4,a clean 3D architectural building model rotating on a white background
model00979.mp4,a clean 3D architectural building model rotating on a white background
model00980.mp4,a clean 3D architectural building model rotating on a white background
model00981.mp4,a clean 3D architectural building model rotating on a white background
model00982.mp4,a clean 3D architectural building model rotating on a white background
model00983.mp4,a clean 3D architectural building model rotating on a white background
model00984.mp4,a clean 3D architectural building model rotating on a white background
model00986.mp4,a clean 3D architectural building model rotating on a white background
model00987.mp4,a clean 3D architectural building model rotating on a white background
model00988.mp4,a clean 3D architectural building model rotating on a white background
model00989.mp4,a clean 3D architectural building model rotating on a white background
model00990.mp4,a clean 3D architectural building model rotating on a white background
model00991.mp4,a clean 3D architectural building model rotating on a white background
model00992.mp4,a clean 3D architectural building model rotating on a white background
model00993.mp4,a clean 3D architectural building model rotating on a white background
model00994.mp4,a clean 3D architectural building model rotating on a white background
model00995.mp4,a clean 3D architectural building model rotating on a white background
model00996.mp4,a clean 3D architectural building model rotating on a white background
model00998.mp4,a clean 3D architectural building model rotating on a white background
model00999.mp4,a clean 3D architectural building model rotating on a white background
model01000.mp4,a clean 3D architectural building model rotating on a white background
model01001.mp4,a clean 3D architectural building model rotating on a white background
model01002.mp4,a clean 3D architectural building model rotating on a white background
model01004.mp4,a clean 3D architectural building model rotating on a white background
model01005.mp4,a clean 3D architectural building model rotating on a white background
model01006.mp4,a clean 3D architectural building model rotating on a white background
model01007.mp4,a clean 3D architectural building model rotating on a white background
model01008.mp4,a clean 3D architectural building model rotating on a white background
model01010.mp4,a clean 3D architectural building model rotating on a white background
model01012.mp4,a clean 3D architectural building model rotating on a white background
model01013.mp4,a clean 3D architectural building model rotating on a white background
model01014.mp4,a clean 3D architectural building model rotating on a white background
model01016.mp4,a clean 3D architectural building model rotating on a white background
model01017.mp4,a clean 3D architectural building model rotating on a white background
model01019.mp4,a clean 3D architectural building model rotating on a white background
model01020.mp4,a clean 3D architectural building model rotating on a white background
model01021.mp4,a clean 3D architectural building model rotating on a white background
model01022.mp4,a clean 3D architectural building model rotating on a white background
model01023.mp4,a clean 3D architectural building model rotating on a white background
model01025.mp4,a clean 3D architectural building model rotating on a white background
model01026.mp4,a clean 3D architectural building model rotating on a white background
model01027.mp4,a clean 3D architectural building model rotating on a white background
model01028.mp4,a clean 3D architectural building model rotating on a white background
model01029.mp4,a clean 3D architectural building model rotating on a white background
model01031.mp4,a clean 3D architectural building model rotating on a white background
model01032.mp4,a clean 3D architectural building model rotating on a white background
model01033.mp4,a clean 3D architectural building model rotating on a white background
model01034.mp4,a clean 3D architectural building model rotating on a white background
model01035.mp4,a clean 3D architectural building model rotating on a white background
model01036.mp4,a clean 3D architectural building model rotating on a white background
model01037.mp4,a clean 3D architectural building model rotating on a white background
model01038.mp4,a clean 3D architectural building model rotating on a white background
model01039.mp4,a clean 3D architectural building model rotating on a white background
model01040.mp4,a clean 3D architectural building model rotating on a white background
model01041.mp4,a clean 3D architectural building model rotating on a white background
model01042.mp4,a clean 3D architectural building model rotating on a white background
model01044.mp4,a clean 3D architectural building model rotating on a white background
model01045.mp4,a clean 3D architectural building model rotating on a white background
model01047.mp4,a clean 3D architectural building model rotating on a white background
model01048.mp4,a clean 3D architectural building model rotating on a white background
model01049.mp4,a clean 3D architectural building model rotating on a white background
model01050.mp4,a clean 3D architectural building model rotating on a white background
model01051.mp4,a clean 3D architectural building model rotating on a white background
model01052.mp4,a clean 3D architectural building model rotating on a white background
model01055.mp4,a clean 3D architectural building model rotating on a white background
model01056.mp4,a clean 3D architectural building model rotating on a white background
model01057.mp4,a clean 3D architectural building model rotating on a white background
model01058.mp4,a clean 3D architectural building model rotating on a white background
model01059.mp4,a clean 3D architectural building model rotating on a white background
model01060.mp4,a clean 3D architectural building model rotating on a white background
model01061.mp4,a clean 3D architectural building model rotating on a white background
model01062.mp4,a clean 3D architectural building model rotating on a white background
model01064.mp4,a clean 3D architectural building model rotating on a white background
model01065.mp4,a clean 3D architectural building model rotating on a white background
model01066.mp4,a clean 3D architectural building model rotating on a white background
model01068.mp4,a clean 3D architectural building model rotating on a white background
model01069.mp4,a clean 3D architectural building model rotating on a white background
model01070.mp4,a clean 3D architectural building model rotating on a white background
model01071.mp4,a clean 3D architectural building model rotating on a white background
model01073.mp4,a clean 3D architectural building model rotating on a white background
model01074.mp4,a clean 3D architectural building model rotating on a white background
model01075.mp4,a clean 3D architectural building model rotating on a white background
model01076.mp4,a clean 3D architectural building model rotating on a white background
model01077.mp4,a clean 3D architectural building model rotating on a white background
model01078.mp4,a clean 3D architectural building model rotating on a white background
model01081.mp4,a clean 3D architectural building model rotating on a white background
model01083.mp4,a clean 3D architectural building model rotating on a white background
model01084.mp4,a clean 3D architectural building model rotating on a white background
model01086.mp4,a clean 3D architectural building model rotating on a white background
model01087.mp4,a clean 3D architectural building model rotating on a white background
model01088.mp4,a clean 3D architectural building model rotating on a white background
model01089.mp4,a clean 3D architectural building model rotating on a white background
model01090.mp4,a clean 3D architectural building model rotating on a white background
model01091.mp4,a clean 3D architectural building model rotating on a white background
model01092.mp4,a clean 3D architectural building model rotating on a white background
model01093.mp4,a clean 3D architectural building model rotating on a white background
model01094.mp4,a clean 3D architectural building model rotating on a white background
model01095.mp4,a clean 3D architectural building model rotating on a white background
model01096.mp4,a clean 3D architectural building model rotating on a white background
model01097.mp4,a clean 3D architectural building model rotating on a white background
model01098.mp4,a clean 3D architectural building model rotating on a white background
model01100.mp4,a clean 3D architectural building model rotating on a white background
model01103.mp4,a clean 3D architectural building model rotating on a white background
model01104.mp4,a clean 3D architectural building model rotating on a white background
model01105.mp4,a clean 3D architectural building model rotating on a white background
model01106.mp4,a clean 3D architectural building model rotating on a white background
model01107.mp4,a clean 3D architectural building model rotating on a white background
model01108.mp4,a clean 3D architectural building model rotating on a white background
model01109.mp4,a clean 3D architectural building model rotating on a white background
model01110.mp4,a clean 3D architectural building model rotating on a white background
model01111.mp4,a clean 3D architectural building model rotating on a white background
model01112.mp4,a clean 3D architectural building model rotating on a white background
model01113.mp4,a clean 3D architectural building model rotating on a white background
model01114.mp4,a clean 3D architectural building model rotating on a white background
model01115.mp4,a clean 3D architectural building model rotating on a white background
model01117.mp4,a clean 3D architectural building model rotating on a white background
model01119.mp4,a clean 3D architectural building model rotating on a white background
model01120.mp4,a clean 3D architectural building model rotating on a white background
model01121.mp4,a clean 3D architectural building model rotating on a white background
model01122.mp4,a clean 3D architectural building model rotating on a white background
model01123.mp4,a clean 3D architectural building model rotating on a white background
model01124.mp4,a clean 3D architectural building model rotating on a white background
model01125.mp4,a clean 3D architectural building model rotating on a white background
model01128.mp4,a clean 3D architectural building model rotating on a white background
model01129.mp4,a clean 3D architectural building model rotating on a white background
model01130.mp4,a clean 3D architectural building model rotating on a white background
model01131.mp4,a clean 3D architectural building model rotating on a white background
model01132.mp4,a clean 3D architectural building model rotating on a white background
model01133.mp4,a clean 3D architectural building model rotating on a white background
model01134.mp4,a clean 3D architectural building model rotating on a white background
model01137.mp4,a clean 3D architectural building model rotating on a white background
model01138.mp4,a clean 3D architectural building model rotating on a white background
model01139.mp4,a clean 3D architectural building model rotating on a white background
model01140.mp4,a clean 3D architectural building model rotating on a white background
model01141.mp4,a clean 3D architectural building model rotating on a white background
model01142.mp4,a clean 3D architectural building model rotating on a white background
model01143.mp4,a clean 3D architectural building model rotating on a white background
model01144.mp4,a clean 3D architectural building model rotating on a white background
model01145.mp4,a clean 3D architectural building model rotating on a white background
model01146.mp4,a clean 3D architectural building model rotating on a white background
model01147.mp4,a clean 3D architectural building model rotating on a white background
model01148.mp4,a clean 3D architectural building model rotating on a white background
model01149.mp4,a clean 3D architectural building model rotating on a white background
model01150.mp4,a clean 3D architectural building model rotating on a white background
model01151.mp4,a clean 3D architectural building model rotating on a white background
model01152.mp4,a clean 3D architectural building model rotating on a white background
model01155.mp4,a clean 3D architectural building model rotating on a white background
model01157.mp4,a clean 3D architectural building model rotating on a white background
model01158.mp4,a clean 3D architectural building model rotating on a white background
model01159.mp4,a clean 3D architectural building model rotating on a white background
model01160.mp4,a clean 3D architectural building model rotating on a white background
model01161.mp4,a clean 3D architectural building model rotating on a white background
model01162.mp4,a clean 3D architectural building model rotating on a white background
model01163.mp4,a clean 3D architectural building model rotating on a white background
model01165.mp4,a clean 3D architectural building model rotating on a white background
model01167.mp4,a clean 3D architectural building model rotating on a white background
model01168.mp4,a clean 3D architectural building model rotating on a white background
model01170.mp4,a clean 3D architectural building model rotating on a white background
model01171.mp4,a clean 3D architectural building model rotating on a white background
model01173.mp4,a clean 3D architectural building model rotating on a white background
model01174.mp4,a clean 3D architectural building model rotating on a white background
model01175.mp4,a clean 3D architectural building model rotating on a white background
model01176.mp4,a clean 3D architectural building model rotating on a white background
model01177.mp4,a clean 3D architectural building model rotating on a white background
model01178.mp4,a clean 3D architectural building model rotating on a white background
model01179.mp4,a clean 3D architectural building model rotating on a white background
model01181.mp4,a clean 3D architectural building model rotating on a white background
model01183.mp4,a clean 3D architectural building model rotating on a white background
model01184.mp4,a clean 3D architectural building model rotating on a white background
model01185.mp4,a clean 3D architectural building model rotating on a white background
model01188.mp4,a clean 3D architectural building model rotating on a white background
model01189.mp4,a clean 3D architectural building model rotating on a white background
model01190.mp4,a clean 3D architectural building model rotating on a white background
model01191.mp4,a clean 3D architectural building model rotating on a white background
model01192.mp4,a clean 3D architectural building model rotating on a white background
model01193.mp4,a clean 3D architectural building model rotating on a white background
model01194.mp4,a clean 3D architectural building model rotating on a white background
model01196.mp4,a clean 3D architectural building model rotating on a white background
model01197.mp4,a clean 3D architectural building model rotating on a white background
model01198.mp4,a clean 3D architectural building model rotating on a white background
model01200.mp4,a clean 3D architectural building model rotating on a white background
model01201.mp4,a clean 3D architectural building model rotating on a white background
model01202.mp4,a clean 3D architectural building model rotating on a white background
model01203.mp4,a clean 3D architectural building model rotating on a white background
model01204.mp4,a clean 3D architectural building model rotating on a white background
model01205.mp4,a clean 3D architectural building model rotating on a white background
model01206.mp4,a clean 3D architectural building model rotating on a white background
model01207.mp4,a clean 3D architectural building model rotating on a white background
model01208.mp4,a clean 3D architectural building model rotating on a white background
model01209.mp4,a clean 3D architectural building model rotating on a white background
model01210.mp4,a clean 3D architectural building model rotating on a white background
model01211.mp4,a clean 3D architectural building model rotating on a white background
model01212.mp4,a clean 3D architectural building model rotating on a white background
model01213.mp4,a clean 3D architectural building model rotating on a white background
model01214.mp4,a clean 3D architectural building model rotating on a white background
model01215.mp4,a clean 3D architectural building model rotating on a white background
model01216.mp4,a clean 3D architectural building model rotating on a white background
model01219.mp4,a clean 3D architectural building model rotating on a white background
model01220.mp4,a clean 3D architectural building model rotating on a white background
model01221.mp4,a clean 3D architectural building model rotating on a white background
model01222.mp4,a clean 3D architectural building model rotating on a white background
model01223.mp4,a clean 3D architectural building model rotating on a white background
model01224.mp4,a clean 3D architectural building model rotating on a white background
model01225.mp4,a clean 3D architectural building model rotating on a white background
model01226.mp4,a clean 3D architectural building model rotating on a white background
model01227.mp4,a clean 3D architectural building model rotating on a white background
model01228.mp4,a clean 3D architectural building model rotating on a white background
model01229.mp4,a clean 3D architectural building model rotating on a white background
model01230.mp4,a clean 3D architectural building model rotating on a white background
model01232.mp4,a clean 3D architectural building model rotating on a white background
model01233.mp4,a clean 3D architectural building model rotating on a white background
model01235.mp4,a clean 3D architectural building model rotating on a white background
model01237.mp4,a clean 3D architectural building model rotating on a white background
model01238.mp4,a clean 3D architectural building model rotating on a white background
model01239.mp4,a clean 3D architectural building model rotating on a white background
model01240.mp4,a clean 3D architectural building model rotating on a white background
model01241.mp4,a clean 3D architectural building model rotating on a white background
model01242.mp4,a clean 3D architectural building model rotating on a white background
model01243.mp4,a clean 3D architectural building model rotating on a white background
model01244.mp4,a clean 3D architectural building model rotating on a white background
model01245.mp4,a clean 3D architectural building model rotating on a white background
model01247.mp4,a clean 3D architectural building model rotating on a white background
model01248.mp4,a clean 3D architectural building model rotating on a white background
model01249.mp4,a clean 3D architectural building model rotating on a white background
model01250.mp4,a clean 3D architectural building model rotating on a white background
model01252.mp4,a clean 3D architectural building model rotating on a white background
model01253.mp4,a clean 3D architectural building model rotating on a white background
model01254.mp4,a clean 3D architectural building model rotating on a white background
model01255.mp4,a clean 3D architectural building model rotating on a white background
model01256.mp4,a clean 3D architectural building model rotating on a white background
model01257.mp4,a clean 3D architectural building model rotating on a white background
model01258.mp4,a clean 3D architectural building model rotating on a white background
model01259.mp4,a clean 3D architectural building model rotating on a white background
model01260.mp4,a clean 3D architectural building model rotating on a white background
model01261.mp4,a clean 3D architectural building model rotating on a white background
model01262.mp4,a clean 3D architectural building model rotating on a white background
model01263.mp4,a clean 3D architectural building model rotating on a white background
model01264.mp4,a clean 3D architectural building model rotating on a white background
model01265.mp4,a clean 3D architectural building model rotating on a white background
model01266.mp4,a clean 3D architectural building model rotating on a white background
model01267.mp4,a clean 3D architectural building model rotating on a white background
model01268.mp4,a clean 3D architectural building model rotating on a white background
model01269.mp4,a clean 3D architectural building model rotating on a white background
model01270.mp4,a clean 3D architectural building model rotating on a white background
model01271.mp4,a clean 3D architectural building model rotating on a white background
model01272.mp4,a clean 3D architectural building model rotating on a white background
model01274.mp4,a clean 3D architectural building model rotating on a white background
model01276.mp4,a clean 3D architectural building model rotating on a white background
model01277.mp4,a clean 3D architectural building model rotating on a white background
model01278.mp4,a clean 3D architectural building model rotating on a white background
model01279.mp4,a clean 3D architectural building model rotating on a white background
model01281.mp4,a clean 3D architectural building model rotating on a white background
model01282.mp4,a clean 3D architectural building model rotating on a white background
model01283.mp4,a clean 3D architectural building model rotating on a white background
model01284.mp4,a clean 3D architectural building model rotating on a white background
model01285.mp4,a clean 3D architectural building model rotating on a white background
model01286.mp4,a clean 3D architectural building model rotating on a white background
model01287.mp4,a clean 3D architectural building model rotating on a white background
model01288.mp4,a clean 3D architectural building model rotating on a white background
model01289.mp4,a clean 3D architectural building model rotating on a white background
model01290.mp4,a clean 3D architectural building model rotating on a white background
model01291.mp4,a clean 3D architectural building model rotating on a white background
model01292.mp4,a clean 3D architectural building model rotating on a white background
model01293.mp4,a clean 3D architectural building model rotating on a white background
model01294.mp4,a clean 3D architectural building model rotating on a white background
model01296.mp4,a clean 3D architectural building model rotating on a white background
model01298.mp4,a clean 3D architectural building model rotating on a white background
model01300.mp4,a clean 3D architectural building model rotating on a white background
model01301.mp4,a clean 3D architectural building model rotating on a white background
model01302.mp4,a clean 3D architectural building model rotating on a white background
model01304.mp4,a clean 3D architectural building model rotating on a white background
model01305.mp4,a clean 3D architectural building model rotating on a white background
model01308.mp4,a clean 3D architectural building model rotating on a white background
model01309.mp4,a clean 3D architectural building model rotating on a white background
model01310.mp4,a clean 3D architectural building model rotating on a white background
model01311.mp4,a clean 3D architectural building model rotating on a white background
model01312.mp4,a clean 3D architectural building model rotating on a white background
model01313.mp4,a clean 3D architectural building model rotating on a white background
model01314.mp4,a clean 3D architectural building model rotating on a white background
model01315.mp4,a clean 3D architectural building model rotating on a white background
model01316.mp4,a clean 3D architectural building model rotating on a white background
model01317.mp4,a clean 3D architectural building model rotating on a white background
model01319.mp4,a clean 3D architectural building model rotating on a white background
model01320.mp4,a clean 3D architectural building model rotating on a white background
model01321.mp4,a clean 3D architectural building model rotating on a white background
model01322.mp4,a clean 3D architectural building model rotating on a white background
model01324.mp4,a clean 3D architectural building model rotating on a white background
model01325.mp4,a clean 3D architectural building model rotating on a white background
model01326.mp4,a clean 3D architectural building model rotating on a white background
model01327.mp4,a clean 3D architectural building model rotating on a white background
model01328.mp4,a clean 3D architectural building model rotating on a white background
model01329.mp4,a clean 3D architectural building model rotating on a white background
model01330.mp4,a clean 3D architectural building model rotating on a white background
model01331.mp4,a clean 3D architectural building model rotating on a white background
model01332.mp4,a clean 3D architectural building model rotating on a white background
model01333.mp4,a clean 3D architectural building model rotating on a white background
model01334.mp4,a clean 3D architectural building model rotating on a white background
model01335.mp4,a clean 3D architectural building model rotating on a white background
model01336.mp4,a clean 3D architectural building model rotating on a white background
model01337.mp4,a clean 3D architectural building model rotating on a white background
model01338.mp4,a clean 3D architectural building model rotating on a white background
model01339.mp4,a clean 3D architectural building model rotating on a white background
model01340.mp4,a clean 3D architectural building model rotating on a white background
model01342.mp4,a clean 3D architectural building model rotating on a white background
model01343.mp4,a clean 3D architectural building model rotating on a white background
model01344.mp4,a clean 3D architectural building model rotating on a white background
model01345.mp4,a clean 3D architectural building model rotating on a white background
model01346.mp4,a clean 3D architectural building model rotating on a white background
model01347.mp4,a clean 3D architectural building model rotating on a white background
model01348.mp4,a clean 3D architectural building model rotating on a white background
model01349.mp4,a clean 3D architectural building model rotating on a white background
model01351.mp4,a clean 3D architectural building model rotating on a white background
model01353.mp4,a clean 3D architectural building model rotating on a white background
model01354.mp4,a clean 3D architectural building model rotating on a white background
model01355.mp4,a clean 3D architectural building model rotating on a white background
model01357.mp4,a clean 3D architectural building model rotating on a white background
model01358.mp4,a clean 3D architectural building model rotating on a white background
model01359.mp4,a clean 3D architectural building model rotating on a white background
model01360.mp4,a clean 3D architectural building model rotating on a white background
model01361.mp4,a clean 3D architectural building model rotating on a white background
model01362.mp4,a clean 3D architectural building model rotating on a white background
model01363.mp4,a clean 3D architectural building model rotating on a white background
model01364.mp4,a clean 3D architectural building model rotating on a white background
model01365.mp4,a clean 3D architectural building model rotating on a white background
model01366.mp4,a clean 3D architectural building model rotating on a white background
model01367.mp4,a clean 3D architectural building model rotating on a white background
model01368.mp4,a clean 3D architectural building model rotating on a white background
model01371.mp4,a clean 3D architectural building model rotating on a white background
model01372.mp4,a clean 3D architectural building model rotating on a white background
model01373.mp4,a clean 3D architectural building model rotating on a white background
model01374.mp4,a clean 3D architectural building model rotating on a white background
model01375.mp4,a clean 3D architectural building model rotating on a white background
model01376.mp4,a clean 3D architectural building model rotating on a white background
model01377.mp4,a clean 3D architectural building model rotating on a white background
model01378.mp4,a clean 3D architectural building model rotating on a white background
model01379.mp4,a clean 3D architectural building model rotating on a white background
model01380.mp4,a clean 3D architectural building model rotating on a white background
model01382.mp4,a clean 3D architectural building model rotating on a white background
model01383.mp4,a clean 3D architectural building model rotating on a white background
model01384.mp4,a clean 3D architectural building model rotating on a white background
model01385.mp4,a clean 3D architectural building model rotating on a white background
model01386.mp4,a clean 3D architectural building model rotating on a white background
model01387.mp4,a clean 3D architectural building model rotating on a white background
model01388.mp4,a clean 3D architectural building model rotating on a white background
model01389.mp4,a clean 3D architectural building model rotating on a white background
model01390.mp4,a clean 3D architectural building model rotating on a white background
model01392.mp4,a clean 3D architectural building model rotating on a white background
model01394.mp4,a clean 3D architectural building model rotating on a white background
model01395.mp4,a clean 3D architectural building model rotating on a white background
model01396.mp4,a clean 3D architectural building model rotating on a white background
model01398.mp4,a clean 3D architectural building model rotating on a white background
model01399.mp4,a clean 3D architectural building model rotating on a white background
model01400.mp4,a clean 3D architectural building model rotating on a white background
model01401.mp4,a clean 3D architectural building model rotating on a white background
model01402.mp4,a clean 3D architectural building model rotating on a white background
model01403.mp4,a clean 3D architectural building model rotating on a white background
model01404.mp4,a clean 3D architectural building model rotating on a white background
model01406.mp4,a clean 3D architectural building model rotating on a white background
model01407.mp4,a clean 3D architectural building model rotating on a white background
model01408.mp4,a clean 3D architectural building model rotating on a white background
model01409.mp4,a clean 3D architectural building model rotating on a white background
model01410.mp4,a clean 3D architectural building model rotating on a white background
model01411.mp4,a clean 3D architectural building model rotating on a white background
model01412.mp4,a clean 3D architectural building model rotating on a white background
model01413.mp4,a clean 3D architectural building model rotating on a white background
model01417.mp4,a clean 3D architectural building model rotating on a white background
model01419.mp4,a clean 3D architectural building model rotating on a white background
model01420.mp4,a clean 3D architectural building model rotating on a white background
model01422.mp4,a clean 3D architectural building model rotating on a white background
model01424.mp4,a clean 3D architectural building model rotating on a white background
model01425.mp4,a clean 3D architectural building model rotating on a white background
model01426.mp4,a clean 3D architectural building model rotating on a white background
model01427.mp4,a clean 3D architectural building model rotating on a white background
model01429.mp4,a clean 3D architectural building model rotating on a white background
model01431.mp4,a clean 3D architectural building model rotating on a white background
model01432.mp4,a clean 3D architectural building model rotating on a white background
model01435.mp4,a clean 3D architectural building model rotating on a white background
model01437.mp4,a clean 3D architectural building model rotating on a white background
model01438.mp4,a clean 3D architectural building model rotating on a white background
model01440.mp4,a clean 3D architectural building model rotating on a white background
model01441.mp4,a clean 3D architectural building model rotating on a white background
model01442.mp4,a clean 3D architectural building model rotating on a white background
model01443.mp4,a clean 3D architectural building model rotating on a white background
model01444.mp4,a clean 3D architectural building model rotating on a white background
model01445.mp4,a clean 3D architectural building model rotating on a white background
model01446.mp4,a clean 3D architectural building model rotating on a white background
model01447.mp4,a clean 3D architectural building model rotating on a white background
model01448.mp4,a clean 3D architectural building model rotating on a white background
model01449.mp4,a clean 3D architectural building model rotating on a white background
model01451.mp4,a clean 3D architectural building model rotating on a white background
model01452.mp4,a clean 3D architectural building model rotating on a white background
model01453.mp4,a clean 3D architectural building model rotating on a white background
model01454.mp4,a clean 3D architectural building model rotating on a white background
model01455.mp4,a clean 3D architectural building model rotating on a white background
model01458.mp4,a clean 3D architectural building model rotating on a white background
model01459.mp4,a clean 3D architectural building model rotating on a white background
model01460.mp4,a clean 3D architectural building model rotating on a white background
model01461.mp4,a clean 3D architectural building model rotating on a white background
model01462.mp4,a clean 3D architectural building model rotating on a white background
model01463.mp4,a clean 3D architectural building model rotating on a white background
model01464.mp4,a clean 3D architectural building model rotating on a white background
model01466.mp4,a clean 3D architectural building model rotating on a white background
model01469.mp4,a clean 3D architectural building model rotating on a white background
model01470.mp4,a clean 3D architectural building model rotating on a white background
model01471.mp4,a clean 3D architectural building model rotating on a white background
model01472.mp4,a clean 3D architectural building model rotating on a white background
model01473.mp4,a clean 3D architectural building model rotating on a white background
model01475.mp4,a clean 3D architectural building model rotating on a white background
model01478.mp4,a clean 3D architectural building model rotating on a white background
model01479.mp4,a clean 3D architectural building model rotating on a white background
model01480.mp4,a clean 3D architectural building model rotating on a white background
model01481.mp4,a clean 3D architectural building model rotating on a white background
model01482.mp4,a clean 3D architectural building model rotating on a white background
model01483.mp4,a clean 3D architectural building model rotating on a white background
model01484.mp4,a clean 3D architectural building model rotating on a white background
model01485.mp4,a clean 3D architectural building model rotating on a white background
model01486.mp4,a clean 3D architectural building model rotating on a white background
model01487.mp4,a clean 3D architectural building model rotating on a white background
model01488.mp4,a clean 3D architectural building model rotating on a white background
model01489.mp4,a clean 3D architectural building model rotating on a white background
model01491.mp4,a clean 3D architectural building model rotating on a white background
model01492.mp4,a clean 3D architectural building model rotating on a white background
model01493.mp4,a clean 3D architectural building model rotating on a white background
model01494.mp4,a clean 3D architectural building model rotating on a white background
model01495.mp4,a clean 3D architectural building model rotating on a white background
model01496.mp4,a clean 3D architectural building model rotating on a white background
model01497.mp4,a clean 3D architectural building model rotating on a white background
model01498.mp4,a clean 3D architectural building model rotating on a white background
model01499.mp4,a clean 3D architectural building model rotating on a white background
model01500.mp4,a clean 3D architectural building model rotating on a white background
model01502.mp4,a clean 3D architectural building model rotating on a white background
model01503.mp4,a clean 3D architectural building model rotating on a white background
model01504.mp4,a clean 3D architectural building model rotating on a white background
model01506.mp4,a clean 3D architectural building model rotating on a white background
model01507.mp4,a clean 3D architectural building model rotating on a white background
model01508.mp4,a clean 3D architectural building model rotating on a white background
model01509.mp4,a clean 3D architectural building model rotating on a white background
model01510.mp4,a clean 3D architectural building model rotating on a white background
model01511.mp4,a clean 3D architectural building model rotating on a white background
model01513.mp4,a clean 3D architectural building model rotating on a white background
model01514.mp4,a clean 3D architectural building model rotating on a white background
model01515.mp4,a clean 3D architectural building model rotating on a white background
model01516.mp4,a clean 3D architectural building model rotating on a white background
model01517.mp4,a clean 3D architectural building model rotating on a white background
model01519.mp4,a clean 3D architectural building model rotating on a white background
model01520.mp4,a clean 3D architectural building model rotating on a white background
model01521.mp4,a clean 3D architectural building model rotating on a white background
model01523.mp4,a clean 3D architectural building model rotating on a white background
model01525.mp4,a clean 3D architectural building model rotating on a white background
model01526.mp4,a clean 3D architectural building model rotating on a white background
model01528.mp4,a clean 3D architectural building model rotating on a white background
model01530.mp4,a clean 3D architectural building model rotating on a white background
model01531.mp4,a clean 3D architectural building model rotating on a white background
model01532.mp4,a clean 3D architectural building model rotating on a white background
model01533.mp4,a clean 3D architectural building model rotating on a white background
model01534.mp4,a clean 3D architectural building model rotating on a white background
model01535.mp4,a clean 3D architectural building model rotating on a white background
model01536.mp4,a clean 3D architectural building model rotating on a white background
model01537.mp4,a clean 3D architectural building model rotating on a white background
model01538.mp4,a clean 3D architectural building model rotating on a white background
model01539.mp4,a clean 3D architectural building model rotating on a white background
model01541.mp4,a clean 3D architectural building model rotating on a white background
model01543.mp4,a clean 3D architectural building model rotating on a white background
model01544.mp4,a clean 3D architectural building model rotating on a white background
model01545.mp4,a clean 3D architectural building model rotating on a white background
model01546.mp4,a clean 3D architectural building model rotating on a white background
model01547.mp4,a clean 3D architectural building model rotating on a white background
model01548.mp4,a clean 3D architectural building model rotating on a white background
model01549.mp4,a clean 3D architectural building model rotating on a white background
model01550.mp4,a clean 3D architectural building model rotating on a white background
model01551.mp4,a clean 3D architectural building model rotating on a white background
model01553.mp4,a clean 3D architectural building model rotating on a white background
model01555.mp4,a clean 3D architectural building model rotating on a white background
model01556.mp4,a clean 3D architectural building model rotating on a white background
model01557.mp4,a clean 3D architectural building model rotating on a white background
model01558.mp4,a clean 3D architectural building model rotating on a white background
model01560.mp4,a clean 3D architectural building model rotating on a white background
model01561.mp4,a clean 3D architectural building model rotating on a white background
model01562.mp4,a clean 3D architectural building model rotating on a white background
model01563.mp4,a clean 3D architectural building model rotating on a white background
model01564.mp4,a clean 3D architectural building model rotating on a white background
model01565.mp4,a clean 3D architectural building model rotating on a white background
model01567.mp4,a clean 3D architectural building model rotating on a white background
model01568.mp4,a clean 3D architectural building model rotating on a white background
model01569.mp4,a clean 3D architectural building model rotating on a white background
model01570.mp4,a clean 3D architectural building model rotating on a white background
model01571.mp4,a clean 3D architectural building model rotating on a white background
model01572.mp4,a clean 3D architectural building model rotating on a white background
model01573.mp4,a clean 3D architectural building model rotating on a white background
model01574.mp4,a clean 3D architectural building model rotating on a white background
model01575.mp4,a clean 3D architectural building model rotating on a white background
model01576.mp4,a clean 3D architectural building model rotating on a white background
model01577.mp4,a clean 3D architectural building model rotating on a white background
model01578.mp4,a clean 3D architectural building model rotating on a white background
model01579.mp4,a clean 3D architectural building model rotating on a white background
model01581.mp4,a clean 3D architectural building model rotating on a white background
model01582.mp4,a clean 3D architectural building model rotating on a white background
model01584.mp4,a clean 3D architectural building model rotating on a white background
model01586.mp4,a clean 3D architectural building model rotating on a white background
model01587.mp4,a clean 3D architectural building model rotating on a white background
model01588.mp4,a clean 3D architectural building model rotating on a white background
model01589.mp4,a clean 3D architectural building model rotating on a white background
model01590.mp4,a clean 3D architectural building model rotating on a white background
model01591.mp4,a clean 3D architectural building model rotating on a white background
model01593.mp4,a clean 3D architectural building model rotating on a white background
model01594.mp4,a clean 3D architectural building model rotating on a white background
model01595.mp4,a clean 3D architectural building model rotating on a white background
model01596.mp4,a clean 3D architectural building model rotating on a white background
model01598.mp4,a clean 3D architectural building model rotating on a white background
model01599.mp4,a clean 3D architectural building model rotating on a white background
model01602.mp4,a clean 3D architectural building model rotating on a white background
model01603.mp4,a clean 3D architectural building model rotating on a white background
model01605.mp4,a clean 3D architectural building model rotating on a white background
model01606.mp4,a clean 3D architectural building model rotating on a white background
model01607.mp4,a clean 3D architectural building model rotating on a white background
model01609.mp4,a clean 3D architectural building model rotating on a white background
model01610.mp4,a clean 3D architectural building model rotating on a white background
model01611.mp4,a clean 3D architectural building model rotating on a white background
model01613.mp4,a clean 3D architectural building model rotating on a white background
model01614.mp4,a clean 3D architectural building model rotating on a white background
model01615.mp4,a clean 3D architectural building model rotating on a white background
model01616.mp4,a clean 3D architectural building model rotating on a white background
model01617.mp4,a clean 3D architectural building model rotating on a white background
model01618.mp4,a clean 3D architectural building model rotating on a white background
model01619.mp4,a clean 3D architectural building model rotating on a white background
model01621.mp4,a clean 3D architectural building model rotating on a white background
model01622.mp4,a clean 3D architectural building model rotating on a white background
model01623.mp4,a clean 3D architectural building model rotating on a white background
model01624.mp4,a clean 3D architectural building model rotating on a white background
model01625.mp4,a clean 3D architectural building model rotating on a white background
model01626.mp4,a clean 3D architectural building model rotating on a white background
model01627.mp4,a clean 3D architectural building model rotating on a white background
model01628.mp4,a clean 3D architectural building model rotating on a white background
model01631.mp4,a clean 3D architectural building model rotating on a white background
model01632.mp4,a clean 3D architectural building model rotating on a white background
model01633.mp4,a clean 3D architectural building model rotating on a white background
model01634.mp4,a clean 3D architectural building model rotating on a white background
model01635.mp4,a clean 3D architectural building model rotating on a white background
model01636.mp4,a clean 3D architectural building model rotating on a white background
model01637.mp4,a clean 3D architectural building model rotating on a white background
model01638.mp4,a clean 3D architectural building model rotating on a white background
model01639.mp4,a clean 3D architectural building model rotating on a white background
model01640.mp4,a clean 3D architectural building model rotating on a white background
model01642.mp4,a clean 3D architectural building model rotating on a white background
model01643.mp4,a clean 3D architectural building model rotating on a white background
model01644.mp4,a clean 3D architectural building model rotating on a white background
model01645.mp4,a clean 3D architectural building model rotating on a white background
model01647.mp4,a clean 3D architectural building model rotating on a white background
model01648.mp4,a clean 3D architectural building model rotating on a white background
model01649.mp4,a clean 3D architectural building model rotating on a white background
model01650.mp4,a clean 3D architectural building model rotating on a white background
model01651.mp4,a clean 3D architectural building model rotating on a white background
model01653.mp4,a clean 3D architectural building model rotating on a white background
model01654.mp4,a clean 3D architectural building model rotating on a white background
model01655.mp4,a clean 3D architectural building model rotating on a white background
model01656.mp4,a clean 3D architectural building model rotating on a white background
model01657.mp4,a clean 3D architectural building model rotating on a white background
model01658.mp4,a clean 3D architectural building model rotating on a white background
model01660.mp4,a clean 3D architectural building model rotating on a white background
model01661.mp4,a clean 3D architectural building model rotating on a white background
model01664.mp4,a clean 3D architectural building model rotating on a white background
model01665.mp4,a clean 3D architectural building model rotating on a white background
model01666.mp4,a clean 3D architectural building model rotating on a white background
model01667.mp4,a clean 3D architectural building model rotating on a white background
model01668.mp4,a clean 3D architectural building model rotating on a white background
model01669.mp4,a clean 3D architectural building model rotating on a white background
model01670.mp4,a clean 3D architectural building model rotating on a white background
model01672.mp4,a clean 3D architectural building model rotating on a white background
model01673.mp4,a clean 3D architectural building model rotating on a white background
model01674.mp4,a clean 3D architectural building model rotating on a white background
model01675.mp4,a clean 3D architectural building model rotating on a white background
model01677.mp4,a clean 3D architectural building model rotating on a white background
model01679.mp4,a clean 3D architectural building model rotating on a white background
model01680.mp4,a clean 3D architectural building model rotating on a white background
model01681.mp4,a clean 3D architectural building model rotating on a white background
model01682.mp4,a clean 3D architectural building model rotating on a white background
model01683.mp4,a clean 3D architectural building model rotating on a white background
model01684.mp4,a clean 3D architectural building model rotating on a white background
model01685.mp4,a clean 3D architectural building model rotating on a white background
model01686.mp4,a clean 3D architectural building model rotating on a white background
model01687.mp4,a clean 3D architectural building model rotating on a white background
model01688.mp4,a clean 3D architectural building model rotating on a white background
model01690.mp4,a clean 3D architectural building model rotating on a white background
model01691.mp4,a clean 3D architectural building model rotating on a white background
model01692.mp4,a clean 3D architectural building model rotating on a white background
model01694.mp4,a clean 3D architectural building model rotating on a white background
model01696.mp4,a clean 3D architectural building model rotating on a white background
model01698.mp4,a clean 3D architectural building model rotating on a white background
model01701.mp4,a clean 3D architectural building model rotating on a white background
model01702.mp4,a clean 3D architectural building model rotating on a white background
model01703.mp4,a clean 3D architectural building model rotating on a white background
model01704.mp4,a clean 3D architectural building model rotating on a white background
model01705.mp4,a clean 3D architectural building model rotating on a white background
model01707.mp4,a clean 3D architectural building model rotating on a white background
model01708.mp4,a clean 3D architectural building model rotating on a white background
model01709.mp4,a clean 3D architectural building model rotating on a white background
model01711.mp4,a clean 3D architectural building model rotating on a white background
model01712.mp4,a clean 3D architectural building model rotating on a white background
model01713.mp4,a clean 3D architectural building model rotating on a white background
model01715.mp4,a clean 3D architectural building model rotating on a white background
model01716.mp4,a clean 3D architectural building model rotating on a white background
model01717.mp4,a clean 3D architectural building model rotating on a white background
model01718.mp4,a clean 3D architectural building model rotating on a white background
model01719.mp4,a clean 3D architectural building model rotating on a white background
model01721.mp4,a clean 3D architectural building model rotating on a white background
model01722.mp4,a clean 3D architectural building model rotating on a white background
model01723.mp4,a clean 3D architectural building model rotating on a white background
model01724.mp4,a clean 3D architectural building model rotating on a white background
model01726.mp4,a clean 3D architectural building model rotating on a white background
model01727.mp4,a clean 3D architectural building model rotating on a white background
model01728.mp4,a clean 3D architectural building model rotating on a white background
model01729.mp4,a clean 3D architectural building model rotating on a white background
model01731.mp4,a clean 3D architectural building model rotating on a white background
model01732.mp4,a clean 3D architectural building model rotating on a white background
model01733.mp4,a clean 3D architectural building model rotating on a white background
model01734.mp4,a clean 3D architectural building model rotating on a white background
model01736.mp4,a clean 3D architectural building model rotating on a white background
model01740.mp4,a clean 3D architectural building model rotating on a white background
model01742.mp4,a clean 3D architectural building model rotating on a white background
model01743.mp4,a clean 3D architectural building model rotating on a white background
model01744.mp4,a clean 3D architectural building model rotating on a white background
model01746.mp4,a clean 3D architectural building model rotating on a white background
model01747.mp4,a clean 3D architectural building model rotating on a white background
model01748.mp4,a clean 3D architectural building model rotating on a white background
model01749.mp4,a clean 3D architectural building model rotating on a white background
model01750.mp4,a clean 3D architectural building model rotating on a white background
model01752.mp4,a clean 3D architectural building model rotating on a white background
model01753.mp4,a clean 3D architectural building model rotating on a white background
model01754.mp4,a clean 3D architectural building model rotating on a white background
model01755.mp4,a clean 3D architectural building model rotating on a white background
model01757.mp4,a clean 3D architectural building model rotating on a white background
model01758.mp4,a clean 3D architectural building model rotating on a white background
model01759.mp4,a clean 3D architectural building model rotating on a white background
model01760.mp4,a clean 3D architectural building model rotating on a white background
model01761.mp4,a clean 3D architectural building model rotating on a white background
model01763.mp4,a clean 3D architectural building model rotating on a white background
model01764.mp4,a clean 3D architectural building model rotating on a white background
model01765.mp4,a clean 3D architectural building model rotating on a white background
model01767.mp4,a clean 3D architectural building model rotating on a white background
model01768.mp4,a clean 3D architectural building model rotating on a white background
model01769.mp4,a clean 3D architectural building model rotating on a white background
model01770.mp4,a clean 3D architectural building model rotating on a white background
model01771.mp4,a clean 3D architectural building model rotating on a white background
model01772.mp4,a clean 3D architectural building model rotating on a white background
model01773.mp4,a clean 3D architectural building model rotating on a white background
model01774.mp4,a clean 3D architectural building model rotating on a white background
model01775.mp4,a clean 3D architectural building model rotating on a white background
model01778.mp4,a clean 3D architectural building model rotating on a white background
model01780.mp4,a clean 3D architectural building model rotating on a white background
model01781.mp4,a clean 3D architectural building model rotating on a white background
model01782.mp4,a clean 3D architectural building model rotating on a white background
model01783.mp4,a clean 3D architectural building model rotating on a white background
model01784.mp4,a clean 3D architectural building model rotating on a white background
model01785.mp4,a clean 3D architectural building model rotating on a white background
model01786.mp4,a clean 3D architectural building model rotating on a white background
model01788.mp4,a clean 3D architectural building model rotating on a white background
model01789.mp4,a clean 3D architectural building model rotating on a white background
model01790.mp4,a clean 3D architectural building model rotating on a white background
model01791.mp4,a clean 3D architectural building model rotating on a white background
model01793.mp4,a clean 3D architectural building model rotating on a white background
model01794.mp4,a clean 3D architectural building model rotating on a white background
model01796.mp4,a clean 3D architectural building model rotating on a white background
model01797.mp4,a clean 3D architectural building model rotating on a white background
model01798.mp4,a clean 3D architectural building model rotating on a white background
model01799.mp4,a clean 3D architectural building model rotating on a white background
model01800.mp4,a clean 3D architectural building model rotating on a white background
model01801.mp4,a clean 3D architectural building model rotating on a white background
model01803.mp4,a clean 3D architectural building model rotating on a white background
model01804.mp4,a clean 3D architectural building model rotating on a white background
model01805.mp4,a clean 3D architectural building model rotating on a white background
model01807.mp4,a clean 3D architectural building model rotating on a white background
model01808.mp4,a clean 3D architectural building model rotating on a white background
model01809.mp4,a clean 3D architectural building model rotating on a white background
model01813.mp4,a clean 3D architectural building model rotating on a white background
model01814.mp4,a clean 3D architectural building model rotating on a white background
model01815.mp4,a clean 3D architectural building model rotating on a white background
model01816.mp4,a clean 3D architectural building model rotating on a white background
model01817.mp4,a clean 3D architectural building model rotating on a white background
model01818.mp4,a clean 3D architectural building model rotating on a white background
model01819.mp4,a clean 3D architectural building model rotating on a white background
model01821.mp4,a clean 3D architectural building model rotating on a white background
model01822.mp4,a clean 3D architectural building model rotating on a white background
model01823.mp4,a clean 3D architectural building model rotating on a white background
model01824.mp4,a clean 3D architectural building model rotating on a white background
model01825.mp4,a clean 3D architectural building model rotating on a white background
model01826.mp4,a clean 3D architectural building model rotating on a white background
model01827.mp4,a clean 3D architectural building model rotating on a white background
model01830.mp4,a clean 3D architectural building model rotating on a white background
model01831.mp4,a clean 3D architectural building model rotating on a white background
model01832.mp4,a clean 3D architectural building model rotating on a white background
model01834.mp4,a clean 3D architectural building model rotating on a white background
model01835.mp4,a clean 3D architectural building model rotating on a white background
model01836.mp4,a clean 3D architectural building model rotating on a white background
model01837.mp4,a clean 3D architectural building model rotating on a white background
model01838.mp4,a clean 3D architectural building model rotating on a white background
model01839.mp4,a clean 3D architectural building model rotating on a white background
model01840.mp4,a clean 3D architectural building model rotating on a white background
model01841.mp4,a clean 3D architectural building model rotating on a white background
model01842.mp4,a clean 3D architectural building model rotating on a white background
model01844.mp4,a clean 3D architectural building model rotating on a white background
model01845.mp4,a clean 3D architectural building model rotating on a white background
model01846.mp4,a clean 3D architectural building model rotating on a white background
model01847.mp4,a clean 3D architectural building model rotating on a white background
model01848.mp4,a clean 3D architectural building model rotating on a white background
model01849.mp4,a clean 3D architectural building model rotating on a white background
model01851.mp4,a clean 3D architectural building model rotating on a white background
model01852.mp4,a clean 3D architectural building model rotating on a white background
model01853.mp4,a clean 3D architectural building model rotating on a white background
model01854.mp4,a clean 3D architectural building model rotating on a white background
model01855.mp4,a clean 3D architectural building model rotating on a white background
model01856.mp4,a clean 3D architectural building model rotating on a white background
model01859.mp4,a clean 3D architectural building model rotating on a white background
model01861.mp4,a clean 3D architectural building model rotating on a white background
model01863.mp4,a clean 3D architectural building model rotating on a white background
model01864.mp4,a clean 3D architectural building model rotating on a white background
model01865.mp4,a clean 3D architectural building model rotating on a white background
model01867.mp4,a clean 3D architectural building model rotating on a white background
model01868.mp4,a clean 3D architectural building model rotating on a white background
model01869.mp4,a clean 3D architectural building model rotating on a white background
model01870.mp4,a clean 3D architectural building model rotating on a white background
model01872.mp4,a clean 3D architectural building model rotating on a white background
model01873.mp4,a clean 3D architectural building model rotating on a white background
model01874.mp4,a clean 3D architectural building model rotating on a white background
model01875.mp4,a clean 3D architectural building model rotating on a white background
model01876.mp4,a clean 3D architectural building model rotating on a white background
model01877.mp4,a clean 3D architectural building model rotating on a white background
model01878.mp4,a clean 3D architectural building model rotating on a white background
model01879.mp4,a clean 3D architectural building model rotating on a white background
model01880.mp4,a clean 3D architectural building model rotating on a white background
model01881.mp4,a clean 3D architectural building model rotating on a white background
model01882.mp4,a clean 3D architectural building model rotating on a white background
model01883.mp4,a clean 3D architectural building model rotating on a white background
model01884.mp4,a clean 3D architectural building model rotating on a white background
model01886.mp4,a clean 3D architectural building model rotating on a white background
model01887.mp4,a clean 3D architectural building model rotating on a white background
model01889.mp4,a clean 3D architectural building model rotating on a white background
model01890.mp4,a clean 3D architectural building model rotating on a white background
model01891.mp4,a clean 3D architectural building model rotating on a white background
model01892.mp4,a clean 3D architectural building model rotating on a white background
model01893.mp4,a clean 3D architectural building model rotating on a white background
model01895.mp4,a clean 3D architectural building model rotating on a white background
model01896.mp4,a clean 3D architectural building model rotating on a white background
model01898.mp4,a clean 3D architectural building model rotating on a white background
model01899.mp4,a clean 3D architectural building model rotating on a white background
model01901.mp4,a clean 3D architectural building model rotating on a white background
model01902.mp4,a clean 3D architectural building model rotating on a white background
model01903.mp4,a clean 3D architectural building model rotating on a white background
model01904.mp4,a clean 3D architectural building model rotating on a white background
model01905.mp4,a clean 3D architectural building model rotating on a white background
model01907.mp4,a clean 3D architectural building model rotating on a white background
model01908.mp4,a clean 3D architectural building model rotating on a white background
model01909.mp4,a clean 3D architectural building model rotating on a white background
model01910.mp4,a clean 3D architectural building model rotating on a white background
model01911.mp4,a clean 3D architectural building model rotating on a white background
model01912.mp4,a clean 3D architectural building model rotating on a white background
model01913.mp4,a clean 3D architectural building model rotating on a white background
model01914.mp4,a clean 3D architectural building model rotating on a white background
model01915.mp4,a clean 3D architectural building model rotating on a white background
model01916.mp4,a clean 3D architectural building model rotating on a white background
model01917.mp4,a clean 3D architectural building model rotating on a white background
model01918.mp4,a clean 3D architectural building model rotating on a white background
model01920.mp4,a clean 3D architectural building model rotating on a white background
model01922.mp4,a clean 3D architectural building model rotating on a white background
model01923.mp4,a clean 3D architectural building model rotating on a white background
model01925.mp4,a clean 3D architectural building model rotating on a white background
model01927.mp4,a clean 3D architectural building model rotating on a white background
model01928.mp4,a clean 3D architectural building model rotating on a white background
model01929.mp4,a clean 3D architectural building model rotating on a white background
model01930.mp4,a clean 3D architectural building model rotating on a white background
model01934.mp4,a clean 3D architectural building model rotating on a white background
model01935.mp4,a clean 3D architectural building model rotating on a white background
model01936.mp4,a clean 3D architectural building model rotating on a white background
model01937.mp4,a clean 3D architectural building model rotating on a white background
model01939.mp4,a clean 3D architectural building model rotating on a white background
model01940.mp4,a clean 3D architectural building model rotating on a white background
model01941.mp4,a clean 3D architectural building model rotating on a white background
model01942.mp4,a clean 3D architectural building model rotating on a white background
model01943.mp4,a clean 3D architectural building model rotating on a white background
model01944.mp4,a clean 3D architectural building model rotating on a white background
model01945.mp4,a clean 3D architectural building model rotating on a white background
model01948.mp4,a clean 3D architectural building model rotating on a white background
model01949.mp4,a clean 3D architectural building model rotating on a white background
model01950.mp4,a clean 3D architectural building model rotating on a white background
model01952.mp4,a clean 3D architectural building model rotating on a white background
model01953.mp4,a clean 3D architectural building model rotating on a white background
model01954.mp4,a clean 3D architectural building model rotating on a white background
model01955.mp4,a clean 3D architectural building model rotating on a white background
model01956.mp4,a clean 3D architectural building model rotating on a white background
model01957.mp4,a clean 3D architectural building model rotating on a white background
model01958.mp4,a clean 3D architectural building model rotating on a white background
model01959.mp4,a clean 3D architectural building model rotating on a white background
model01960.mp4,a clean 3D architectural building model rotating on a white background
model01961.mp4,a clean 3D architectural building model rotating on a white background
model01963.mp4,a clean 3D architectural building model rotating on a white background
model01964.mp4,a clean 3D architectural building model rotating on a white background
model01965.mp4,a clean 3D architectural building model rotating on a white background
model01966.mp4,a clean 3D architectural building model rotating on a white background
model01967.mp4,a clean 3D architectural building model rotating on a white background
model01968.mp4,a clean 3D architectural building model rotating on a white background
model01969.mp4,a clean 3D architectural building model rotating on a white background
model01970.mp4,a clean 3D architectural building model rotating on a white background
model01971.mp4,a clean 3D architectural building model rotating on a white background
model01973.mp4,a clean 3D architectural building model rotating on a white background
model01974.mp4,a clean 3D architectural building model rotating on a white background
model01975.mp4,a clean 3D architectural building model rotating on a white background
model01976.mp4,a clean 3D architectural building model rotating on a white background
model01977.mp4,a clean 3D architectural building model rotating on a white background
model01978.mp4,a clean 3D architectural building model rotating on a white background
model01979.mp4,a clean 3D architectural building model rotating on a white background
model01981.mp4,a clean 3D architectural building model rotating on a white background
model01982.mp4,a clean 3D architectural building model rotating on a white background
model01985.mp4,a clean 3D architectural building model rotating on a white background
model01986.mp4,a clean 3D architectural building model rotating on a white background
model01987.mp4,a clean 3D architectural building model rotating on a white background
model01988.mp4,a clean 3D architectural building model rotating on a white background
model01989.mp4,a clean 3D architectural building model rotating on a white background
model01991.mp4,a clean 3D architectural building model rotating on a white background
model01992.mp4,a clean 3D architectural building model rotating on a white background
model01993.mp4,a clean 3D architectural building model rotating on a white background
model01994.mp4,a clean 3D architectural building model rotating on a white background
model01995.mp4,a clean 3D architectural building model rotating on a white background
model01996.mp4,a clean 3D architectural building model rotating on a white background
model01998.mp4,a clean 3D architectural building model rotating on a white background
model01999.mp4,a clean 3D architectural building model rotating on a white background
model02000.mp4,a clean 3D architectural building model rotating on a white background
model02001.mp4,a clean 3D architectural building model rotating on a white background
model02002.mp4,a clean 3D architectural building model rotating on a white background
model02003.mp4,a clean 3D architectural building model rotating on a white background
model02005.mp4,a clean 3D architectural building model rotating on a white background
model02006.mp4,a clean 3D architectural building model rotating on a white background
model02007.mp4,a clean 3D architectural building model rotating on a white background
model02008.mp4,a clean 3D architectural building model rotating on a white background
model02009.mp4,a clean 3D architectural building model rotating on a white background
model02010.mp4,a clean 3D architectural building model rotating on a white background
model02011.mp4,a clean 3D architectural building model rotating on a white background
model02012.mp4,a clean 3D architectural building model rotating on a white background
model02013.mp4,a clean 3D architectural building model rotating on a white background
model02014.mp4,a clean 3D architectural building model rotating on a white background
model02016.mp4,a clean 3D architectural building model rotating on a white background
model02018.mp4,a clean 3D architectural building model rotating on a white background
model02019.mp4,a clean 3D architectural building model rotating on a white background
model02021.mp4,a clean 3D architectural building model rotating on a white background
model02023.mp4,a clean 3D architectural building model rotating on a white background
model02024.mp4,a clean 3D architectural building model rotating on a white background
model02025.mp4,a clean 3D architectural building model rotating on a white background
model02026.mp4,a clean 3D architectural building model rotating on a white background
model02027.mp4,a clean 3D architectural building model rotating on a white background
model02028.mp4,a clean 3D architectural building model rotating on a white background
model02029.mp4,a clean 3D architectural building model rotating on a white background
model02030.mp4,a clean 3D architectural building model rotating on a white background
model02031.mp4,a clean 3D architectural building model rotating on a white background
model02033.mp4,a clean 3D architectural building model rotating on a white background
model02034.mp4,a clean 3D architectural building model rotating on a white background
model02036.mp4,a clean 3D architectural building model rotating on a white background
model02037.mp4,a clean 3D architectural building model rotating on a white background
model02038.mp4,a clean 3D architectural building model rotating on a white background
model02039.mp4,a clean 3D architectural building model rotating on a white background
model02040.mp4,a clean 3D architectural building model rotating on a white background
model02041.mp4,a clean 3D architectural building model rotating on a white background
model02042.mp4,a clean 3D architectural building model rotating on a white background
model02043.mp4,a clean 3D architectural building model rotating on a white background
model02044.mp4,a clean 3D architectural building model rotating on a white background
model02045.mp4,a clean 3D architectural building model rotating on a white background
model02046.mp4,a clean 3D architectural building model rotating on a white background
model02047.mp4,a clean 3D architectural building model rotating on a white background
model02048.mp4,a clean 3D architectural building model rotating on a white background
model02049.mp4,a clean 3D architectural building model rotating on a white background
model02050.mp4,a clean 3D architectural building model rotating on a white background
model02051.mp4,a clean 3D architectural building model rotating on a white background
model02053.mp4,a clean 3D architectural building model rotating on a white background
model02054.mp4,a clean 3D architectural building model rotating on a white background
model02055.mp4,a clean 3D architectural building model rotating on a white background
model02056.mp4,a clean 3D architectural building model rotating on a white background
model02057.mp4,a clean 3D architectural building model rotating on a white background
model02058.mp4,a clean 3D architectural building model rotating on a white background
model02060.mp4,a clean 3D architectural building model rotating on a white background
model02061.mp4,a clean 3D architectural building model rotating on a white background
model02062.mp4,a clean 3D architectural building model rotating on a white background
model02063.mp4,a clean 3D architectural building model rotating on a white background
model02065.mp4,a clean 3D architectural building model rotating on a white background
model02066.mp4,a clean 3D architectural building model rotating on a white background
model02068.mp4,a clean 3D architectural building model rotating on a white background
model02070.mp4,a clean 3D architectural building model rotating on a white background
model02071.mp4,a clean 3D architectural building model rotating on a white background
model02072.mp4,a clean 3D architectural building model rotating on a white background
model02074.mp4,a clean 3D architectural building model rotating on a white background
model02075.mp4,a clean 3D architectural building model rotating on a white background
model02077.mp4,a clean 3D architectural building model rotating on a white background
model02078.mp4,a clean 3D architectural building model rotating on a white background
model02080.mp4,a clean 3D architectural building model rotating on a white background
model02081.mp4,a clean 3D architectural building model rotating on a white background
model02082.mp4,a clean 3D architectural building model rotating on a white background
model02083.mp4,a clean 3D architectural building model rotating on a white background
model02084.mp4,a clean 3D architectural building model rotating on a white background
model02085.mp4,a clean 3D architectural building model rotating on a white background
model02087.mp4,a clean 3D architectural building model rotating on a white background
model02088.mp4,a clean 3D architectural building model rotating on a white background
model02089.mp4,a clean 3D architectural building model rotating on a white background
model02090.mp4,a clean 3D architectural building model rotating on a white background
model02092.mp4,a clean 3D architectural building model rotating on a white background
model02095.mp4,a clean 3D architectural building model rotating on a white background
model02096.mp4,a clean 3D architectural building model rotating on a white background
model02097.mp4,a clean 3D architectural building model rotating on a white background
model02100.mp4,a clean 3D architectural building model rotating on a white background
model02102.mp4,a clean 3D architectural building model rotating on a white background
model02103.mp4,a clean 3D architectural building model rotating on a white background
model02104.mp4,a clean 3D architectural building model rotating on a white background
model02105.mp4,a clean 3D architectural building model rotating on a white background
model02106.mp4,a clean 3D architectural building model rotating on a white background
model02109.mp4,a clean 3D architectural building model rotating on a white background
model02110.mp4,a clean 3D architectural building model rotating on a white background
model02111.mp4,a clean 3D architectural building model rotating on a white background
model02112.mp4,a clean 3D architectural building model rotating on a white background
model02113.mp4,a clean 3D architectural building model rotating on a white background
model02114.mp4,a clean 3D architectural building model rotating on a white background
model02115.mp4,a clean 3D architectural building model rotating on a white background
model02117.mp4,a clean 3D architectural building model rotating on a white background
model02119.mp4,a clean 3D architectural building model rotating on a white background
model02121.mp4,a clean 3D architectural building model rotating on a white background
model02122.mp4,a clean 3D architectural building model rotating on a white background
model02123.mp4,a clean 3D architectural building model rotating on a white background
model02125.mp4,a clean 3D architectural building model rotating on a white background
model02126.mp4,a clean 3D architectural building model rotating on a white background
model02127.mp4,a clean 3D architectural building model rotating on a white background
model02128.mp4,a clean 3D architectural building model rotating on a white background
model02129.mp4,a clean 3D architectural building model rotating on a white background
model02130.mp4,a clean 3D architectural building model rotating on a white background
model02131.mp4,a clean 3D architectural building model rotating on a white background
model02132.mp4,a clean 3D architectural building model rotating on a white background
model02133.mp4,a clean 3D architectural building model rotating on a white background
model02134.mp4,a clean 3D architectural building model rotating on a white background
model02135.mp4,a clean 3D architectural building model rotating on a white background
model02136.mp4,a clean 3D architectural building model rotating on a white background
model02137.mp4,a clean 3D architectural building model rotating on a white background
model02138.mp4,a clean 3D architectural building model rotating on a white background
model02139.mp4,a clean 3D architectural building model rotating on a white background
model02140.mp4,a clean 3D architectural building model rotating on a white background
model02141.mp4,a clean 3D architectural building model rotating on a white background
model02142.mp4,a clean 3D architectural building model rotating on a white background
model02143.mp4,a clean 3D architectural building model rotating on a white background
model02144.mp4,a clean 3D architectural building model rotating on a white background
model02146.mp4,a clean 3D architectural building model rotating on a white background
model02147.mp4,a clean 3D architectural building model rotating on a white background
model02149.mp4,a clean 3D architectural building model rotating on a white background
model02150.mp4,a clean 3D architectural building model rotating on a white background
model02152.mp4,a clean 3D architectural building model rotating on a white background
model02153.mp4,a clean 3D architectural building model rotating on a white background
model02154.mp4,a clean 3D architectural building model rotating on a white background
model02155.mp4,a clean 3D architectural building model rotating on a white background
model02156.mp4,a clean 3D architectural building model rotating on a white background
model02157.mp4,a clean 3D architectural building model rotating on a white background
model02158.mp4,a clean 3D architectural building model rotating on a white background
model02159.mp4,a clean 3D architectural building model rotating on a white background
model02160.mp4,a clean 3D architectural building model rotating on a white background
model02164.mp4,a clean 3D architectural building model rotating on a white background
model02165.mp4,a clean 3D architectural building model rotating on a white background
model02166.mp4,a clean 3D architectural building model rotating on a white background
model02167.mp4,a clean 3D architectural building model rotating on a white background
model02168.mp4,a clean 3D architectural building model rotating on a white background
model02169.mp4,a clean 3D architectural building model rotating on a white background
model02170.mp4,a clean 3D architectural building model rotating on a white background
model02171.mp4,a clean 3D architectural building model rotating on a white background
model02172.mp4,a clean 3D architectural building model rotating on a white background
model02173.mp4,a clean 3D architectural building model rotating on a white background
model02174.mp4,a clean 3D architectural building model rotating on a white background
model02175.mp4,a clean 3D architectural building model rotating on a white background
model02176.mp4,a clean 3D architectural building model rotating on a white background
model02177.mp4,a clean 3D architectural building model rotating on a white background
model02178.mp4,a clean 3D architectural building model rotating on a white background
model02180.mp4,a clean 3D architectural building model rotating on a white background
model02181.mp4,a clean 3D architectural building model rotating on a white background
model02182.mp4,a clean 3D architectural building model rotating on a white background
model02183.mp4,a clean 3D architectural building model rotating on a white background
model02185.mp4,a clean 3D architectural building model rotating on a white background
model02187.mp4,a clean 3D architectural building model rotating on a white background
model02188.mp4,a clean 3D architectural building model rotating on a white background
model02189.mp4,a clean 3D architectural building model rotating on a white background
model02191.mp4,a clean 3D architectural building model rotating on a white background
model02192.mp4,a clean 3D architectural building model rotating on a white background
model02193.mp4,a clean 3D architectural building model rotating on a white background
model02194.mp4,a clean 3D architectural building model rotating on a white background
model02196.mp4,a clean 3D architectural building model rotating on a white background
model02197.mp4,a clean 3D architectural building model rotating on a white background
model02198.mp4,a clean 3D architectural building model rotating on a white background
model02199.mp4,a clean 3D architectural building model rotating on a white background
model02202.mp4,a clean 3D architectural building model rotating on a white background
model02204.mp4,a clean 3D architectural building model rotating on a white background
model02205.mp4,a clean 3D architectural building model rotating on a white background
model02206.mp4,a clean 3D architectural building model rotating on a white background
model02207.mp4,a clean 3D architectural building model rotating on a white background
model02210.mp4,a clean 3D architectural building model rotating on a white background
model02212.mp4,a clean 3D architectural building model rotating on a white background
model02213.mp4,a clean 3D architectural building model rotating on a white background
model02214.mp4,a clean 3D architectural building model rotating on a white background
model02215.mp4,a clean 3D architectural building model rotating on a white background
model02216.mp4,a clean 3D architectural building model rotating on a white background
model02217.mp4,a clean 3D architectural building model rotating on a white background
model02218.mp4,a clean 3D architectural building model rotating on a white background
model02219.mp4,a clean 3D architectural building model rotating on a white background
model02220.mp4,a clean 3D architectural building model rotating on a white background
model02222.mp4,a clean 3D architectural building model rotating on a white background
model02223.mp4,a clean 3D architectural building model rotating on a white background
model02224.mp4,a clean 3D architectural building model rotating on a white background
model02225.mp4,a clean 3D architectural building model rotating on a white background
model02226.mp4,a clean 3D architectural building model rotating on a white background
model02228.mp4,a clean 3D architectural building model rotating on a white background
model02229.mp4,a clean 3D architectural building model rotating on a white background
model02230.mp4,a clean 3D architectural building model rotating on a white background
model02232.mp4,a clean 3D architectural building model rotating on a white background
model02233.mp4,a clean 3D architectural building model rotating on a white background
model02234.mp4,a clean 3D architectural building model rotating on a white background
model02235.mp4,a clean 3D architectural building model rotating on a white background
model02236.mp4,a clean 3D architectural building model rotating on a white background
model02237.mp4,a clean 3D architectural building model rotating on a white background
model02240.mp4,a clean 3D architectural building model rotating on a white background
model02241.mp4,a clean 3D architectural building model rotating on a white background
model02242.mp4,a clean 3D architectural building model rotating on a white background
model02243.mp4,a clean 3D architectural building model rotating on a white background
model02244.mp4,a clean 3D architectural building model rotating on a white background
model02245.mp4,a clean 3D architectural building model rotating on a white background
model02246.mp4,a clean 3D architectural building model rotating on a white background
model02247.mp4,a clean 3D architectural building model rotating on a white background
model02248.mp4,a clean 3D architectural building model rotating on a white background
model02249.mp4,a clean 3D architectural building model rotating on a white background
model02250.mp4,a clean 3D architectural building model rotating on a white background
model02251.mp4,a clean 3D architectural building model rotating on a white background
model02252.mp4,a clean 3D architectural building model rotating on a white background
model02253.mp4,a clean 3D architectural building model rotating on a white background
model02254.mp4,a clean 3D architectural building model rotating on a white background
model02255.mp4,a clean 3D architectural building model rotating on a white background
model02256.mp4,a clean 3D architectural building model rotating on a white background
model02257.mp4,a clean 3D architectural building model rotating on a white background
model02258.mp4,a clean 3D architectural building model rotating on a white background
model02259.mp4,a clean 3D architectural building model rotating on a white background
model02260.mp4,a clean 3D architectural building model rotating on a white background
model02261.mp4,a clean 3D architectural building model rotating on a white background
model02263.mp4,a clean 3D architectural building model rotating on a white background
model02264.mp4,a clean 3D architectural building model rotating on a white background
model02265.mp4,a clean 3D architectural building model rotating on a white background
model02266.mp4,a clean 3D architectural building model rotating on a white background
model02267.mp4,a clean 3D architectural building model rotating on a white background
model02268.mp4,a clean 3D architectural building model rotating on a white background
model02269.mp4,a clean 3D architectural building model rotating on a white background
model02270.mp4,a clean 3D architectural building model rotating on a white background
model02271.mp4,a clean 3D architectural building model rotating on a white background
model02272.mp4,a clean 3D architectural building model rotating on a white background
model02273.mp4,a clean 3D architectural building model rotating on a white background
model02274.mp4,a clean 3D architectural building model rotating on a white background
model02275.mp4,a clean 3D architectural building model rotating on a white background
model02276.mp4,a clean 3D architectural building model rotating on a white background
model02277.mp4,a clean 3D architectural building model rotating on a white background
model02278.mp4,a clean 3D architectural building model rotating on a white background
model02279.mp4,a clean 3D architectural building model rotating on a white background
model02280.mp4,a clean 3D architectural building model rotating on a white background
model02281.mp4,a clean 3D architectural building model rotating on a white background
model02282.mp4,a clean 3D architectural building model rotating on a white background
model02283.mp4,a clean 3D architectural building model rotating on a white background
model02284.mp4,a clean 3D architectural building model rotating on a white background
model02285.mp4,a clean 3D architectural building model rotating on a white background
model02286.mp4,a clean 3D architectural building model rotating on a white background
model02287.mp4,a clean 3D architectural building model rotating on a white background
model02288.mp4,a clean 3D architectural building model rotating on a white background
model02289.mp4,a clean 3D architectural building model rotating on a white background
model02290.mp4,a clean 3D architectural building model rotating on a white background
model02291.mp4,a clean 3D architectural building model rotating on a white background
model02292.mp4,a clean 3D architectural building model rotating on a white background
model02293.mp4,a clean 3D architectural building model rotating on a white background
model02294.mp4,a clean 3D architectural building model rotating on a white background
model02295.mp4,a clean 3D architectural building model rotating on a white background
model02297.mp4,a clean 3D architectural building model rotating on a white background
model02298.mp4,a clean 3D architectural building model rotating on a white background
model02300.mp4,a clean 3D architectural building model rotating on a white background
model02301.mp4,a clean 3D architectural building model rotating on a white background
model02303.mp4,a clean 3D architectural building model rotating on a white background
model02304.mp4,a clean 3D architectural building model rotating on a white background
model02305.mp4,a clean 3D architectural building model rotating on a white background
model02306.mp4,a clean 3D architectural building model rotating on a white background
model02307.mp4,a clean 3D architectural building model rotating on a white background
model02308.mp4,a clean 3D architectural building model rotating on a white background
model02309.mp4,a clean 3D architectural building model rotating on a white background
model02310.mp4,a clean 3D architectural building model rotating on a white background
model02311.mp4,a clean 3D architectural building model rotating on a white background
model02312.mp4,a clean 3D architectural building model rotating on a white background
model02313.mp4,a clean 3D architectural building model rotating on a white background
model02314.mp4,a clean 3D architectural building model rotating on a white background
model02315.mp4,a clean 3D architectural building model rotating on a white background
model02316.mp4,a clean 3D architectural building model rotating on a white background
model02317.mp4,a clean 3D architectural building model rotating on a white background
model02318.mp4,a clean 3D architectural building model rotating on a white background
model02319.mp4,a clean 3D architectural building model rotating on a white background
model02320.mp4,a clean 3D architectural building model rotating on a white background
model02321.mp4,a clean 3D architectural building model rotating on a white background
model02323.mp4,a clean 3D architectural building model rotating on a white background
model02324.mp4,a clean 3D architectural building model rotating on a white background
model02325.mp4,a clean 3D architectural building model rotating on a white background
model02326.mp4,a clean 3D architectural building model rotating on a white background
model02327.mp4,a clean 3D architectural building model rotating on a white background
model02329.mp4,a clean 3D architectural building model rotating on a white background
model02330.mp4,a clean 3D architectural building model rotating on a white background
model02331.mp4,a clean 3D architectural building model rotating on a white background
model02334.mp4,a clean 3D architectural building model rotating on a white background
model02335.mp4,a clean 3D architectural building model rotating on a white background
model02336.mp4,a clean 3D architectural building model rotating on a white background
model02338.mp4,a clean 3D architectural building model rotating on a white background
model02339.mp4,a clean 3D architectural building model rotating on a white background
model02340.mp4,a clean 3D architectural building model rotating on a white background
model02342.mp4,a clean 3D architectural building model rotating on a white background
model02343.mp4,a clean 3D architectural building model rotating on a white background
model02344.mp4,a clean 3D architectural building model rotating on a white background
model02345.mp4,a clean 3D architectural building model rotating on a white background
model02346.mp4,a clean 3D architectural building model rotating on a white background
model02347.mp4,a clean 3D architectural building model rotating on a white background
model02348.mp4,a clean 3D architectural building model rotating on a white background
model02350.mp4,a clean 3D architectural building model rotating on a white background
model02352.mp4,a clean 3D architectural building model rotating on a white background
model02354.mp4,a clean 3D architectural building model rotating on a white background
model02355.mp4,a clean 3D architectural building model rotating on a white background
model02356.mp4,a clean 3D architectural building model rotating on a white background
model02357.mp4,a clean 3D architectural building model rotating on a white background
model02358.mp4,a clean 3D architectural building model rotating on a white background
model02359.mp4,a clean 3D architectural building model rotating on a white background
model02360.mp4,a clean 3D architectural building model rotating on a white background
model02361.mp4,a clean 3D architectural building model rotating on a white background
model02362.mp4,a clean 3D architectural building model rotating on a white background
model02363.mp4,a clean 3D architectural building model rotating on a white background
model02364.mp4,a clean 3D architectural building model rotating on a white background
model02365.mp4,a clean 3D architectural building model rotating on a white background
model02366.mp4,a clean 3D architectural building model rotating on a white background
model02367.mp4,a clean 3D architectural building model rotating on a white background
model02368.mp4,a clean 3D architectural building model rotating on a white background
model02369.mp4,a clean 3D architectural building model rotating on a white background
model02370.mp4,a clean 3D architectural building model rotating on a white background
model02371.mp4,a clean 3D architectural building model rotating on a white background
model02372.mp4,a clean 3D architectural building model rotating on a white background
model02373.mp4,a clean 3D architectural building model rotating on a white background
model02375.mp4,a clean 3D architectural building model rotating on a white background
model02376.mp4,a clean 3D architectural building model rotating on a white background
model02378.mp4,a clean 3D architectural building model rotating on a white background
model02379.mp4,a clean 3D architectural building model rotating on a white background
model02380.mp4,a clean 3D architectural building model rotating on a white background
model02382.mp4,a clean 3D architectural building model rotating on a white background
model02383.mp4,a clean 3D architectural building model rotating on a white background
model02386.mp4,a clean 3D architectural building model rotating on a white background
model02387.mp4,a clean 3D architectural building model rotating on a white background
model02388.mp4,a clean 3D architectural building model rotating on a white background
model02389.mp4,a clean 3D architectural building model rotating on a white background
